run_name,family,supervision,n_orb,num_layers,geometry,seed,length,sequence,contact_run,huber_t
blind_dos_L2_geom_s1179027592,blind,dos,,2,1,1179027592,12,ACTTGACAGTCA,run1,1.855356
blind_dos_L2_geom_s1179027592,blind,dos,,2,1,1179027592,12,ACTTGACAGTCA,run2,2.068089
blind_dos_L2_geom_s1179027592,blind,dos,,2,1,1179027592,12,ACTTGACAGTCA,run3,1.436703
blind_dos_L2_geom_s1179027592,blind,dos,,2,1,1179027592,12,ACTTGACAGTCA,run4,1.740133
blind_dos_L2_geom_s1179027592,blind,dos,,2,1,1179027592,12,ATATATATATAT,run1,1.570949
blind_dos_L2_geom_s1179027592,blind,dos,,2,1,1179027592,12,ATATATATATAT,run2,1.776771
blind_dos_L2_geom_s1179027592,blind,dos,,2,1,1179027592,12,ATATATATATAT,run3,1.390665
blind_dos_L2_geom_s1179027592,blind,dos,,2,1,1179027592,12,ATATATATATAT,run4,1.557369
blind_dos_L2_geom_s1179027592,blind,dos,,2,1,1179027592,12,GGGGGGGGGGGG,run1,2.053968
blind_dos_L2_geom_s1179027592,blind,dos,,2,1,1179027592,12,GGGGGGGGGGGG,run2,1.792795
blind_dos_L2_geom_s1179027592,blind,dos,,2,1,1179027592,12,GGGGGGGGGGGG,run3,1.935018
blind_dos_L2_geom_s1179027592,blind,dos,,2,1,1179027592,12,GGGGGGGGGGGG,run4,1.791925
blind_dos_L2_geom_s1179027592,blind,dos,,2,1,1179027592,12,GTCAGGATCTGA,run1,2.311735
blind_dos_L2_geom_s1179027592,blind,dos,,2,1,1179027592,12,GTCAGGATCTGA,run2,2.587055
blind_dos_L2_geom_s1179027592,blind,dos,,2,1,1179027592,12,GTCAGGATCTGA,run3,2.021764
blind_dos_L2_geom_s1179027592,blind,dos,,2,1,1179027592,12,GTCAGGATCTGA,run4,2.356466
blind_dos_L2_geom_s1179027592,blind,dos,,2,1,1179027592,16,GGATAGGCTTAGAATT,run1,2.898968
blind_dos_L2_geom_s1179027592,blind,dos,,2,1,1179027592,16,GGATAGGCTTAGAATT,run2,3.140547
blind_dos_L2_geom_s1179027592,blind,dos,,2,1,1179027592,16,GGATAGGCTTAGAATT,run3,3.130931
blind_dos_L2_geom_s1179027592,blind,dos,,2,1,1179027592,16,GGATAGGCTTAGAATT,run4,3.394179
blind_dos_L2_geom_s1179027592,blind,dos,,2,1,1179027592,16,GGGGGGGGGGGGGGGG,run1,2.516653
blind_dos_L2_geom_s1179027592,blind,dos,,2,1,1179027592,16,GGGGGGGGGGGGGGGG,run2,2.193554
blind_dos_L2_geom_s1179027592,blind,dos,,2,1,1179027592,16,GGGGGGGGGGGGGGGG,run3,2.486327
blind_dos_L2_geom_s1179027592,blind,dos,,2,1,1179027592,16,GGGGGGGGGGGGGGGG,run4,2.031952
blind_dos_L2_geom_s1179027592,blind,dos,,2,1,1179027592,16,GTCAGGATCTGACAGT,run1,2.978604
blind_dos_L2_geom_s1179027592,blind,dos,,2,1,1179027592,16,GTCAGGATCTGACAGT,run2,2.947295
blind_dos_L2_geom_s1179027592,blind,dos,,2,1,1179027592,16,GTCAGGATCTGACAGT,run3,2.776198
blind_dos_L2_geom_s1179027592,blind,dos,,2,1,1179027592,16,GTCAGGATCTGACAGT,run4,3.134458
blind_dos_L2_geom_s1179027592,blind,dos,,2,1,1179027592,16,TCAGTGCTAAGTCATG,run1,2.921152
blind_dos_L2_geom_s1179027592,blind,dos,,2,1,1179027592,16,TCAGTGCTAAGTCATG,run2,3.019914
blind_dos_L2_geom_s1179027592,blind,dos,,2,1,1179027592,16,TCAGTGCTAAGTCATG,run3,3.118133
blind_dos_L2_geom_s1179027592,blind,dos,,2,1,1179027592,16,TCAGTGCTAAGTCATG,run4,3.114045
blind_dos_L2_geom_s2129768291,blind,dos,,2,1,2129768291,12,ACTTGACAGTCA,run1,2.203064
blind_dos_L2_geom_s2129768291,blind,dos,,2,1,2129768291,12,ACTTGACAGTCA,run2,2.458625
blind_dos_L2_geom_s2129768291,blind,dos,,2,1,2129768291,12,ACTTGACAGTCA,run3,1.830380
blind_dos_L2_geom_s2129768291,blind,dos,,2,1,2129768291,12,ACTTGACAGTCA,run4,2.096789
blind_dos_L2_geom_s2129768291,blind,dos,,2,1,2129768291,12,ATATATATATAT,run1,1.980001
blind_dos_L2_geom_s2129768291,blind,dos,,2,1,2129768291,12,ATATATATATAT,run2,2.182266
blind_dos_L2_geom_s2129768291,blind,dos,,2,1,2129768291,12,ATATATATATAT,run3,1.692483
blind_dos_L2_geom_s2129768291,blind,dos,,2,1,2129768291,12,ATATATATATAT,run4,1.840523
blind_dos_L2_geom_s2129768291,blind,dos,,2,1,2129768291,12,GGGGGGGGGGGG,run1,2.145145
blind_dos_L2_geom_s2129768291,blind,dos,,2,1,2129768291,12,GGGGGGGGGGGG,run2,2.132010
blind_dos_L2_geom_s2129768291,blind,dos,,2,1,2129768291,12,GGGGGGGGGGGG,run3,1.952236
blind_dos_L2_geom_s2129768291,blind,dos,,2,1,2129768291,12,GGGGGGGGGGGG,run4,1.991775
blind_dos_L2_geom_s2129768291,blind,dos,,2,1,2129768291,12,GTCAGGATCTGA,run1,2.440101
blind_dos_L2_geom_s2129768291,blind,dos,,2,1,2129768291,12,GTCAGGATCTGA,run2,2.619173
blind_dos_L2_geom_s2129768291,blind,dos,,2,1,2129768291,12,GTCAGGATCTGA,run3,2.011031
blind_dos_L2_geom_s2129768291,blind,dos,,2,1,2129768291,12,GTCAGGATCTGA,run4,2.309409
blind_dos_L2_geom_s2129768291,blind,dos,,2,1,2129768291,16,GGATAGGCTTAGAATT,run1,3.188952
blind_dos_L2_geom_s2129768291,blind,dos,,2,1,2129768291,16,GGATAGGCTTAGAATT,run2,3.299135
blind_dos_L2_geom_s2129768291,blind,dos,,2,1,2129768291,16,GGATAGGCTTAGAATT,run3,3.369778
blind_dos_L2_geom_s2129768291,blind,dos,,2,1,2129768291,16,GGATAGGCTTAGAATT,run4,3.518720
blind_dos_L2_geom_s2129768291,blind,dos,,2,1,2129768291,16,GGGGGGGGGGGGGGGG,run1,3.129673
blind_dos_L2_geom_s2129768291,blind,dos,,2,1,2129768291,16,GGGGGGGGGGGGGGGG,run2,2.837089
blind_dos_L2_geom_s2129768291,blind,dos,,2,1,2129768291,16,GGGGGGGGGGGGGGGG,run3,3.045294
blind_dos_L2_geom_s2129768291,blind,dos,,2,1,2129768291,16,GGGGGGGGGGGGGGGG,run4,2.566921
blind_dos_L2_geom_s2129768291,blind,dos,,2,1,2129768291,16,GTCAGGATCTGACAGT,run1,3.185526
blind_dos_L2_geom_s2129768291,blind,dos,,2,1,2129768291,16,GTCAGGATCTGACAGT,run2,3.194546
blind_dos_L2_geom_s2129768291,blind,dos,,2,1,2129768291,16,GTCAGGATCTGACAGT,run3,2.932184
blind_dos_L2_geom_s2129768291,blind,dos,,2,1,2129768291,16,GTCAGGATCTGACAGT,run4,3.298305
blind_dos_L2_geom_s2129768291,blind,dos,,2,1,2129768291,16,TCAGTGCTAAGTCATG,run1,3.180360
blind_dos_L2_geom_s2129768291,blind,dos,,2,1,2129768291,16,TCAGTGCTAAGTCATG,run2,3.277248
blind_dos_L2_geom_s2129768291,blind,dos,,2,1,2129768291,16,TCAGTGCTAAGTCATG,run3,3.423738
blind_dos_L2_geom_s2129768291,blind,dos,,2,1,2129768291,16,TCAGTGCTAAGTCATG,run4,3.368351
blind_dos_L2_geom_s3731635825,blind,dos,,2,1,3731635825,12,ACTTGACAGTCA,run1,2.281915
blind_dos_L2_geom_s3731635825,blind,dos,,2,1,3731635825,12,ACTTGACAGTCA,run2,2.413503
blind_dos_L2_geom_s3731635825,blind,dos,,2,1,3731635825,12,ACTTGACAGTCA,run3,1.918780
blind_dos_L2_geom_s3731635825,blind,dos,,2,1,3731635825,12,ACTTGACAGTCA,run4,2.102632
blind_dos_L2_geom_s3731635825,blind,dos,,2,1,3731635825,12,ATATATATATAT,run1,2.196627
blind_dos_L2_geom_s3731635825,blind,dos,,2,1,3731635825,12,ATATATATATAT,run2,2.507095
blind_dos_L2_geom_s3731635825,blind,dos,,2,1,3731635825,12,ATATATATATAT,run3,1.965434
blind_dos_L2_geom_s3731635825,blind,dos,,2,1,3731635825,12,ATATATATATAT,run4,2.245101
blind_dos_L2_geom_s3731635825,blind,dos,,2,1,3731635825,12,GGGGGGGGGGGG,run1,2.235107
blind_dos_L2_geom_s3731635825,blind,dos,,2,1,3731635825,12,GGGGGGGGGGGG,run2,2.200847
blind_dos_L2_geom_s3731635825,blind,dos,,2,1,3731635825,12,GGGGGGGGGGGG,run3,2.025796
blind_dos_L2_geom_s3731635825,blind,dos,,2,1,3731635825,12,GGGGGGGGGGGG,run4,2.061342
blind_dos_L2_geom_s3731635825,blind,dos,,2,1,3731635825,12,GTCAGGATCTGA,run1,2.142205
blind_dos_L2_geom_s3731635825,blind,dos,,2,1,3731635825,12,GTCAGGATCTGA,run2,2.448001
blind_dos_L2_geom_s3731635825,blind,dos,,2,1,3731635825,12,GTCAGGATCTGA,run3,1.838127
blind_dos_L2_geom_s3731635825,blind,dos,,2,1,3731635825,12,GTCAGGATCTGA,run4,2.148865
blind_dos_L2_geom_s3731635825,blind,dos,,2,1,3731635825,16,GGATAGGCTTAGAATT,run1,3.447948
blind_dos_L2_geom_s3731635825,blind,dos,,2,1,3731635825,16,GGATAGGCTTAGAATT,run2,3.605106
blind_dos_L2_geom_s3731635825,blind,dos,,2,1,3731635825,16,GGATAGGCTTAGAATT,run3,3.616310
blind_dos_L2_geom_s3731635825,blind,dos,,2,1,3731635825,16,GGATAGGCTTAGAATT,run4,3.798897
blind_dos_L2_geom_s3731635825,blind,dos,,2,1,3731635825,16,GGGGGGGGGGGGGGGG,run1,3.308901
blind_dos_L2_geom_s3731635825,blind,dos,,2,1,3731635825,16,GGGGGGGGGGGGGGGG,run2,3.000370
blind_dos_L2_geom_s3731635825,blind,dos,,2,1,3731635825,16,GGGGGGGGGGGGGGGG,run3,3.270629
blind_dos_L2_geom_s3731635825,blind,dos,,2,1,3731635825,16,GGGGGGGGGGGGGGGG,run4,2.743376
blind_dos_L2_geom_s3731635825,blind,dos,,2,1,3731635825,16,GTCAGGATCTGACAGT,run1,3.116053
blind_dos_L2_geom_s3731635825,blind,dos,,2,1,3731635825,16,GTCAGGATCTGACAGT,run2,3.164245
blind_dos_L2_geom_s3731635825,blind,dos,,2,1,3731635825,16,GTCAGGATCTGACAGT,run3,2.839031
blind_dos_L2_geom_s3731635825,blind,dos,,2,1,3731635825,16,GTCAGGATCTGACAGT,run4,3.271432
blind_dos_L2_geom_s3731635825,blind,dos,,2,1,3731635825,16,TCAGTGCTAAGTCATG,run1,3.238620
blind_dos_L2_geom_s3731635825,blind,dos,,2,1,3731635825,16,TCAGTGCTAAGTCATG,run2,3.238364
blind_dos_L2_geom_s3731635825,blind,dos,,2,1,3731635825,16,TCAGTGCTAAGTCATG,run3,3.462699
blind_dos_L2_geom_s3731635825,blind,dos,,2,1,3731635825,16,TCAGTGCTAAGTCATG,run4,3.329999
blind_dos_L2_nogeom_s1179027592,blind,dos,,2,0,1179027592,12,ACTTGACAGTCA,run1,2.369053
blind_dos_L2_nogeom_s1179027592,blind,dos,,2,0,1179027592,12,ACTTGACAGTCA,run2,2.543056
blind_dos_L2_nogeom_s1179027592,blind,dos,,2,0,1179027592,12,ACTTGACAGTCA,run3,1.966483
blind_dos_L2_nogeom_s1179027592,blind,dos,,2,0,1179027592,12,ACTTGACAGTCA,run4,2.188947
blind_dos_L2_nogeom_s1179027592,blind,dos,,2,0,1179027592,12,ATATATATATAT,run1,2.053792
blind_dos_L2_nogeom_s1179027592,blind,dos,,2,0,1179027592,12,ATATATATATAT,run2,2.245346
blind_dos_L2_nogeom_s1179027592,blind,dos,,2,0,1179027592,12,ATATATATATAT,run3,1.809963
blind_dos_L2_nogeom_s1179027592,blind,dos,,2,0,1179027592,12,ATATATATATAT,run4,1.940472
blind_dos_L2_nogeom_s1179027592,blind,dos,,2,0,1179027592,12,GGGGGGGGGGGG,run1,2.215065
blind_dos_L2_nogeom_s1179027592,blind,dos,,2,0,1179027592,12,GGGGGGGGGGGG,run2,2.462622
blind_dos_L2_nogeom_s1179027592,blind,dos,,2,0,1179027592,12,GGGGGGGGGGGG,run3,1.956099
blind_dos_L2_nogeom_s1179027592,blind,dos,,2,0,1179027592,12,GGGGGGGGGGGG,run4,2.242278
blind_dos_L2_nogeom_s1179027592,blind,dos,,2,0,1179027592,12,GTCAGGATCTGA,run1,2.709417
blind_dos_L2_nogeom_s1179027592,blind,dos,,2,0,1179027592,12,GTCAGGATCTGA,run2,2.919098
blind_dos_L2_nogeom_s1179027592,blind,dos,,2,0,1179027592,12,GTCAGGATCTGA,run3,2.353953
blind_dos_L2_nogeom_s1179027592,blind,dos,,2,0,1179027592,12,GTCAGGATCTGA,run4,2.599605
blind_dos_L2_nogeom_s1179027592,blind,dos,,2,0,1179027592,16,GGATAGGCTTAGAATT,run1,3.550546
blind_dos_L2_nogeom_s1179027592,blind,dos,,2,0,1179027592,16,GGATAGGCTTAGAATT,run2,3.710627
blind_dos_L2_nogeom_s1179027592,blind,dos,,2,0,1179027592,16,GGATAGGCTTAGAATT,run3,3.805247
blind_dos_L2_nogeom_s1179027592,blind,dos,,2,0,1179027592,16,GGATAGGCTTAGAATT,run4,3.963405
blind_dos_L2_nogeom_s1179027592,blind,dos,,2,0,1179027592,16,GGGGGGGGGGGGGGGG,run1,3.485004
blind_dos_L2_nogeom_s1179027592,blind,dos,,2,0,1179027592,16,GGGGGGGGGGGGGGGG,run2,3.366599
blind_dos_L2_nogeom_s1179027592,blind,dos,,2,0,1179027592,16,GGGGGGGGGGGGGGGG,run3,3.461897
blind_dos_L2_nogeom_s1179027592,blind,dos,,2,0,1179027592,16,GGGGGGGGGGGGGGGG,run4,3.084526
blind_dos_L2_nogeom_s1179027592,blind,dos,,2,0,1179027592,16,GTCAGGATCTGACAGT,run1,3.681370
blind_dos_L2_nogeom_s1179027592,blind,dos,,2,0,1179027592,16,GTCAGGATCTGACAGT,run2,3.663112
blind_dos_L2_nogeom_s1179027592,blind,dos,,2,0,1179027592,16,GTCAGGATCTGACAGT,run3,3.375468
blind_dos_L2_nogeom_s1179027592,blind,dos,,2,0,1179027592,16,GTCAGGATCTGACAGT,run4,3.763813
blind_dos_L2_nogeom_s1179027592,blind,dos,,2,0,1179027592,16,TCAGTGCTAAGTCATG,run1,3.502094
blind_dos_L2_nogeom_s1179027592,blind,dos,,2,0,1179027592,16,TCAGTGCTAAGTCATG,run2,3.524502
blind_dos_L2_nogeom_s1179027592,blind,dos,,2,0,1179027592,16,TCAGTGCTAAGTCATG,run3,3.705001
blind_dos_L2_nogeom_s1179027592,blind,dos,,2,0,1179027592,16,TCAGTGCTAAGTCATG,run4,3.601578
blind_dos_L2_nogeom_s2129768291,blind,dos,,2,0,2129768291,12,ACTTGACAGTCA,run1,2.108328
blind_dos_L2_nogeom_s2129768291,blind,dos,,2,0,2129768291,12,ACTTGACAGTCA,run2,2.212264
blind_dos_L2_nogeom_s2129768291,blind,dos,,2,0,2129768291,12,ACTTGACAGTCA,run3,1.769945
blind_dos_L2_nogeom_s2129768291,blind,dos,,2,0,2129768291,12,ACTTGACAGTCA,run4,1.883992
blind_dos_L2_nogeom_s2129768291,blind,dos,,2,0,2129768291,12,ATATATATATAT,run1,1.762899
blind_dos_L2_nogeom_s2129768291,blind,dos,,2,0,2129768291,12,ATATATATATAT,run2,2.002932
blind_dos_L2_nogeom_s2129768291,blind,dos,,2,0,2129768291,12,ATATATATATAT,run3,1.549845
blind_dos_L2_nogeom_s2129768291,blind,dos,,2,0,2129768291,12,ATATATATATAT,run4,1.753373
blind_dos_L2_nogeom_s2129768291,blind,dos,,2,0,2129768291,12,GGGGGGGGGGGG,run1,2.104955
blind_dos_L2_nogeom_s2129768291,blind,dos,,2,0,2129768291,12,GGGGGGGGGGGG,run2,2.112392
blind_dos_L2_nogeom_s2129768291,blind,dos,,2,0,2129768291,12,GGGGGGGGGGGG,run3,1.906682
blind_dos_L2_nogeom_s2129768291,blind,dos,,2,0,2129768291,12,GGGGGGGGGGGG,run4,1.947246
blind_dos_L2_nogeom_s2129768291,blind,dos,,2,0,2129768291,12,GTCAGGATCTGA,run1,2.613439
blind_dos_L2_nogeom_s2129768291,blind,dos,,2,0,2129768291,12,GTCAGGATCTGA,run2,2.855457
blind_dos_L2_nogeom_s2129768291,blind,dos,,2,0,2129768291,12,GTCAGGATCTGA,run3,2.326689
blind_dos_L2_nogeom_s2129768291,blind,dos,,2,0,2129768291,12,GTCAGGATCTGA,run4,2.600945
blind_dos_L2_nogeom_s2129768291,blind,dos,,2,0,2129768291,16,GGATAGGCTTAGAATT,run1,3.268230
blind_dos_L2_nogeom_s2129768291,blind,dos,,2,0,2129768291,16,GGATAGGCTTAGAATT,run2,3.396541
blind_dos_L2_nogeom_s2129768291,blind,dos,,2,0,2129768291,16,GGATAGGCTTAGAATT,run3,3.478846
blind_dos_L2_nogeom_s2129768291,blind,dos,,2,0,2129768291,16,GGATAGGCTTAGAATT,run4,3.629959
blind_dos_L2_nogeom_s2129768291,blind,dos,,2,0,2129768291,16,GGGGGGGGGGGGGGGG,run1,3.117530
blind_dos_L2_nogeom_s2129768291,blind,dos,,2,0,2129768291,16,GGGGGGGGGGGGGGGG,run2,2.842296
blind_dos_L2_nogeom_s2129768291,blind,dos,,2,0,2129768291,16,GGGGGGGGGGGGGGGG,run3,3.108718
blind_dos_L2_nogeom_s2129768291,blind,dos,,2,0,2129768291,16,GGGGGGGGGGGGGGGG,run4,2.590210
blind_dos_L2_nogeom_s2129768291,blind,dos,,2,0,2129768291,16,GTCAGGATCTGACAGT,run1,3.351294
blind_dos_L2_nogeom_s2129768291,blind,dos,,2,0,2129768291,16,GTCAGGATCTGACAGT,run2,3.325639
blind_dos_L2_nogeom_s2129768291,blind,dos,,2,0,2129768291,16,GTCAGGATCTGACAGT,run3,3.127797
blind_dos_L2_nogeom_s2129768291,blind,dos,,2,0,2129768291,16,GTCAGGATCTGACAGT,run4,3.466490
blind_dos_L2_nogeom_s2129768291,blind,dos,,2,0,2129768291,16,TCAGTGCTAAGTCATG,run1,3.042434
blind_dos_L2_nogeom_s2129768291,blind,dos,,2,0,2129768291,16,TCAGTGCTAAGTCATG,run2,3.169615
blind_dos_L2_nogeom_s2129768291,blind,dos,,2,0,2129768291,16,TCAGTGCTAAGTCATG,run3,3.304191
blind_dos_L2_nogeom_s2129768291,blind,dos,,2,0,2129768291,16,TCAGTGCTAAGTCATG,run4,3.264195
blind_dos_L2_nogeom_s3731635825,blind,dos,,2,0,3731635825,12,ACTTGACAGTCA,run1,2.111747
blind_dos_L2_nogeom_s3731635825,blind,dos,,2,0,3731635825,12,ACTTGACAGTCA,run2,2.232251
blind_dos_L2_nogeom_s3731635825,blind,dos,,2,0,3731635825,12,ACTTGACAGTCA,run3,1.755149
blind_dos_L2_nogeom_s3731635825,blind,dos,,2,0,3731635825,12,ACTTGACAGTCA,run4,1.891206
blind_dos_L2_nogeom_s3731635825,blind,dos,,2,0,3731635825,12,ATATATATATAT,run1,1.966370
blind_dos_L2_nogeom_s3731635825,blind,dos,,2,0,3731635825,12,ATATATATATAT,run2,2.194492
blind_dos_L2_nogeom_s3731635825,blind,dos,,2,0,3731635825,12,ATATATATATAT,run3,1.710031
blind_dos_L2_nogeom_s3731635825,blind,dos,,2,0,3731635825,12,ATATATATATAT,run4,1.919799
blind_dos_L2_nogeom_s3731635825,blind,dos,,2,0,3731635825,12,GGGGGGGGGGGG,run1,2.010116
blind_dos_L2_nogeom_s3731635825,blind,dos,,2,0,3731635825,12,GGGGGGGGGGGG,run2,1.986487
blind_dos_L2_nogeom_s3731635825,blind,dos,,2,0,3731635825,12,GGGGGGGGGGGG,run3,1.795207
blind_dos_L2_nogeom_s3731635825,blind,dos,,2,0,3731635825,12,GGGGGGGGGGGG,run4,1.843739
blind_dos_L2_nogeom_s3731635825,blind,dos,,2,0,3731635825,12,GTCAGGATCTGA,run1,2.425585
blind_dos_L2_nogeom_s3731635825,blind,dos,,2,0,3731635825,12,GTCAGGATCTGA,run2,2.687207
blind_dos_L2_nogeom_s3731635825,blind,dos,,2,0,3731635825,12,GTCAGGATCTGA,run3,2.129962
blind_dos_L2_nogeom_s3731635825,blind,dos,,2,0,3731635825,12,GTCAGGATCTGA,run4,2.433536
blind_dos_L2_nogeom_s3731635825,blind,dos,,2,0,3731635825,16,GGATAGGCTTAGAATT,run1,3.087824
blind_dos_L2_nogeom_s3731635825,blind,dos,,2,0,3731635825,16,GGATAGGCTTAGAATT,run2,3.224655
blind_dos_L2_nogeom_s3731635825,blind,dos,,2,0,3731635825,16,GGATAGGCTTAGAATT,run3,3.264404
blind_dos_L2_nogeom_s3731635825,blind,dos,,2,0,3731635825,16,GGATAGGCTTAGAATT,run4,3.509055
blind_dos_L2_nogeom_s3731635825,blind,dos,,2,0,3731635825,16,GGGGGGGGGGGGGGGG,run1,2.948604
blind_dos_L2_nogeom_s3731635825,blind,dos,,2,0,3731635825,16,GGGGGGGGGGGGGGGG,run2,2.682896
blind_dos_L2_nogeom_s3731635825,blind,dos,,2,0,3731635825,16,GGGGGGGGGGGGGGGG,run3,2.869598
blind_dos_L2_nogeom_s3731635825,blind,dos,,2,0,3731635825,16,GGGGGGGGGGGGGGGG,run4,2.436466
blind_dos_L2_nogeom_s3731635825,blind,dos,,2,0,3731635825,16,GTCAGGATCTGACAGT,run1,3.149914
blind_dos_L2_nogeom_s3731635825,blind,dos,,2,0,3731635825,16,GTCAGGATCTGACAGT,run2,3.157973
blind_dos_L2_nogeom_s3731635825,blind,dos,,2,0,3731635825,16,GTCAGGATCTGACAGT,run3,2.938622
blind_dos_L2_nogeom_s3731635825,blind,dos,,2,0,3731635825,16,GTCAGGATCTGACAGT,run4,3.314641
blind_dos_L2_nogeom_s3731635825,blind,dos,,2,0,3731635825,16,TCAGTGCTAAGTCATG,run1,3.062410
blind_dos_L2_nogeom_s3731635825,blind,dos,,2,0,3731635825,16,TCAGTGCTAAGTCATG,run2,3.140751
blind_dos_L2_nogeom_s3731635825,blind,dos,,2,0,3731635825,16,TCAGTGCTAAGTCATG,run3,3.253585
blind_dos_L2_nogeom_s3731635825,blind,dos,,2,0,3731635825,16,TCAGTGCTAAGTCATG,run4,3.227361
blind_dos_L4_geom_s1179027592,blind,dos,,4,1,1179027592,12,ACTTGACAGTCA,run1,3.531936
blind_dos_L4_geom_s1179027592,blind,dos,,4,1,1179027592,12,ACTTGACAGTCA,run2,3.716700
blind_dos_L4_geom_s1179027592,blind,dos,,4,1,1179027592,12,ACTTGACAGTCA,run3,3.302559
blind_dos_L4_geom_s1179027592,blind,dos,,4,1,1179027592,12,ACTTGACAGTCA,run4,3.417350
blind_dos_L4_geom_s1179027592,blind,dos,,4,1,1179027592,12,ATATATATATAT,run1,7.188644
blind_dos_L4_geom_s1179027592,blind,dos,,4,1,1179027592,12,ATATATATATAT,run2,7.222929
blind_dos_L4_geom_s1179027592,blind,dos,,4,1,1179027592,12,ATATATATATAT,run3,6.795710
blind_dos_L4_geom_s1179027592,blind,dos,,4,1,1179027592,12,ATATATATATAT,run4,6.755372
blind_dos_L4_geom_s1179027592,blind,dos,,4,1,1179027592,12,GGGGGGGGGGGG,run1,6.116547
blind_dos_L4_geom_s1179027592,blind,dos,,4,1,1179027592,12,GGGGGGGGGGGG,run2,6.594233
blind_dos_L4_geom_s1179027592,blind,dos,,4,1,1179027592,12,GGGGGGGGGGGG,run3,5.856348
blind_dos_L4_geom_s1179027592,blind,dos,,4,1,1179027592,12,GGGGGGGGGGGG,run4,6.164028
blind_dos_L4_geom_s1179027592,blind,dos,,4,1,1179027592,12,GTCAGGATCTGA,run1,2.728456
blind_dos_L4_geom_s1179027592,blind,dos,,4,1,1179027592,12,GTCAGGATCTGA,run2,3.013754
blind_dos_L4_geom_s1179027592,blind,dos,,4,1,1179027592,12,GTCAGGATCTGA,run3,2.406672
blind_dos_L4_geom_s1179027592,blind,dos,,4,1,1179027592,12,GTCAGGATCTGA,run4,2.653193
blind_dos_L4_geom_s1179027592,blind,dos,,4,1,1179027592,16,GGATAGGCTTAGAATT,run1,6.582514
blind_dos_L4_geom_s1179027592,blind,dos,,4,1,1179027592,16,GGATAGGCTTAGAATT,run2,6.701711
blind_dos_L4_geom_s1179027592,blind,dos,,4,1,1179027592,16,GGATAGGCTTAGAATT,run3,6.761676
blind_dos_L4_geom_s1179027592,blind,dos,,4,1,1179027592,16,GGATAGGCTTAGAATT,run4,6.884108
blind_dos_L4_geom_s1179027592,blind,dos,,4,1,1179027592,16,GGGGGGGGGGGGGGGG,run1,8.539185
blind_dos_L4_geom_s1179027592,blind,dos,,4,1,1179027592,16,GGGGGGGGGGGGGGGG,run2,8.669734
blind_dos_L4_geom_s1179027592,blind,dos,,4,1,1179027592,16,GGGGGGGGGGGGGGGG,run3,8.439136
blind_dos_L4_geom_s1179027592,blind,dos,,4,1,1179027592,16,GGGGGGGGGGGGGGGG,run4,8.142143
blind_dos_L4_geom_s1179027592,blind,dos,,4,1,1179027592,16,GTCAGGATCTGACAGT,run1,4.527151
blind_dos_L4_geom_s1179027592,blind,dos,,4,1,1179027592,16,GTCAGGATCTGACAGT,run2,4.546555
blind_dos_L4_geom_s1179027592,blind,dos,,4,1,1179027592,16,GTCAGGATCTGACAGT,run3,4.235175
blind_dos_L4_geom_s1179027592,blind,dos,,4,1,1179027592,16,GTCAGGATCTGACAGT,run4,4.615674
blind_dos_L4_geom_s1179027592,blind,dos,,4,1,1179027592,16,TCAGTGCTAAGTCATG,run1,6.062902
blind_dos_L4_geom_s1179027592,blind,dos,,4,1,1179027592,16,TCAGTGCTAAGTCATG,run2,6.149247
blind_dos_L4_geom_s1179027592,blind,dos,,4,1,1179027592,16,TCAGTGCTAAGTCATG,run3,6.282680
blind_dos_L4_geom_s1179027592,blind,dos,,4,1,1179027592,16,TCAGTGCTAAGTCATG,run4,6.156765
blind_dos_L4_geom_s2129768291,blind,dos,,4,1,2129768291,12,ACTTGACAGTCA,run1,3.308689
blind_dos_L4_geom_s2129768291,blind,dos,,4,1,2129768291,12,ACTTGACAGTCA,run2,3.482517
blind_dos_L4_geom_s2129768291,blind,dos,,4,1,2129768291,12,ACTTGACAGTCA,run3,2.853768
blind_dos_L4_geom_s2129768291,blind,dos,,4,1,2129768291,12,ACTTGACAGTCA,run4,3.044277
blind_dos_L4_geom_s2129768291,blind,dos,,4,1,2129768291,12,ATATATATATAT,run1,3.365114
blind_dos_L4_geom_s2129768291,blind,dos,,4,1,2129768291,12,ATATATATATAT,run2,3.535502
blind_dos_L4_geom_s2129768291,blind,dos,,4,1,2129768291,12,ATATATATATAT,run3,3.105549
blind_dos_L4_geom_s2129768291,blind,dos,,4,1,2129768291,12,ATATATATATAT,run4,3.219912
blind_dos_L4_geom_s2129768291,blind,dos,,4,1,2129768291,12,GGGGGGGGGGGG,run1,3.079410
blind_dos_L4_geom_s2129768291,blind,dos,,4,1,2129768291,12,GGGGGGGGGGGG,run2,3.262716
blind_dos_L4_geom_s2129768291,blind,dos,,4,1,2129768291,12,GGGGGGGGGGGG,run3,2.819626
blind_dos_L4_geom_s2129768291,blind,dos,,4,1,2129768291,12,GGGGGGGGGGGG,run4,2.983840
blind_dos_L4_geom_s2129768291,blind,dos,,4,1,2129768291,12,GTCAGGATCTGA,run1,3.675784
blind_dos_L4_geom_s2129768291,blind,dos,,4,1,2129768291,12,GTCAGGATCTGA,run2,3.912282
blind_dos_L4_geom_s2129768291,blind,dos,,4,1,2129768291,12,GTCAGGATCTGA,run3,3.277859
blind_dos_L4_geom_s2129768291,blind,dos,,4,1,2129768291,12,GTCAGGATCTGA,run4,3.576195
blind_dos_L4_geom_s2129768291,blind,dos,,4,1,2129768291,16,GGATAGGCTTAGAATT,run1,5.225469
blind_dos_L4_geom_s2129768291,blind,dos,,4,1,2129768291,16,GGATAGGCTTAGAATT,run2,5.349863
blind_dos_L4_geom_s2129768291,blind,dos,,4,1,2129768291,16,GGATAGGCTTAGAATT,run3,5.509901
blind_dos_L4_geom_s2129768291,blind,dos,,4,1,2129768291,16,GGATAGGCTTAGAATT,run4,5.555818
blind_dos_L4_geom_s2129768291,blind,dos,,4,1,2129768291,16,GGGGGGGGGGGGGGGG,run1,4.757839
blind_dos_L4_geom_s2129768291,blind,dos,,4,1,2129768291,16,GGGGGGGGGGGGGGGG,run2,4.668086
blind_dos_L4_geom_s2129768291,blind,dos,,4,1,2129768291,16,GGGGGGGGGGGGGGGG,run3,4.801695
blind_dos_L4_geom_s2129768291,blind,dos,,4,1,2129768291,16,GGGGGGGGGGGGGGGG,run4,4.352723
blind_dos_L4_geom_s2129768291,blind,dos,,4,1,2129768291,16,GTCAGGATCTGACAGT,run1,4.883252
blind_dos_L4_geom_s2129768291,blind,dos,,4,1,2129768291,16,GTCAGGATCTGACAGT,run2,4.902298
blind_dos_L4_geom_s2129768291,blind,dos,,4,1,2129768291,16,GTCAGGATCTGACAGT,run3,4.548741
blind_dos_L4_geom_s2129768291,blind,dos,,4,1,2129768291,16,GTCAGGATCTGACAGT,run4,5.007636
blind_dos_L4_geom_s2129768291,blind,dos,,4,1,2129768291,16,TCAGTGCTAAGTCATG,run1,5.017228
blind_dos_L4_geom_s2129768291,blind,dos,,4,1,2129768291,16,TCAGTGCTAAGTCATG,run2,5.179966
blind_dos_L4_geom_s2129768291,blind,dos,,4,1,2129768291,16,TCAGTGCTAAGTCATG,run3,5.195776
blind_dos_L4_geom_s2129768291,blind,dos,,4,1,2129768291,16,TCAGTGCTAAGTCATG,run4,5.250579
blind_dos_L4_geom_s3731635825,blind,dos,,4,1,3731635825,12,ACTTGACAGTCA,run1,2.979184
blind_dos_L4_geom_s3731635825,blind,dos,,4,1,3731635825,12,ACTTGACAGTCA,run2,3.122496
blind_dos_L4_geom_s3731635825,blind,dos,,4,1,3731635825,12,ACTTGACAGTCA,run3,2.582664
blind_dos_L4_geom_s3731635825,blind,dos,,4,1,3731635825,12,ACTTGACAGTCA,run4,2.761473
blind_dos_L4_geom_s3731635825,blind,dos,,4,1,3731635825,12,ATATATATATAT,run1,2.918118
blind_dos_L4_geom_s3731635825,blind,dos,,4,1,3731635825,12,ATATATATATAT,run2,3.126180
blind_dos_L4_geom_s3731635825,blind,dos,,4,1,3731635825,12,ATATATATATAT,run3,2.608876
blind_dos_L4_geom_s3731635825,blind,dos,,4,1,3731635825,12,ATATATATATAT,run4,2.762343
blind_dos_L4_geom_s3731635825,blind,dos,,4,1,3731635825,12,GGGGGGGGGGGG,run1,3.022923
blind_dos_L4_geom_s3731635825,blind,dos,,4,1,3731635825,12,GGGGGGGGGGGG,run2,3.173132
blind_dos_L4_geom_s3731635825,blind,dos,,4,1,3731635825,12,GGGGGGGGGGGG,run3,2.725449
blind_dos_L4_geom_s3731635825,blind,dos,,4,1,3731635825,12,GGGGGGGGGGGG,run4,2.927129
blind_dos_L4_geom_s3731635825,blind,dos,,4,1,3731635825,12,GTCAGGATCTGA,run1,2.718327
blind_dos_L4_geom_s3731635825,blind,dos,,4,1,3731635825,12,GTCAGGATCTGA,run2,3.012742
blind_dos_L4_geom_s3731635825,blind,dos,,4,1,3731635825,12,GTCAGGATCTGA,run3,2.371447
blind_dos_L4_geom_s3731635825,blind,dos,,4,1,3731635825,12,GTCAGGATCTGA,run4,2.663756
blind_dos_L4_geom_s3731635825,blind,dos,,4,1,3731635825,16,GGATAGGCTTAGAATT,run1,4.847486
blind_dos_L4_geom_s3731635825,blind,dos,,4,1,3731635825,16,GGATAGGCTTAGAATT,run2,4.982692
blind_dos_L4_geom_s3731635825,blind,dos,,4,1,3731635825,16,GGATAGGCTTAGAATT,run3,4.998205
blind_dos_L4_geom_s3731635825,blind,dos,,4,1,3731635825,16,GGATAGGCTTAGAATT,run4,5.158406
blind_dos_L4_geom_s3731635825,blind,dos,,4,1,3731635825,16,GGGGGGGGGGGGGGGG,run1,4.653852
blind_dos_L4_geom_s3731635825,blind,dos,,4,1,3731635825,16,GGGGGGGGGGGGGGGG,run2,4.457586
blind_dos_L4_geom_s3731635825,blind,dos,,4,1,3731635825,16,GGGGGGGGGGGGGGGG,run3,4.634171
blind_dos_L4_geom_s3731635825,blind,dos,,4,1,3731635825,16,GGGGGGGGGGGGGGGG,run4,4.166642
blind_dos_L4_geom_s3731635825,blind,dos,,4,1,3731635825,16,GTCAGGATCTGACAGT,run1,3.979818
blind_dos_L4_geom_s3731635825,blind,dos,,4,1,3731635825,16,GTCAGGATCTGACAGT,run2,4.040125
blind_dos_L4_geom_s3731635825,blind,dos,,4,1,3731635825,16,GTCAGGATCTGACAGT,run3,3.654405
blind_dos_L4_geom_s3731635825,blind,dos,,4,1,3731635825,16,GTCAGGATCTGACAGT,run4,4.126795
blind_dos_L4_geom_s3731635825,blind,dos,,4,1,3731635825,16,TCAGTGCTAAGTCATG,run1,4.350326
blind_dos_L4_geom_s3731635825,blind,dos,,4,1,3731635825,16,TCAGTGCTAAGTCATG,run2,4.363491
blind_dos_L4_geom_s3731635825,blind,dos,,4,1,3731635825,16,TCAGTGCTAAGTCATG,run3,4.549946
blind_dos_L4_geom_s3731635825,blind,dos,,4,1,3731635825,16,TCAGTGCTAAGTCATG,run4,4.434408
blind_dos_L4_nogeom_s1179027592,blind,dos,,4,0,1179027592,12,ACTTGACAGTCA,run1,3.321810
blind_dos_L4_nogeom_s1179027592,blind,dos,,4,0,1179027592,12,ACTTGACAGTCA,run2,3.449919
blind_dos_L4_nogeom_s1179027592,blind,dos,,4,0,1179027592,12,ACTTGACAGTCA,run3,2.841213
blind_dos_L4_nogeom_s1179027592,blind,dos,,4,0,1179027592,12,ACTTGACAGTCA,run4,3.064479
blind_dos_L4_nogeom_s1179027592,blind,dos,,4,0,1179027592,12,ATATATATATAT,run1,3.804048
blind_dos_L4_nogeom_s1179027592,blind,dos,,4,0,1179027592,12,ATATATATATAT,run2,3.925949
blind_dos_L4_nogeom_s1179027592,blind,dos,,4,0,1179027592,12,ATATATATATAT,run3,3.478633
blind_dos_L4_nogeom_s1179027592,blind,dos,,4,0,1179027592,12,ATATATATATAT,run4,3.306075
blind_dos_L4_nogeom_s1179027592,blind,dos,,4,0,1179027592,12,GGGGGGGGGGGG,run1,3.952057
blind_dos_L4_nogeom_s1179027592,blind,dos,,4,0,1179027592,12,GGGGGGGGGGGG,run2,4.079751
blind_dos_L4_nogeom_s1179027592,blind,dos,,4,0,1179027592,12,GGGGGGGGGGGG,run3,3.459766
blind_dos_L4_nogeom_s1179027592,blind,dos,,4,0,1179027592,12,GGGGGGGGGGGG,run4,3.668866
blind_dos_L4_nogeom_s1179027592,blind,dos,,4,0,1179027592,12,GTCAGGATCTGA,run1,3.397839
blind_dos_L4_nogeom_s1179027592,blind,dos,,4,0,1179027592,12,GTCAGGATCTGA,run2,3.721227
blind_dos_L4_nogeom_s1179027592,blind,dos,,4,0,1179027592,12,GTCAGGATCTGA,run3,3.178789
blind_dos_L4_nogeom_s1179027592,blind,dos,,4,0,1179027592,12,GTCAGGATCTGA,run4,3.398737
blind_dos_L4_nogeom_s1179027592,blind,dos,,4,0,1179027592,16,GGATAGGCTTAGAATT,run1,5.074110
blind_dos_L4_nogeom_s1179027592,blind,dos,,4,0,1179027592,16,GGATAGGCTTAGAATT,run2,5.048525
blind_dos_L4_nogeom_s1179027592,blind,dos,,4,0,1179027592,16,GGATAGGCTTAGAATT,run3,5.191050
blind_dos_L4_nogeom_s1179027592,blind,dos,,4,0,1179027592,16,GGATAGGCTTAGAATT,run4,5.239459
blind_dos_L4_nogeom_s1179027592,blind,dos,,4,0,1179027592,16,GGGGGGGGGGGGGGGG,run1,5.746424
blind_dos_L4_nogeom_s1179027592,blind,dos,,4,0,1179027592,16,GGGGGGGGGGGGGGGG,run2,5.529461
blind_dos_L4_nogeom_s1179027592,blind,dos,,4,0,1179027592,16,GGGGGGGGGGGGGGGG,run3,5.575563
blind_dos_L4_nogeom_s1179027592,blind,dos,,4,0,1179027592,16,GGGGGGGGGGGGGGGG,run4,5.101571
blind_dos_L4_nogeom_s1179027592,blind,dos,,4,0,1179027592,16,GTCAGGATCTGACAGT,run1,4.675792
blind_dos_L4_nogeom_s1179027592,blind,dos,,4,0,1179027592,16,GTCAGGATCTGACAGT,run2,4.730937
blind_dos_L4_nogeom_s1179027592,blind,dos,,4,0,1179027592,16,GTCAGGATCTGACAGT,run3,4.446812
blind_dos_L4_nogeom_s1179027592,blind,dos,,4,0,1179027592,16,GTCAGGATCTGACAGT,run4,4.859287
blind_dos_L4_nogeom_s1179027592,blind,dos,,4,0,1179027592,16,TCAGTGCTAAGTCATG,run1,5.182780
blind_dos_L4_nogeom_s1179027592,blind,dos,,4,0,1179027592,16,TCAGTGCTAAGTCATG,run2,5.108069
blind_dos_L4_nogeom_s1179027592,blind,dos,,4,0,1179027592,16,TCAGTGCTAAGTCATG,run3,5.367846
blind_dos_L4_nogeom_s1179027592,blind,dos,,4,0,1179027592,16,TCAGTGCTAAGTCATG,run4,5.148903
blind_dos_L4_nogeom_s2129768291,blind,dos,,4,0,2129768291,12,ACTTGACAGTCA,run1,4.973364
blind_dos_L4_nogeom_s2129768291,blind,dos,,4,0,2129768291,12,ACTTGACAGTCA,run2,5.149193
blind_dos_L4_nogeom_s2129768291,blind,dos,,4,0,2129768291,12,ACTTGACAGTCA,run3,4.471812
blind_dos_L4_nogeom_s2129768291,blind,dos,,4,0,2129768291,12,ACTTGACAGTCA,run4,4.634546
blind_dos_L4_nogeom_s2129768291,blind,dos,,4,0,2129768291,12,ATATATATATAT,run1,5.601207
blind_dos_L4_nogeom_s2129768291,blind,dos,,4,0,2129768291,12,ATATATATATAT,run2,5.861225
blind_dos_L4_nogeom_s2129768291,blind,dos,,4,0,2129768291,12,ATATATATATAT,run3,5.244613
blind_dos_L4_nogeom_s2129768291,blind,dos,,4,0,2129768291,12,ATATATATATAT,run4,5.456096
blind_dos_L4_nogeom_s2129768291,blind,dos,,4,0,2129768291,12,GGGGGGGGGGGG,run1,4.297989
blind_dos_L4_nogeom_s2129768291,blind,dos,,4,0,2129768291,12,GGGGGGGGGGGG,run2,4.670996
blind_dos_L4_nogeom_s2129768291,blind,dos,,4,0,2129768291,12,GGGGGGGGGGGG,run3,3.979357
blind_dos_L4_nogeom_s2129768291,blind,dos,,4,0,2129768291,12,GGGGGGGGGGGG,run4,4.372241
blind_dos_L4_nogeom_s2129768291,blind,dos,,4,0,2129768291,12,GTCAGGATCTGA,run1,4.479665
blind_dos_L4_nogeom_s2129768291,blind,dos,,4,0,2129768291,12,GTCAGGATCTGA,run2,4.928840
blind_dos_L4_nogeom_s2129768291,blind,dos,,4,0,2129768291,12,GTCAGGATCTGA,run3,4.101983
blind_dos_L4_nogeom_s2129768291,blind,dos,,4,0,2129768291,12,GTCAGGATCTGA,run4,4.586277
blind_dos_L4_nogeom_s2129768291,blind,dos,,4,0,2129768291,16,GGATAGGCTTAGAATT,run1,7.212291
blind_dos_L4_nogeom_s2129768291,blind,dos,,4,0,2129768291,16,GGATAGGCTTAGAATT,run2,7.380880
blind_dos_L4_nogeom_s2129768291,blind,dos,,4,0,2129768291,16,GGATAGGCTTAGAATT,run3,7.337259
blind_dos_L4_nogeom_s2129768291,blind,dos,,4,0,2129768291,16,GGATAGGCTTAGAATT,run4,7.470419
blind_dos_L4_nogeom_s2129768291,blind,dos,,4,0,2129768291,16,GGGGGGGGGGGGGGGG,run1,6.614386
blind_dos_L4_nogeom_s2129768291,blind,dos,,4,0,2129768291,16,GGGGGGGGGGGGGGGG,run2,6.665207
blind_dos_L4_nogeom_s2129768291,blind,dos,,4,0,2129768291,16,GGGGGGGGGGGGGGGG,run3,6.535163
blind_dos_L4_nogeom_s2129768291,blind,dos,,4,0,2129768291,16,GGGGGGGGGGGGGGGG,run4,6.277489
blind_dos_L4_nogeom_s2129768291,blind,dos,,4,0,2129768291,16,GTCAGGATCTGACAGT,run1,6.781410
blind_dos_L4_nogeom_s2129768291,blind,dos,,4,0,2129768291,16,GTCAGGATCTGACAGT,run2,6.891862
blind_dos_L4_nogeom_s2129768291,blind,dos,,4,0,2129768291,16,GTCAGGATCTGACAGT,run3,6.482595
blind_dos_L4_nogeom_s2129768291,blind,dos,,4,0,2129768291,16,GTCAGGATCTGACAGT,run4,6.981330
blind_dos_L4_nogeom_s2129768291,blind,dos,,4,0,2129768291,16,TCAGTGCTAAGTCATG,run1,7.278344
blind_dos_L4_nogeom_s2129768291,blind,dos,,4,0,2129768291,16,TCAGTGCTAAGTCATG,run2,7.391692
blind_dos_L4_nogeom_s2129768291,blind,dos,,4,0,2129768291,16,TCAGTGCTAAGTCATG,run3,7.507621
blind_dos_L4_nogeom_s2129768291,blind,dos,,4,0,2129768291,16,TCAGTGCTAAGTCATG,run4,7.501091
blind_dos_L4_nogeom_s3731635825,blind,dos,,4,0,3731635825,12,ACTTGACAGTCA,run1,2.510891
blind_dos_L4_nogeom_s3731635825,blind,dos,,4,0,3731635825,12,ACTTGACAGTCA,run2,2.725146
blind_dos_L4_nogeom_s3731635825,blind,dos,,4,0,3731635825,12,ACTTGACAGTCA,run3,2.176467
blind_dos_L4_nogeom_s3731635825,blind,dos,,4,0,3731635825,12,ACTTGACAGTCA,run4,2.393336
blind_dos_L4_nogeom_s3731635825,blind,dos,,4,0,3731635825,12,ATATATATATAT,run1,2.095520
blind_dos_L4_nogeom_s3731635825,blind,dos,,4,0,3731635825,12,ATATATATATAT,run2,2.386612
blind_dos_L4_nogeom_s3731635825,blind,dos,,4,0,3731635825,12,ATATATATATAT,run3,1.788809
blind_dos_L4_nogeom_s3731635825,blind,dos,,4,0,3731635825,12,ATATATATATAT,run4,2.068416
blind_dos_L4_nogeom_s3731635825,blind,dos,,4,0,3731635825,12,GGGGGGGGGGGG,run1,2.359512
blind_dos_L4_nogeom_s3731635825,blind,dos,,4,0,3731635825,12,GGGGGGGGGGGG,run2,2.423195
blind_dos_L4_nogeom_s3731635825,blind,dos,,4,0,3731635825,12,GGGGGGGGGGGG,run3,2.086565
blind_dos_L4_nogeom_s3731635825,blind,dos,,4,0,3731635825,12,GGGGGGGGGGGG,run4,2.209369
blind_dos_L4_nogeom_s3731635825,blind,dos,,4,0,3731635825,12,GTCAGGATCTGA,run1,2.722253
blind_dos_L4_nogeom_s3731635825,blind,dos,,4,0,3731635825,12,GTCAGGATCTGA,run2,2.907200
blind_dos_L4_nogeom_s3731635825,blind,dos,,4,0,3731635825,12,GTCAGGATCTGA,run3,2.408718
blind_dos_L4_nogeom_s3731635825,blind,dos,,4,0,3731635825,12,GTCAGGATCTGA,run4,2.622767
blind_dos_L4_nogeom_s3731635825,blind,dos,,4,0,3731635825,16,GGATAGGCTTAGAATT,run1,3.860250
blind_dos_L4_nogeom_s3731635825,blind,dos,,4,0,3731635825,16,GGATAGGCTTAGAATT,run2,3.950727
blind_dos_L4_nogeom_s3731635825,blind,dos,,4,0,3731635825,16,GGATAGGCTTAGAATT,run3,4.091638
blind_dos_L4_nogeom_s3731635825,blind,dos,,4,0,3731635825,16,GGATAGGCTTAGAATT,run4,4.192650
blind_dos_L4_nogeom_s3731635825,blind,dos,,4,0,3731635825,16,GGGGGGGGGGGGGGGG,run1,3.661932
blind_dos_L4_nogeom_s3731635825,blind,dos,,4,0,3731635825,16,GGGGGGGGGGGGGGGG,run2,3.450992
blind_dos_L4_nogeom_s3731635825,blind,dos,,4,0,3731635825,16,GGGGGGGGGGGGGGGG,run3,3.655392
blind_dos_L4_nogeom_s3731635825,blind,dos,,4,0,3731635825,16,GGGGGGGGGGGGGGGG,run4,3.172927
blind_dos_L4_nogeom_s3731635825,blind,dos,,4,0,3731635825,16,GTCAGGATCTGACAGT,run1,3.693849
blind_dos_L4_nogeom_s3731635825,blind,dos,,4,0,3731635825,16,GTCAGGATCTGACAGT,run2,3.687547
blind_dos_L4_nogeom_s3731635825,blind,dos,,4,0,3731635825,16,GTCAGGATCTGACAGT,run3,3.434391
blind_dos_L4_nogeom_s3731635825,blind,dos,,4,0,3731635825,16,GTCAGGATCTGACAGT,run4,3.828497
blind_dos_L4_nogeom_s3731635825,blind,dos,,4,0,3731635825,16,TCAGTGCTAAGTCATG,run1,3.736642
blind_dos_L4_nogeom_s3731635825,blind,dos,,4,0,3731635825,16,TCAGTGCTAAGTCATG,run2,3.699334
blind_dos_L4_nogeom_s3731635825,blind,dos,,4,0,3731635825,16,TCAGTGCTAAGTCATG,run3,4.005796
blind_dos_L4_nogeom_s3731635825,blind,dos,,4,0,3731635825,16,TCAGTGCTAAGTCATG,run4,3.834048
blind_tonly_L2_geom_s1179027592,blind,tonly,,2,1,1179027592,12,ACTTGACAGTCA,run1,2.414255
blind_tonly_L2_geom_s1179027592,blind,tonly,,2,1,1179027592,12,ACTTGACAGTCA,run2,2.475213
blind_tonly_L2_geom_s1179027592,blind,tonly,,2,1,1179027592,12,ACTTGACAGTCA,run3,2.034357
blind_tonly_L2_geom_s1179027592,blind,tonly,,2,1,1179027592,12,ACTTGACAGTCA,run4,2.099218
blind_tonly_L2_geom_s1179027592,blind,tonly,,2,1,1179027592,12,ATATATATATAT,run1,2.237125
blind_tonly_L2_geom_s1179027592,blind,tonly,,2,1,1179027592,12,ATATATATATAT,run2,2.320383
blind_tonly_L2_geom_s1179027592,blind,tonly,,2,1,1179027592,12,ATATATATATAT,run3,1.970189
blind_tonly_L2_geom_s1179027592,blind,tonly,,2,1,1179027592,12,ATATATATATAT,run4,2.039587
blind_tonly_L2_geom_s1179027592,blind,tonly,,2,1,1179027592,12,GGGGGGGGGGGG,run1,1.445718
blind_tonly_L2_geom_s1179027592,blind,tonly,,2,1,1179027592,12,GGGGGGGGGGGG,run2,1.444811
blind_tonly_L2_geom_s1179027592,blind,tonly,,2,1,1179027592,12,GGGGGGGGGGGG,run3,1.294866
blind_tonly_L2_geom_s1179027592,blind,tonly,,2,1,1179027592,12,GGGGGGGGGGGG,run4,1.354090
blind_tonly_L2_geom_s1179027592,blind,tonly,,2,1,1179027592,12,GTCAGGATCTGA,run1,2.386898
blind_tonly_L2_geom_s1179027592,blind,tonly,,2,1,1179027592,12,GTCAGGATCTGA,run2,2.647842
blind_tonly_L2_geom_s1179027592,blind,tonly,,2,1,1179027592,12,GTCAGGATCTGA,run3,2.092314
blind_tonly_L2_geom_s1179027592,blind,tonly,,2,1,1179027592,12,GTCAGGATCTGA,run4,2.393211
blind_tonly_L2_geom_s1179027592,blind,tonly,,2,1,1179027592,16,GGATAGGCTTAGAATT,run1,3.229164
blind_tonly_L2_geom_s1179027592,blind,tonly,,2,1,1179027592,16,GGATAGGCTTAGAATT,run2,3.368433
blind_tonly_L2_geom_s1179027592,blind,tonly,,2,1,1179027592,16,GGATAGGCTTAGAATT,run3,3.451227
blind_tonly_L2_geom_s1179027592,blind,tonly,,2,1,1179027592,16,GGATAGGCTTAGAATT,run4,3.576697
blind_tonly_L2_geom_s1179027592,blind,tonly,,2,1,1179027592,16,GGGGGGGGGGGGGGGG,run1,2.308234
blind_tonly_L2_geom_s1179027592,blind,tonly,,2,1,1179027592,16,GGGGGGGGGGGGGGGG,run2,2.220334
blind_tonly_L2_geom_s1179027592,blind,tonly,,2,1,1179027592,16,GGGGGGGGGGGGGGGG,run3,2.289073
blind_tonly_L2_geom_s1179027592,blind,tonly,,2,1,1179027592,16,GGGGGGGGGGGGGGGG,run4,2.035088
blind_tonly_L2_geom_s1179027592,blind,tonly,,2,1,1179027592,16,GTCAGGATCTGACAGT,run1,3.171724
blind_tonly_L2_geom_s1179027592,blind,tonly,,2,1,1179027592,16,GTCAGGATCTGACAGT,run2,3.215153
blind_tonly_L2_geom_s1179027592,blind,tonly,,2,1,1179027592,16,GTCAGGATCTGACAGT,run3,2.933651
blind_tonly_L2_geom_s1179027592,blind,tonly,,2,1,1179027592,16,GTCAGGATCTGACAGT,run4,3.366470
blind_tonly_L2_geom_s1179027592,blind,tonly,,2,1,1179027592,16,TCAGTGCTAAGTCATG,run1,3.054515
blind_tonly_L2_geom_s1179027592,blind,tonly,,2,1,1179027592,16,TCAGTGCTAAGTCATG,run2,3.131410
blind_tonly_L2_geom_s1179027592,blind,tonly,,2,1,1179027592,16,TCAGTGCTAAGTCATG,run3,3.302207
blind_tonly_L2_geom_s1179027592,blind,tonly,,2,1,1179027592,16,TCAGTGCTAAGTCATG,run4,3.261556
blind_tonly_L2_geom_s2129768291,blind,tonly,,2,1,2129768291,12,ACTTGACAGTCA,run1,2.181515
blind_tonly_L2_geom_s2129768291,blind,tonly,,2,1,2129768291,12,ACTTGACAGTCA,run2,2.330968
blind_tonly_L2_geom_s2129768291,blind,tonly,,2,1,2129768291,12,ACTTGACAGTCA,run3,1.800671
blind_tonly_L2_geom_s2129768291,blind,tonly,,2,1,2129768291,12,ACTTGACAGTCA,run4,1.990839
blind_tonly_L2_geom_s2129768291,blind,tonly,,2,1,2129768291,12,ATATATATATAT,run1,1.868050
blind_tonly_L2_geom_s2129768291,blind,tonly,,2,1,2129768291,12,ATATATATATAT,run2,2.126636
blind_tonly_L2_geom_s2129768291,blind,tonly,,2,1,2129768291,12,ATATATATATAT,run3,1.591020
blind_tonly_L2_geom_s2129768291,blind,tonly,,2,1,2129768291,12,ATATATATATAT,run4,1.833066
blind_tonly_L2_geom_s2129768291,blind,tonly,,2,1,2129768291,12,GGGGGGGGGGGG,run1,1.998088
blind_tonly_L2_geom_s2129768291,blind,tonly,,2,1,2129768291,12,GGGGGGGGGGGG,run2,2.056502
blind_tonly_L2_geom_s2129768291,blind,tonly,,2,1,2129768291,12,GGGGGGGGGGGG,run3,1.771958
blind_tonly_L2_geom_s2129768291,blind,tonly,,2,1,2129768291,12,GGGGGGGGGGGG,run4,1.871277
blind_tonly_L2_geom_s2129768291,blind,tonly,,2,1,2129768291,12,GTCAGGATCTGA,run1,2.522638
blind_tonly_L2_geom_s2129768291,blind,tonly,,2,1,2129768291,12,GTCAGGATCTGA,run2,2.901068
blind_tonly_L2_geom_s2129768291,blind,tonly,,2,1,2129768291,12,GTCAGGATCTGA,run3,2.191959
blind_tonly_L2_geom_s2129768291,blind,tonly,,2,1,2129768291,12,GTCAGGATCTGA,run4,2.580598
blind_tonly_L2_geom_s2129768291,blind,tonly,,2,1,2129768291,16,GGATAGGCTTAGAATT,run1,3.309503
blind_tonly_L2_geom_s2129768291,blind,tonly,,2,1,2129768291,16,GGATAGGCTTAGAATT,run2,3.412235
blind_tonly_L2_geom_s2129768291,blind,tonly,,2,1,2129768291,16,GGATAGGCTTAGAATT,run3,3.508660
blind_tonly_L2_geom_s2129768291,blind,tonly,,2,1,2129768291,16,GGATAGGCTTAGAATT,run4,3.623940
blind_tonly_L2_geom_s2129768291,blind,tonly,,2,1,2129768291,16,GGGGGGGGGGGGGGGG,run1,3.129200
blind_tonly_L2_geom_s2129768291,blind,tonly,,2,1,2129768291,16,GGGGGGGGGGGGGGGG,run2,2.942564
blind_tonly_L2_geom_s2129768291,blind,tonly,,2,1,2129768291,16,GGGGGGGGGGGGGGGG,run3,3.155577
blind_tonly_L2_geom_s2129768291,blind,tonly,,2,1,2129768291,16,GGGGGGGGGGGGGGGG,run4,2.671608
blind_tonly_L2_geom_s2129768291,blind,tonly,,2,1,2129768291,16,GTCAGGATCTGACAGT,run1,3.458036
blind_tonly_L2_geom_s2129768291,blind,tonly,,2,1,2129768291,16,GTCAGGATCTGACAGT,run2,3.500444
blind_tonly_L2_geom_s2129768291,blind,tonly,,2,1,2129768291,16,GTCAGGATCTGACAGT,run3,3.195899
blind_tonly_L2_geom_s2129768291,blind,tonly,,2,1,2129768291,16,GTCAGGATCTGACAGT,run4,3.632918
blind_tonly_L2_geom_s2129768291,blind,tonly,,2,1,2129768291,16,TCAGTGCTAAGTCATG,run1,3.327869
blind_tonly_L2_geom_s2129768291,blind,tonly,,2,1,2129768291,16,TCAGTGCTAAGTCATG,run2,3.326035
blind_tonly_L2_geom_s2129768291,blind,tonly,,2,1,2129768291,16,TCAGTGCTAAGTCATG,run3,3.547647
blind_tonly_L2_geom_s2129768291,blind,tonly,,2,1,2129768291,16,TCAGTGCTAAGTCATG,run4,3.425803
blind_tonly_L2_geom_s3731635825,blind,tonly,,2,1,3731635825,12,ACTTGACAGTCA,run1,2.284716
blind_tonly_L2_geom_s3731635825,blind,tonly,,2,1,3731635825,12,ACTTGACAGTCA,run2,2.391980
blind_tonly_L2_geom_s3731635825,blind,tonly,,2,1,3731635825,12,ACTTGACAGTCA,run3,1.895440
blind_tonly_L2_geom_s3731635825,blind,tonly,,2,1,3731635825,12,ACTTGACAGTCA,run4,2.019450
blind_tonly_L2_geom_s3731635825,blind,tonly,,2,1,3731635825,12,ATATATATATAT,run1,1.676288
blind_tonly_L2_geom_s3731635825,blind,tonly,,2,1,3731635825,12,ATATATATATAT,run2,1.927523
blind_tonly_L2_geom_s3731635825,blind,tonly,,2,1,3731635825,12,ATATATATATAT,run3,1.306819
blind_tonly_L2_geom_s3731635825,blind,tonly,,2,1,3731635825,12,ATATATATATAT,run4,1.580119
blind_tonly_L2_geom_s3731635825,blind,tonly,,2,1,3731635825,12,GGGGGGGGGGGG,run1,1.883454
blind_tonly_L2_geom_s3731635825,blind,tonly,,2,1,3731635825,12,GGGGGGGGGGGG,run2,1.928723
blind_tonly_L2_geom_s3731635825,blind,tonly,,2,1,3731635825,12,GGGGGGGGGGGG,run3,1.672166
blind_tonly_L2_geom_s3731635825,blind,tonly,,2,1,3731635825,12,GGGGGGGGGGGG,run4,1.777576
blind_tonly_L2_geom_s3731635825,blind,tonly,,2,1,3731635825,12,GTCAGGATCTGA,run1,2.393122
blind_tonly_L2_geom_s3731635825,blind,tonly,,2,1,3731635825,12,GTCAGGATCTGA,run2,2.641996
blind_tonly_L2_geom_s3731635825,blind,tonly,,2,1,3731635825,12,GTCAGGATCTGA,run3,2.065741
blind_tonly_L2_geom_s3731635825,blind,tonly,,2,1,3731635825,12,GTCAGGATCTGA,run4,2.338037
blind_tonly_L2_geom_s3731635825,blind,tonly,,2,1,3731635825,16,GGATAGGCTTAGAATT,run1,3.368620
blind_tonly_L2_geom_s3731635825,blind,tonly,,2,1,3731635825,16,GGATAGGCTTAGAATT,run2,3.501492
blind_tonly_L2_geom_s3731635825,blind,tonly,,2,1,3731635825,16,GGATAGGCTTAGAATT,run3,3.546865
blind_tonly_L2_geom_s3731635825,blind,tonly,,2,1,3731635825,16,GGATAGGCTTAGAATT,run4,3.725377
blind_tonly_L2_geom_s3731635825,blind,tonly,,2,1,3731635825,16,GGGGGGGGGGGGGGGG,run1,2.874112
blind_tonly_L2_geom_s3731635825,blind,tonly,,2,1,3731635825,16,GGGGGGGGGGGGGGGG,run2,2.616776
blind_tonly_L2_geom_s3731635825,blind,tonly,,2,1,3731635825,16,GGGGGGGGGGGGGGGG,run3,2.810876
blind_tonly_L2_geom_s3731635825,blind,tonly,,2,1,3731635825,16,GGGGGGGGGGGGGGGG,run4,2.342548
blind_tonly_L2_geom_s3731635825,blind,tonly,,2,1,3731635825,16,GTCAGGATCTGACAGT,run1,3.207331
blind_tonly_L2_geom_s3731635825,blind,tonly,,2,1,3731635825,16,GTCAGGATCTGACAGT,run2,3.212472
blind_tonly_L2_geom_s3731635825,blind,tonly,,2,1,3731635825,16,GTCAGGATCTGACAGT,run3,2.940321
blind_tonly_L2_geom_s3731635825,blind,tonly,,2,1,3731635825,16,GTCAGGATCTGACAGT,run4,3.349742
blind_tonly_L2_geom_s3731635825,blind,tonly,,2,1,3731635825,16,TCAGTGCTAAGTCATG,run1,3.337480
blind_tonly_L2_geom_s3731635825,blind,tonly,,2,1,3731635825,16,TCAGTGCTAAGTCATG,run2,3.385233
blind_tonly_L2_geom_s3731635825,blind,tonly,,2,1,3731635825,16,TCAGTGCTAAGTCATG,run3,3.545823
blind_tonly_L2_geom_s3731635825,blind,tonly,,2,1,3731635825,16,TCAGTGCTAAGTCATG,run4,3.439385
blind_tonly_L2_nogeom_s1179027592,blind,tonly,,2,0,1179027592,12,ACTTGACAGTCA,run1,2.389205
blind_tonly_L2_nogeom_s1179027592,blind,tonly,,2,0,1179027592,12,ACTTGACAGTCA,run2,2.458124
blind_tonly_L2_nogeom_s1179027592,blind,tonly,,2,0,1179027592,12,ACTTGACAGTCA,run3,2.030717
blind_tonly_L2_nogeom_s1179027592,blind,tonly,,2,0,1179027592,12,ACTTGACAGTCA,run4,2.107529
blind_tonly_L2_nogeom_s1179027592,blind,tonly,,2,0,1179027592,12,ATATATATATAT,run1,1.684246
blind_tonly_L2_nogeom_s1179027592,blind,tonly,,2,0,1179027592,12,ATATATATATAT,run2,1.874108
blind_tonly_L2_nogeom_s1179027592,blind,tonly,,2,0,1179027592,12,ATATATATATAT,run3,1.468327
blind_tonly_L2_nogeom_s1179027592,blind,tonly,,2,0,1179027592,12,ATATATATATAT,run4,1.669219
blind_tonly_L2_nogeom_s1179027592,blind,tonly,,2,0,1179027592,12,GGGGGGGGGGGG,run1,2.143842
blind_tonly_L2_nogeom_s1179027592,blind,tonly,,2,0,1179027592,12,GGGGGGGGGGGG,run2,2.334541
blind_tonly_L2_nogeom_s1179027592,blind,tonly,,2,0,1179027592,12,GGGGGGGGGGGG,run3,1.948228
blind_tonly_L2_nogeom_s1179027592,blind,tonly,,2,0,1179027592,12,GGGGGGGGGGGG,run4,2.134175
blind_tonly_L2_nogeom_s1179027592,blind,tonly,,2,0,1179027592,12,GTCAGGATCTGA,run1,2.502657
blind_tonly_L2_nogeom_s1179027592,blind,tonly,,2,0,1179027592,12,GTCAGGATCTGA,run2,2.792482
blind_tonly_L2_nogeom_s1179027592,blind,tonly,,2,0,1179027592,12,GTCAGGATCTGA,run3,2.187436
blind_tonly_L2_nogeom_s1179027592,blind,tonly,,2,0,1179027592,12,GTCAGGATCTGA,run4,2.494738
blind_tonly_L2_nogeom_s1179027592,blind,tonly,,2,0,1179027592,16,GGATAGGCTTAGAATT,run1,3.459264
blind_tonly_L2_nogeom_s1179027592,blind,tonly,,2,0,1179027592,16,GGATAGGCTTAGAATT,run2,3.622153
blind_tonly_L2_nogeom_s1179027592,blind,tonly,,2,0,1179027592,16,GGATAGGCTTAGAATT,run3,3.668866
blind_tonly_L2_nogeom_s1179027592,blind,tonly,,2,0,1179027592,16,GGATAGGCTTAGAATT,run4,3.845552
blind_tonly_L2_nogeom_s1179027592,blind,tonly,,2,0,1179027592,16,GGGGGGGGGGGGGGGG,run1,3.330202
blind_tonly_L2_nogeom_s1179027592,blind,tonly,,2,0,1179027592,16,GGGGGGGGGGGGGGGG,run2,3.191944
blind_tonly_L2_nogeom_s1179027592,blind,tonly,,2,0,1179027592,16,GGGGGGGGGGGGGGGG,run3,3.348995
blind_tonly_L2_nogeom_s1179027592,blind,tonly,,2,0,1179027592,16,GGGGGGGGGGGGGGGG,run4,2.897563
blind_tonly_L2_nogeom_s1179027592,blind,tonly,,2,0,1179027592,16,GTCAGGATCTGACAGT,run1,3.384294
blind_tonly_L2_nogeom_s1179027592,blind,tonly,,2,0,1179027592,16,GTCAGGATCTGACAGT,run2,3.409812
blind_tonly_L2_nogeom_s1179027592,blind,tonly,,2,0,1179027592,16,GTCAGGATCTGACAGT,run3,3.108563
blind_tonly_L2_nogeom_s1179027592,blind,tonly,,2,0,1179027592,16,GTCAGGATCTGACAGT,run4,3.522551
blind_tonly_L2_nogeom_s1179027592,blind,tonly,,2,0,1179027592,16,TCAGTGCTAAGTCATG,run1,3.602962
blind_tonly_L2_nogeom_s1179027592,blind,tonly,,2,0,1179027592,16,TCAGTGCTAAGTCATG,run2,3.627715
blind_tonly_L2_nogeom_s1179027592,blind,tonly,,2,0,1179027592,16,TCAGTGCTAAGTCATG,run3,3.859104
blind_tonly_L2_nogeom_s1179027592,blind,tonly,,2,0,1179027592,16,TCAGTGCTAAGTCATG,run4,3.702032
blind_tonly_L2_nogeom_s2129768291,blind,tonly,,2,0,2129768291,12,ACTTGACAGTCA,run1,2.145825
blind_tonly_L2_nogeom_s2129768291,blind,tonly,,2,0,2129768291,12,ACTTGACAGTCA,run2,2.333423
blind_tonly_L2_nogeom_s2129768291,blind,tonly,,2,0,2129768291,12,ACTTGACAGTCA,run3,1.749201
blind_tonly_L2_nogeom_s2129768291,blind,tonly,,2,0,2129768291,12,ACTTGACAGTCA,run4,1.999748
blind_tonly_L2_nogeom_s2129768291,blind,tonly,,2,0,2129768291,12,ATATATATATAT,run1,1.740541
blind_tonly_L2_nogeom_s2129768291,blind,tonly,,2,0,2129768291,12,ATATATATATAT,run2,2.008401
blind_tonly_L2_nogeom_s2129768291,blind,tonly,,2,0,2129768291,12,ATATATATATAT,run3,1.519030
blind_tonly_L2_nogeom_s2129768291,blind,tonly,,2,0,2129768291,12,ATATATATATAT,run4,1.737436
blind_tonly_L2_nogeom_s2129768291,blind,tonly,,2,0,2129768291,12,GGGGGGGGGGGG,run1,1.983181
blind_tonly_L2_nogeom_s2129768291,blind,tonly,,2,0,2129768291,12,GGGGGGGGGGGG,run2,1.989132
blind_tonly_L2_nogeom_s2129768291,blind,tonly,,2,0,2129768291,12,GGGGGGGGGGGG,run3,1.784051
blind_tonly_L2_nogeom_s2129768291,blind,tonly,,2,0,2129768291,12,GGGGGGGGGGGG,run4,1.879701
blind_tonly_L2_nogeom_s2129768291,blind,tonly,,2,0,2129768291,12,GTCAGGATCTGA,run1,2.467659
blind_tonly_L2_nogeom_s2129768291,blind,tonly,,2,0,2129768291,12,GTCAGGATCTGA,run2,2.708094
blind_tonly_L2_nogeom_s2129768291,blind,tonly,,2,0,2129768291,12,GTCAGGATCTGA,run3,2.121896
blind_tonly_L2_nogeom_s2129768291,blind,tonly,,2,0,2129768291,12,GTCAGGATCTGA,run4,2.397035
blind_tonly_L2_nogeom_s2129768291,blind,tonly,,2,0,2129768291,16,GGATAGGCTTAGAATT,run1,3.437439
blind_tonly_L2_nogeom_s2129768291,blind,tonly,,2,0,2129768291,16,GGATAGGCTTAGAATT,run2,3.463534
blind_tonly_L2_nogeom_s2129768291,blind,tonly,,2,0,2129768291,16,GGATAGGCTTAGAATT,run3,3.593652
blind_tonly_L2_nogeom_s2129768291,blind,tonly,,2,0,2129768291,16,GGATAGGCTTAGAATT,run4,3.677661
blind_tonly_L2_nogeom_s2129768291,blind,tonly,,2,0,2129768291,16,GGGGGGGGGGGGGGGG,run1,2.903802
blind_tonly_L2_nogeom_s2129768291,blind,tonly,,2,0,2129768291,16,GGGGGGGGGGGGGGGG,run2,2.629521
blind_tonly_L2_nogeom_s2129768291,blind,tonly,,2,0,2129768291,16,GGGGGGGGGGGGGGGG,run3,2.859265
blind_tonly_L2_nogeom_s2129768291,blind,tonly,,2,0,2129768291,16,GGGGGGGGGGGGGGGG,run4,2.379180
blind_tonly_L2_nogeom_s2129768291,blind,tonly,,2,0,2129768291,16,GTCAGGATCTGACAGT,run1,3.191515
blind_tonly_L2_nogeom_s2129768291,blind,tonly,,2,0,2129768291,16,GTCAGGATCTGACAGT,run2,3.250918
blind_tonly_L2_nogeom_s2129768291,blind,tonly,,2,0,2129768291,16,GTCAGGATCTGACAGT,run3,2.968447
blind_tonly_L2_nogeom_s2129768291,blind,tonly,,2,0,2129768291,16,GTCAGGATCTGACAGT,run4,3.388499
blind_tonly_L2_nogeom_s2129768291,blind,tonly,,2,0,2129768291,16,TCAGTGCTAAGTCATG,run1,3.334311
blind_tonly_L2_nogeom_s2129768291,blind,tonly,,2,0,2129768291,16,TCAGTGCTAAGTCATG,run2,3.386490
blind_tonly_L2_nogeom_s2129768291,blind,tonly,,2,0,2129768291,16,TCAGTGCTAAGTCATG,run3,3.544878
blind_tonly_L2_nogeom_s2129768291,blind,tonly,,2,0,2129768291,16,TCAGTGCTAAGTCATG,run4,3.464637
blind_tonly_L2_nogeom_s3731635825,blind,tonly,,2,0,3731635825,12,ACTTGACAGTCA,run1,2.199521
blind_tonly_L2_nogeom_s3731635825,blind,tonly,,2,0,3731635825,12,ACTTGACAGTCA,run2,2.253091
blind_tonly_L2_nogeom_s3731635825,blind,tonly,,2,0,3731635825,12,ACTTGACAGTCA,run3,1.874292
blind_tonly_L2_nogeom_s3731635825,blind,tonly,,2,0,3731635825,12,ACTTGACAGTCA,run4,1.906716
blind_tonly_L2_nogeom_s3731635825,blind,tonly,,2,0,3731635825,12,ATATATATATAT,run1,1.720701
blind_tonly_L2_nogeom_s3731635825,blind,tonly,,2,0,3731635825,12,ATATATATATAT,run2,1.985398
blind_tonly_L2_nogeom_s3731635825,blind,tonly,,2,0,3731635825,12,ATATATATATAT,run3,1.609094
blind_tonly_L2_nogeom_s3731635825,blind,tonly,,2,0,3731635825,12,ATATATATATAT,run4,1.789252
blind_tonly_L2_nogeom_s3731635825,blind,tonly,,2,0,3731635825,12,GGGGGGGGGGGG,run1,2.035231
blind_tonly_L2_nogeom_s3731635825,blind,tonly,,2,0,3731635825,12,GGGGGGGGGGGG,run2,1.958529
blind_tonly_L2_nogeom_s3731635825,blind,tonly,,2,0,3731635825,12,GGGGGGGGGGGG,run3,1.883151
blind_tonly_L2_nogeom_s3731635825,blind,tonly,,2,0,3731635825,12,GGGGGGGGGGGG,run4,1.901629
blind_tonly_L2_nogeom_s3731635825,blind,tonly,,2,0,3731635825,12,GTCAGGATCTGA,run1,2.334301
blind_tonly_L2_nogeom_s3731635825,blind,tonly,,2,0,3731635825,12,GTCAGGATCTGA,run2,2.577927
blind_tonly_L2_nogeom_s3731635825,blind,tonly,,2,0,3731635825,12,GTCAGGATCTGA,run3,1.998486
blind_tonly_L2_nogeom_s3731635825,blind,tonly,,2,0,3731635825,12,GTCAGGATCTGA,run4,2.305478
blind_tonly_L2_nogeom_s3731635825,blind,tonly,,2,0,3731635825,16,GGATAGGCTTAGAATT,run1,3.117843
blind_tonly_L2_nogeom_s3731635825,blind,tonly,,2,0,3731635825,16,GGATAGGCTTAGAATT,run2,3.275253
blind_tonly_L2_nogeom_s3731635825,blind,tonly,,2,0,3731635825,16,GGATAGGCTTAGAATT,run3,3.348284
blind_tonly_L2_nogeom_s3731635825,blind,tonly,,2,0,3731635825,16,GGATAGGCTTAGAATT,run4,3.475007
blind_tonly_L2_nogeom_s3731635825,blind,tonly,,2,0,3731635825,16,GGGGGGGGGGGGGGGG,run1,2.862432
blind_tonly_L2_nogeom_s3731635825,blind,tonly,,2,0,3731635825,16,GGGGGGGGGGGGGGGG,run2,2.631823
blind_tonly_L2_nogeom_s3731635825,blind,tonly,,2,0,3731635825,16,GGGGGGGGGGGGGGGG,run3,2.831079
blind_tonly_L2_nogeom_s3731635825,blind,tonly,,2,0,3731635825,16,GGGGGGGGGGGGGGGG,run4,2.419871
blind_tonly_L2_nogeom_s3731635825,blind,tonly,,2,0,3731635825,16,GTCAGGATCTGACAGT,run1,3.155026
blind_tonly_L2_nogeom_s3731635825,blind,tonly,,2,0,3731635825,16,GTCAGGATCTGACAGT,run2,3.198545
blind_tonly_L2_nogeom_s3731635825,blind,tonly,,2,0,3731635825,16,GTCAGGATCTGACAGT,run3,2.918374
blind_tonly_L2_nogeom_s3731635825,blind,tonly,,2,0,3731635825,16,GTCAGGATCTGACAGT,run4,3.341334
blind_tonly_L2_nogeom_s3731635825,blind,tonly,,2,0,3731635825,16,TCAGTGCTAAGTCATG,run1,3.049908
blind_tonly_L2_nogeom_s3731635825,blind,tonly,,2,0,3731635825,16,TCAGTGCTAAGTCATG,run2,3.053681
blind_tonly_L2_nogeom_s3731635825,blind,tonly,,2,0,3731635825,16,TCAGTGCTAAGTCATG,run3,3.295163
blind_tonly_L2_nogeom_s3731635825,blind,tonly,,2,0,3731635825,16,TCAGTGCTAAGTCATG,run4,3.139614
blind_tonly_L4_geom_s1179027592,blind,tonly,,4,1,1179027592,12,ACTTGACAGTCA,run1,2.710672
blind_tonly_L4_geom_s1179027592,blind,tonly,,4,1,1179027592,12,ACTTGACAGTCA,run2,2.745517
blind_tonly_L4_geom_s1179027592,blind,tonly,,4,1,1179027592,12,ACTTGACAGTCA,run3,2.259068
blind_tonly_L4_geom_s1179027592,blind,tonly,,4,1,1179027592,12,ACTTGACAGTCA,run4,2.300774
blind_tonly_L4_geom_s1179027592,blind,tonly,,4,1,1179027592,12,ATATATATATAT,run1,2.289152
blind_tonly_L4_geom_s1179027592,blind,tonly,,4,1,1179027592,12,ATATATATATAT,run2,2.450329
blind_tonly_L4_geom_s1179027592,blind,tonly,,4,1,1179027592,12,ATATATATATAT,run3,2.072320
blind_tonly_L4_geom_s1179027592,blind,tonly,,4,1,1179027592,12,ATATATATATAT,run4,2.187157
blind_tonly_L4_geom_s1179027592,blind,tonly,,4,1,1179027592,12,GGGGGGGGGGGG,run1,2.272684
blind_tonly_L4_geom_s1179027592,blind,tonly,,4,1,1179027592,12,GGGGGGGGGGGG,run2,2.340752
blind_tonly_L4_geom_s1179027592,blind,tonly,,4,1,1179027592,12,GGGGGGGGGGGG,run3,2.007891
blind_tonly_L4_geom_s1179027592,blind,tonly,,4,1,1179027592,12,GGGGGGGGGGGG,run4,2.106300
blind_tonly_L4_geom_s1179027592,blind,tonly,,4,1,1179027592,12,GTCAGGATCTGA,run1,2.378878
blind_tonly_L4_geom_s1179027592,blind,tonly,,4,1,1179027592,12,GTCAGGATCTGA,run2,2.560875
blind_tonly_L4_geom_s1179027592,blind,tonly,,4,1,1179027592,12,GTCAGGATCTGA,run3,2.007852
blind_tonly_L4_geom_s1179027592,blind,tonly,,4,1,1179027592,12,GTCAGGATCTGA,run4,2.240553
blind_tonly_L4_geom_s1179027592,blind,tonly,,4,1,1179027592,16,GGATAGGCTTAGAATT,run1,3.738602
blind_tonly_L4_geom_s1179027592,blind,tonly,,4,1,1179027592,16,GGATAGGCTTAGAATT,run2,3.674712
blind_tonly_L4_geom_s1179027592,blind,tonly,,4,1,1179027592,16,GGATAGGCTTAGAATT,run3,3.890472
blind_tonly_L4_geom_s1179027592,blind,tonly,,4,1,1179027592,16,GGATAGGCTTAGAATT,run4,3.867892
blind_tonly_L4_geom_s1179027592,blind,tonly,,4,1,1179027592,16,GGGGGGGGGGGGGGGG,run1,3.525060
blind_tonly_L4_geom_s1179027592,blind,tonly,,4,1,1179027592,16,GGGGGGGGGGGGGGGG,run2,3.253982
blind_tonly_L4_geom_s1179027592,blind,tonly,,4,1,1179027592,16,GGGGGGGGGGGGGGGG,run3,3.439806
blind_tonly_L4_geom_s1179027592,blind,tonly,,4,1,1179027592,16,GGGGGGGGGGGGGGGG,run4,2.920562
blind_tonly_L4_geom_s1179027592,blind,tonly,,4,1,1179027592,16,GTCAGGATCTGACAGT,run1,3.248976
blind_tonly_L4_geom_s1179027592,blind,tonly,,4,1,1179027592,16,GTCAGGATCTGACAGT,run2,3.362907
blind_tonly_L4_geom_s1179027592,blind,tonly,,4,1,1179027592,16,GTCAGGATCTGACAGT,run3,2.925811
blind_tonly_L4_geom_s1179027592,blind,tonly,,4,1,1179027592,16,GTCAGGATCTGACAGT,run4,3.440557
blind_tonly_L4_geom_s1179027592,blind,tonly,,4,1,1179027592,16,TCAGTGCTAAGTCATG,run1,3.427580
blind_tonly_L4_geom_s1179027592,blind,tonly,,4,1,1179027592,16,TCAGTGCTAAGTCATG,run2,3.460803
blind_tonly_L4_geom_s1179027592,blind,tonly,,4,1,1179027592,16,TCAGTGCTAAGTCATG,run3,3.593497
blind_tonly_L4_geom_s1179027592,blind,tonly,,4,1,1179027592,16,TCAGTGCTAAGTCATG,run4,3.451200
blind_tonly_L4_geom_s2129768291,blind,tonly,,4,1,2129768291,12,ACTTGACAGTCA,run1,3.064466
blind_tonly_L4_geom_s2129768291,blind,tonly,,4,1,2129768291,12,ACTTGACAGTCA,run2,3.289659
blind_tonly_L4_geom_s2129768291,blind,tonly,,4,1,2129768291,12,ACTTGACAGTCA,run3,2.646573
blind_tonly_L4_geom_s2129768291,blind,tonly,,4,1,2129768291,12,ACTTGACAGTCA,run4,2.855011
blind_tonly_L4_geom_s2129768291,blind,tonly,,4,1,2129768291,12,ATATATATATAT,run1,2.483608
blind_tonly_L4_geom_s2129768291,blind,tonly,,4,1,2129768291,12,ATATATATATAT,run2,2.653129
blind_tonly_L4_geom_s2129768291,blind,tonly,,4,1,2129768291,12,ATATATATATAT,run3,2.240677
blind_tonly_L4_geom_s2129768291,blind,tonly,,4,1,2129768291,12,ATATATATATAT,run4,2.340366
blind_tonly_L4_geom_s2129768291,blind,tonly,,4,1,2129768291,12,GGGGGGGGGGGG,run1,2.446872
blind_tonly_L4_geom_s2129768291,blind,tonly,,4,1,2129768291,12,GGGGGGGGGGGG,run2,2.734074
blind_tonly_L4_geom_s2129768291,blind,tonly,,4,1,2129768291,12,GGGGGGGGGGGG,run3,2.222553
blind_tonly_L4_geom_s2129768291,blind,tonly,,4,1,2129768291,12,GGGGGGGGGGGG,run4,2.497555
blind_tonly_L4_geom_s2129768291,blind,tonly,,4,1,2129768291,12,GTCAGGATCTGA,run1,3.222056
blind_tonly_L4_geom_s2129768291,blind,tonly,,4,1,2129768291,12,GTCAGGATCTGA,run2,3.552362
blind_tonly_L4_geom_s2129768291,blind,tonly,,4,1,2129768291,12,GTCAGGATCTGA,run3,2.884598
blind_tonly_L4_geom_s2129768291,blind,tonly,,4,1,2129768291,12,GTCAGGATCTGA,run4,3.225503
blind_tonly_L4_geom_s2129768291,blind,tonly,,4,1,2129768291,16,GGATAGGCTTAGAATT,run1,4.102421
blind_tonly_L4_geom_s2129768291,blind,tonly,,4,1,2129768291,16,GGATAGGCTTAGAATT,run2,4.237090
blind_tonly_L4_geom_s2129768291,blind,tonly,,4,1,2129768291,16,GGATAGGCTTAGAATT,run3,4.297040
blind_tonly_L4_geom_s2129768291,blind,tonly,,4,1,2129768291,16,GGATAGGCTTAGAATT,run4,4.463860
blind_tonly_L4_geom_s2129768291,blind,tonly,,4,1,2129768291,16,GGGGGGGGGGGGGGGG,run1,3.954649
blind_tonly_L4_geom_s2129768291,blind,tonly,,4,1,2129768291,16,GGGGGGGGGGGGGGGG,run2,3.951189
blind_tonly_L4_geom_s2129768291,blind,tonly,,4,1,2129768291,16,GGGGGGGGGGGGGGGG,run3,3.988009
blind_tonly_L4_geom_s2129768291,blind,tonly,,4,1,2129768291,16,GGGGGGGGGGGGGGGG,run4,3.634725
blind_tonly_L4_geom_s2129768291,blind,tonly,,4,1,2129768291,16,GTCAGGATCTGACAGT,run1,4.584177
blind_tonly_L4_geom_s2129768291,blind,tonly,,4,1,2129768291,16,GTCAGGATCTGACAGT,run2,4.597590
blind_tonly_L4_geom_s2129768291,blind,tonly,,4,1,2129768291,16,GTCAGGATCTGACAGT,run3,4.323981
blind_tonly_L4_geom_s2129768291,blind,tonly,,4,1,2129768291,16,GTCAGGATCTGACAGT,run4,4.728165
blind_tonly_L4_geom_s2129768291,blind,tonly,,4,1,2129768291,16,TCAGTGCTAAGTCATG,run1,4.440722
blind_tonly_L4_geom_s2129768291,blind,tonly,,4,1,2129768291,16,TCAGTGCTAAGTCATG,run2,4.438305
blind_tonly_L4_geom_s2129768291,blind,tonly,,4,1,2129768291,16,TCAGTGCTAAGTCATG,run3,4.674044
blind_tonly_L4_geom_s2129768291,blind,tonly,,4,1,2129768291,16,TCAGTGCTAAGTCATG,run4,4.524958
blind_tonly_L4_geom_s3731635825,blind,tonly,,4,1,3731635825,12,ACTTGACAGTCA,run1,3.015576
blind_tonly_L4_geom_s3731635825,blind,tonly,,4,1,3731635825,12,ACTTGACAGTCA,run2,3.474047
blind_tonly_L4_geom_s3731635825,blind,tonly,,4,1,3731635825,12,ACTTGACAGTCA,run3,1.882767
blind_tonly_L4_geom_s3731635825,blind,tonly,,4,1,3731635825,12,ACTTGACAGTCA,run4,2.356054
blind_tonly_L4_geom_s3731635825,blind,tonly,,4,1,3731635825,12,ATATATATATAT,run1,3.020701
blind_tonly_L4_geom_s3731635825,blind,tonly,,4,1,3731635825,12,ATATATATATAT,run2,3.447569
blind_tonly_L4_geom_s3731635825,blind,tonly,,4,1,3731635825,12,ATATATATATAT,run3,2.229007
blind_tonly_L4_geom_s3731635825,blind,tonly,,4,1,3731635825,12,ATATATATATAT,run4,2.590766
blind_tonly_L4_geom_s3731635825,blind,tonly,,4,1,3731635825,12,GGGGGGGGGGGG,run1,2.842854
blind_tonly_L4_geom_s3731635825,blind,tonly,,4,1,3731635825,12,GGGGGGGGGGGG,run2,3.105677
blind_tonly_L4_geom_s3731635825,blind,tonly,,4,1,3731635825,12,GGGGGGGGGGGG,run3,2.172088
blind_tonly_L4_geom_s3731635825,blind,tonly,,4,1,3731635825,12,GGGGGGGGGGGG,run4,2.464391
blind_tonly_L4_geom_s3731635825,blind,tonly,,4,1,3731635825,12,GTCAGGATCTGA,run1,2.914371
blind_tonly_L4_geom_s3731635825,blind,tonly,,4,1,3731635825,12,GTCAGGATCTGA,run2,3.391051
blind_tonly_L4_geom_s3731635825,blind,tonly,,4,1,3731635825,12,GTCAGGATCTGA,run3,1.929899
blind_tonly_L4_geom_s3731635825,blind,tonly,,4,1,3731635825,12,GTCAGGATCTGA,run4,2.405433
blind_tonly_L4_geom_s3731635825,blind,tonly,,4,1,3731635825,16,GGATAGGCTTAGAATT,run1,4.218311
blind_tonly_L4_geom_s3731635825,blind,tonly,,4,1,3731635825,16,GGATAGGCTTAGAATT,run2,4.534408
blind_tonly_L4_geom_s3731635825,blind,tonly,,4,1,3731635825,16,GGATAGGCTTAGAATT,run3,3.852002
blind_tonly_L4_geom_s3731635825,blind,tonly,,4,1,3731635825,16,GGATAGGCTTAGAATT,run4,4.159609
blind_tonly_L4_geom_s3731635825,blind,tonly,,4,1,3731635825,16,GGGGGGGGGGGGGGGG,run1,4.247054
blind_tonly_L4_geom_s3731635825,blind,tonly,,4,1,3731635825,16,GGGGGGGGGGGGGGGG,run2,4.139236
blind_tonly_L4_geom_s3731635825,blind,tonly,,4,1,3731635825,16,GGGGGGGGGGGGGGGG,run3,3.834779
blind_tonly_L4_geom_s3731635825,blind,tonly,,4,1,3731635825,16,GGGGGGGGGGGGGGGG,run4,3.496839
blind_tonly_L4_geom_s3731635825,blind,tonly,,4,1,3731635825,16,GTCAGGATCTGACAGT,run1,4.004167
blind_tonly_L4_geom_s3731635825,blind,tonly,,4,1,3731635825,16,GTCAGGATCTGACAGT,run2,4.232154
blind_tonly_L4_geom_s3731635825,blind,tonly,,4,1,3731635825,16,GTCAGGATCTGACAGT,run3,3.150141
blind_tonly_L4_geom_s3731635825,blind,tonly,,4,1,3731635825,16,GTCAGGATCTGACAGT,run4,3.772022
blind_tonly_L4_geom_s3731635825,blind,tonly,,4,1,3731635825,16,TCAGTGCTAAGTCATG,run1,4.249200
blind_tonly_L4_geom_s3731635825,blind,tonly,,4,1,3731635825,16,TCAGTGCTAAGTCATG,run2,4.427797
blind_tonly_L4_geom_s3731635825,blind,tonly,,4,1,3731635825,16,TCAGTGCTAAGTCATG,run3,3.947828
blind_tonly_L4_geom_s3731635825,blind,tonly,,4,1,3731635825,16,TCAGTGCTAAGTCATG,run4,3.911184
blind_tonly_L4_nogeom_s1179027592,blind,tonly,,4,0,1179027592,12,ACTTGACAGTCA,run1,2.343367
blind_tonly_L4_nogeom_s1179027592,blind,tonly,,4,0,1179027592,12,ACTTGACAGTCA,run2,2.537420
blind_tonly_L4_nogeom_s1179027592,blind,tonly,,4,0,1179027592,12,ACTTGACAGTCA,run3,1.976280
blind_tonly_L4_nogeom_s1179027592,blind,tonly,,4,0,1179027592,12,ACTTGACAGTCA,run4,2.231998
blind_tonly_L4_nogeom_s1179027592,blind,tonly,,4,0,1179027592,12,ATATATATATAT,run1,2.210911
blind_tonly_L4_nogeom_s1179027592,blind,tonly,,4,0,1179027592,12,ATATATATATAT,run2,2.461968
blind_tonly_L4_nogeom_s1179027592,blind,tonly,,4,0,1179027592,12,ATATATATATAT,run3,1.982857
blind_tonly_L4_nogeom_s1179027592,blind,tonly,,4,0,1179027592,12,ATATATATATAT,run4,2.195868
blind_tonly_L4_nogeom_s1179027592,blind,tonly,,4,0,1179027592,12,GGGGGGGGGGGG,run1,1.961194
blind_tonly_L4_nogeom_s1179027592,blind,tonly,,4,0,1179027592,12,GGGGGGGGGGGG,run2,1.966320
blind_tonly_L4_nogeom_s1179027592,blind,tonly,,4,0,1179027592,12,GGGGGGGGGGGG,run3,1.682976
blind_tonly_L4_nogeom_s1179027592,blind,tonly,,4,0,1179027592,12,GGGGGGGGGGGG,run4,1.756828
blind_tonly_L4_nogeom_s1179027592,blind,tonly,,4,0,1179027592,12,GTCAGGATCTGA,run1,2.640447
blind_tonly_L4_nogeom_s1179027592,blind,tonly,,4,0,1179027592,12,GTCAGGATCTGA,run2,2.917871
blind_tonly_L4_nogeom_s1179027592,blind,tonly,,4,0,1179027592,12,GTCAGGATCTGA,run3,2.338113
blind_tonly_L4_nogeom_s1179027592,blind,tonly,,4,0,1179027592,12,GTCAGGATCTGA,run4,2.628608
blind_tonly_L4_nogeom_s1179027592,blind,tonly,,4,0,1179027592,16,GGATAGGCTTAGAATT,run1,3.944953
blind_tonly_L4_nogeom_s1179027592,blind,tonly,,4,0,1179027592,16,GGATAGGCTTAGAATT,run2,3.931249
blind_tonly_L4_nogeom_s1179027592,blind,tonly,,4,0,1179027592,16,GGATAGGCTTAGAATT,run3,4.086690
blind_tonly_L4_nogeom_s1179027592,blind,tonly,,4,0,1179027592,16,GGATAGGCTTAGAATT,run4,4.147385
blind_tonly_L4_nogeom_s1179027592,blind,tonly,,4,0,1179027592,16,GGGGGGGGGGGGGGGG,run1,2.964623
blind_tonly_L4_nogeom_s1179027592,blind,tonly,,4,0,1179027592,16,GGGGGGGGGGGGGGGG,run2,2.717923
blind_tonly_L4_nogeom_s1179027592,blind,tonly,,4,0,1179027592,16,GGGGGGGGGGGGGGGG,run3,2.849636
blind_tonly_L4_nogeom_s1179027592,blind,tonly,,4,0,1179027592,16,GGGGGGGGGGGGGGGG,run4,2.382208
blind_tonly_L4_nogeom_s1179027592,blind,tonly,,4,0,1179027592,16,GTCAGGATCTGACAGT,run1,3.717391
blind_tonly_L4_nogeom_s1179027592,blind,tonly,,4,0,1179027592,16,GTCAGGATCTGACAGT,run2,3.704137
blind_tonly_L4_nogeom_s1179027592,blind,tonly,,4,0,1179027592,16,GTCAGGATCTGACAGT,run3,3.423296
blind_tonly_L4_nogeom_s1179027592,blind,tonly,,4,0,1179027592,16,GTCAGGATCTGACAGT,run4,3.827055
blind_tonly_L4_nogeom_s1179027592,blind,tonly,,4,0,1179027592,16,TCAGTGCTAAGTCATG,run1,3.737988
blind_tonly_L4_nogeom_s1179027592,blind,tonly,,4,0,1179027592,16,TCAGTGCTAAGTCATG,run2,3.818883
blind_tonly_L4_nogeom_s1179027592,blind,tonly,,4,0,1179027592,16,TCAGTGCTAAGTCATG,run3,4.015480
blind_tonly_L4_nogeom_s1179027592,blind,tonly,,4,0,1179027592,16,TCAGTGCTAAGTCATG,run4,3.921188
blind_tonly_L4_nogeom_s2129768291,blind,tonly,,4,0,2129768291,12,ACTTGACAGTCA,run1,2.884016
blind_tonly_L4_nogeom_s2129768291,blind,tonly,,4,0,2129768291,12,ACTTGACAGTCA,run2,3.103141
blind_tonly_L4_nogeom_s2129768291,blind,tonly,,4,0,2129768291,12,ACTTGACAGTCA,run3,2.368041
blind_tonly_L4_nogeom_s2129768291,blind,tonly,,4,0,2129768291,12,ACTTGACAGTCA,run4,2.591422
blind_tonly_L4_nogeom_s2129768291,blind,tonly,,4,0,2129768291,12,ATATATATATAT,run1,2.229205
blind_tonly_L4_nogeom_s2129768291,blind,tonly,,4,0,2129768291,12,ATATATATATAT,run2,2.464680
blind_tonly_L4_nogeom_s2129768291,blind,tonly,,4,0,2129768291,12,ATATATATATAT,run3,1.878633
blind_tonly_L4_nogeom_s2129768291,blind,tonly,,4,0,2129768291,12,ATATATATATAT,run4,2.148047
blind_tonly_L4_nogeom_s2129768291,blind,tonly,,4,0,2129768291,12,GGGGGGGGGGGG,run1,2.515892
blind_tonly_L4_nogeom_s2129768291,blind,tonly,,4,0,2129768291,12,GGGGGGGGGGGG,run2,2.589294
blind_tonly_L4_nogeom_s2129768291,blind,tonly,,4,0,2129768291,12,GGGGGGGGGGGG,run3,2.254863
blind_tonly_L4_nogeom_s2129768291,blind,tonly,,4,0,2129768291,12,GGGGGGGGGGGG,run4,2.388317
blind_tonly_L4_nogeom_s2129768291,blind,tonly,,4,0,2129768291,12,GTCAGGATCTGA,run1,2.608288
blind_tonly_L4_nogeom_s2129768291,blind,tonly,,4,0,2129768291,12,GTCAGGATCTGA,run2,2.907171
blind_tonly_L4_nogeom_s2129768291,blind,tonly,,4,0,2129768291,12,GTCAGGATCTGA,run3,2.281476
blind_tonly_L4_nogeom_s2129768291,blind,tonly,,4,0,2129768291,12,GTCAGGATCTGA,run4,2.570382
blind_tonly_L4_nogeom_s2129768291,blind,tonly,,4,0,2129768291,16,GGATAGGCTTAGAATT,run1,4.360629
blind_tonly_L4_nogeom_s2129768291,blind,tonly,,4,0,2129768291,16,GGATAGGCTTAGAATT,run2,4.333249
blind_tonly_L4_nogeom_s2129768291,blind,tonly,,4,0,2129768291,16,GGATAGGCTTAGAATT,run3,4.499628
blind_tonly_L4_nogeom_s2129768291,blind,tonly,,4,0,2129768291,16,GGATAGGCTTAGAATT,run4,4.515614
blind_tonly_L4_nogeom_s2129768291,blind,tonly,,4,0,2129768291,16,GGGGGGGGGGGGGGGG,run1,3.899338
blind_tonly_L4_nogeom_s2129768291,blind,tonly,,4,0,2129768291,16,GGGGGGGGGGGGGGGG,run2,3.661366
blind_tonly_L4_nogeom_s2129768291,blind,tonly,,4,0,2129768291,16,GGGGGGGGGGGGGGGG,run3,3.871761
blind_tonly_L4_nogeom_s2129768291,blind,tonly,,4,0,2129768291,16,GGGGGGGGGGGGGGGG,run4,3.371249
blind_tonly_L4_nogeom_s2129768291,blind,tonly,,4,0,2129768291,16,GTCAGGATCTGACAGT,run1,3.853696
blind_tonly_L4_nogeom_s2129768291,blind,tonly,,4,0,2129768291,16,GTCAGGATCTGACAGT,run2,3.851060
blind_tonly_L4_nogeom_s2129768291,blind,tonly,,4,0,2129768291,16,GTCAGGATCTGACAGT,run3,3.480112
blind_tonly_L4_nogeom_s2129768291,blind,tonly,,4,0,2129768291,16,GTCAGGATCTGACAGT,run4,3.896723
blind_tonly_L4_nogeom_s2129768291,blind,tonly,,4,0,2129768291,16,TCAGTGCTAAGTCATG,run1,4.158420
blind_tonly_L4_nogeom_s2129768291,blind,tonly,,4,0,2129768291,16,TCAGTGCTAAGTCATG,run2,4.167056
blind_tonly_L4_nogeom_s2129768291,blind,tonly,,4,0,2129768291,16,TCAGTGCTAAGTCATG,run3,4.348118
blind_tonly_L4_nogeom_s2129768291,blind,tonly,,4,0,2129768291,16,TCAGTGCTAAGTCATG,run4,4.199040
blind_tonly_L4_nogeom_s3731635825,blind,tonly,,4,0,3731635825,12,ACTTGACAGTCA,run1,9.437659
blind_tonly_L4_nogeom_s3731635825,blind,tonly,,4,0,3731635825,12,ACTTGACAGTCA,run2,9.911426
blind_tonly_L4_nogeom_s3731635825,blind,tonly,,4,0,3731635825,12,ACTTGACAGTCA,run3,8.266392
blind_tonly_L4_nogeom_s3731635825,blind,tonly,,4,0,3731635825,12,ACTTGACAGTCA,run4,8.714403
blind_tonly_L4_nogeom_s3731635825,blind,tonly,,4,0,3731635825,12,ATATATATATAT,run1,7.567093
blind_tonly_L4_nogeom_s3731635825,blind,tonly,,4,0,3731635825,12,ATATATATATAT,run2,7.769020
blind_tonly_L4_nogeom_s3731635825,blind,tonly,,4,0,3731635825,12,ATATATATATAT,run3,6.707686
blind_tonly_L4_nogeom_s3731635825,blind,tonly,,4,0,3731635825,12,ATATATATATAT,run4,6.873007
blind_tonly_L4_nogeom_s3731635825,blind,tonly,,4,0,3731635825,12,GGGGGGGGGGGG,run1,7.333048
blind_tonly_L4_nogeom_s3731635825,blind,tonly,,4,0,3731635825,12,GGGGGGGGGGGG,run2,7.933773
blind_tonly_L4_nogeom_s3731635825,blind,tonly,,4,0,3731635825,12,GGGGGGGGGGGG,run3,6.614042
blind_tonly_L4_nogeom_s3731635825,blind,tonly,,4,0,3731635825,12,GGGGGGGGGGGG,run4,7.173361
blind_tonly_L4_nogeom_s3731635825,blind,tonly,,4,0,3731635825,12,GTCAGGATCTGA,run1,8.689974
blind_tonly_L4_nogeom_s3731635825,blind,tonly,,4,0,3731635825,12,GTCAGGATCTGA,run2,9.841173
blind_tonly_L4_nogeom_s3731635825,blind,tonly,,4,0,3731635825,12,GTCAGGATCTGA,run3,7.583516
blind_tonly_L4_nogeom_s3731635825,blind,tonly,,4,0,3731635825,12,GTCAGGATCTGA,run4,8.687038
blind_tonly_L4_nogeom_s3731635825,blind,tonly,,4,0,3731635825,16,GGATAGGCTTAGAATT,run1,12.998524
blind_tonly_L4_nogeom_s3731635825,blind,tonly,,4,0,3731635825,16,GGATAGGCTTAGAATT,run2,13.235667
blind_tonly_L4_nogeom_s3731635825,blind,tonly,,4,0,3731635825,16,GGATAGGCTTAGAATT,run3,12.576651
blind_tonly_L4_nogeom_s3731635825,blind,tonly,,4,0,3731635825,16,GGATAGGCTTAGAATT,run4,12.785941
blind_tonly_L4_nogeom_s3731635825,blind,tonly,,4,0,3731635825,16,GGGGGGGGGGGGGGGG,run1,10.083978
blind_tonly_L4_nogeom_s3731635825,blind,tonly,,4,0,3731635825,16,GGGGGGGGGGGGGGGG,run2,10.277765
blind_tonly_L4_nogeom_s3731635825,blind,tonly,,4,0,3731635825,16,GGGGGGGGGGGGGGGG,run3,9.654591
blind_tonly_L4_nogeom_s3731635825,blind,tonly,,4,0,3731635825,16,GGGGGGGGGGGGGGGG,run4,9.530470
blind_tonly_L4_nogeom_s3731635825,blind,tonly,,4,0,3731635825,16,GTCAGGATCTGACAGT,run1,12.054766
blind_tonly_L4_nogeom_s3731635825,blind,tonly,,4,0,3731635825,16,GTCAGGATCTGACAGT,run2,12.323275
blind_tonly_L4_nogeom_s3731635825,blind,tonly,,4,0,3731635825,16,GTCAGGATCTGACAGT,run3,11.096092
blind_tonly_L4_nogeom_s3731635825,blind,tonly,,4,0,3731635825,16,GTCAGGATCTGACAGT,run4,11.795706
blind_tonly_L4_nogeom_s3731635825,blind,tonly,,4,0,3731635825,16,TCAGTGCTAAGTCATG,run1,12.688069
blind_tonly_L4_nogeom_s3731635825,blind,tonly,,4,0,3731635825,16,TCAGTGCTAAGTCATG,run2,13.106628
blind_tonly_L4_nogeom_s3731635825,blind,tonly,,4,0,3731635825,16,TCAGTGCTAAGTCATG,run3,12.327162
blind_tonly_L4_nogeom_s3731635825,blind,tonly,,4,0,3731635825,16,TCAGTGCTAAGTCATG,run4,12.522306
ham_dos_n1_L2_geom_s1179027592,ham,dos,1,2,1,1179027592,12,ACTTGACAGTCA,run1,0.790053
ham_dos_n1_L2_geom_s1179027592,ham,dos,1,2,1,1179027592,12,ACTTGACAGTCA,run2,0.900379
ham_dos_n1_L2_geom_s1179027592,ham,dos,1,2,1,1179027592,12,ACTTGACAGTCA,run3,1.003987
ham_dos_n1_L2_geom_s1179027592,ham,dos,1,2,1,1179027592,12,ACTTGACAGTCA,run4,1.225256
ham_dos_n1_L2_geom_s1179027592,ham,dos,1,2,1,1179027592,12,ATATATATATAT,run1,3.315565
ham_dos_n1_L2_geom_s1179027592,ham,dos,1,2,1,1179027592,12,ATATATATATAT,run2,2.478269
ham_dos_n1_L2_geom_s1179027592,ham,dos,1,2,1,1179027592,12,ATATATATATAT,run3,3.330393
ham_dos_n1_L2_geom_s1179027592,ham,dos,1,2,1,1179027592,12,ATATATATATAT,run4,2.680560
ham_dos_n1_L2_geom_s1179027592,ham,dos,1,2,1,1179027592,12,GGGGGGGGGGGG,run1,4.440985
ham_dos_n1_L2_geom_s1179027592,ham,dos,1,2,1,1179027592,12,GGGGGGGGGGGG,run2,4.272233
ham_dos_n1_L2_geom_s1179027592,ham,dos,1,2,1,1179027592,12,GGGGGGGGGGGG,run3,4.274755
ham_dos_n1_L2_geom_s1179027592,ham,dos,1,2,1,1179027592,12,GGGGGGGGGGGG,run4,4.329770
ham_dos_n1_L2_geom_s1179027592,ham,dos,1,2,1,1179027592,12,GTCAGGATCTGA,run1,1.560357
ham_dos_n1_L2_geom_s1179027592,ham,dos,1,2,1,1179027592,12,GTCAGGATCTGA,run2,1.307984
ham_dos_n1_L2_geom_s1179027592,ham,dos,1,2,1,1179027592,12,GTCAGGATCTGA,run3,1.735620
ham_dos_n1_L2_geom_s1179027592,ham,dos,1,2,1,1179027592,12,GTCAGGATCTGA,run4,1.586975
ham_dos_n1_L2_geom_s1179027592,ham,dos,1,2,1,1179027592,16,GGATAGGCTTAGAATT,run1,0.861984
ham_dos_n1_L2_geom_s1179027592,ham,dos,1,2,1,1179027592,16,GGATAGGCTTAGAATT,run2,0.606421
ham_dos_n1_L2_geom_s1179027592,ham,dos,1,2,1,1179027592,16,GGATAGGCTTAGAATT,run3,0.856811
ham_dos_n1_L2_geom_s1179027592,ham,dos,1,2,1,1179027592,16,GGATAGGCTTAGAATT,run4,0.739474
ham_dos_n1_L2_geom_s1179027592,ham,dos,1,2,1,1179027592,16,GGGGGGGGGGGGGGGG,run1,5.392518
ham_dos_n1_L2_geom_s1179027592,ham,dos,1,2,1,1179027592,16,GGGGGGGGGGGGGGGG,run2,5.232708
ham_dos_n1_L2_geom_s1179027592,ham,dos,1,2,1,1179027592,16,GGGGGGGGGGGGGGGG,run3,5.288092
ham_dos_n1_L2_geom_s1179027592,ham,dos,1,2,1,1179027592,16,GGGGGGGGGGGGGGGG,run4,5.403651
ham_dos_n1_L2_geom_s1179027592,ham,dos,1,2,1,1179027592,16,GTCAGGATCTGACAGT,run1,1.539912
ham_dos_n1_L2_geom_s1179027592,ham,dos,1,2,1,1179027592,16,GTCAGGATCTGACAGT,run2,1.372914
ham_dos_n1_L2_geom_s1179027592,ham,dos,1,2,1,1179027592,16,GTCAGGATCTGACAGT,run3,1.935217
ham_dos_n1_L2_geom_s1179027592,ham,dos,1,2,1,1179027592,16,GTCAGGATCTGACAGT,run4,1.631441
ham_dos_n1_L2_geom_s1179027592,ham,dos,1,2,1,1179027592,16,TCAGTGCTAAGTCATG,run1,0.949930
ham_dos_n1_L2_geom_s1179027592,ham,dos,1,2,1,1179027592,16,TCAGTGCTAAGTCATG,run2,1.085084
ham_dos_n1_L2_geom_s1179027592,ham,dos,1,2,1,1179027592,16,TCAGTGCTAAGTCATG,run3,1.208909
ham_dos_n1_L2_geom_s1179027592,ham,dos,1,2,1,1179027592,16,TCAGTGCTAAGTCATG,run4,1.333038
ham_dos_n1_L2_geom_s2129768291,ham,dos,1,2,1,2129768291,12,ACTTGACAGTCA,run1,0.979022
ham_dos_n1_L2_geom_s2129768291,ham,dos,1,2,1,2129768291,12,ACTTGACAGTCA,run2,1.040862
ham_dos_n1_L2_geom_s2129768291,ham,dos,1,2,1,2129768291,12,ACTTGACAGTCA,run3,1.139009
ham_dos_n1_L2_geom_s2129768291,ham,dos,1,2,1,2129768291,12,ACTTGACAGTCA,run4,1.150620
ham_dos_n1_L2_geom_s2129768291,ham,dos,1,2,1,2129768291,12,ATATATATATAT,run1,5.305422
ham_dos_n1_L2_geom_s2129768291,ham,dos,1,2,1,2129768291,12,ATATATATATAT,run2,5.395352
ham_dos_n1_L2_geom_s2129768291,ham,dos,1,2,1,2129768291,12,ATATATATATAT,run3,5.522901
ham_dos_n1_L2_geom_s2129768291,ham,dos,1,2,1,2129768291,12,ATATATATATAT,run4,5.225727
ham_dos_n1_L2_geom_s2129768291,ham,dos,1,2,1,2129768291,12,GGGGGGGGGGGG,run1,4.539250
ham_dos_n1_L2_geom_s2129768291,ham,dos,1,2,1,2129768291,12,GGGGGGGGGGGG,run2,4.280997
ham_dos_n1_L2_geom_s2129768291,ham,dos,1,2,1,2129768291,12,GGGGGGGGGGGG,run3,4.263400
ham_dos_n1_L2_geom_s2129768291,ham,dos,1,2,1,2129768291,12,GGGGGGGGGGGG,run4,4.243335
ham_dos_n1_L2_geom_s2129768291,ham,dos,1,2,1,2129768291,12,GTCAGGATCTGA,run1,1.722843
ham_dos_n1_L2_geom_s2129768291,ham,dos,1,2,1,2129768291,12,GTCAGGATCTGA,run2,1.280852
ham_dos_n1_L2_geom_s2129768291,ham,dos,1,2,1,2129768291,12,GTCAGGATCTGA,run3,1.752353
ham_dos_n1_L2_geom_s2129768291,ham,dos,1,2,1,2129768291,12,GTCAGGATCTGA,run4,1.496196
ham_dos_n1_L2_geom_s2129768291,ham,dos,1,2,1,2129768291,16,GGATAGGCTTAGAATT,run1,0.853982
ham_dos_n1_L2_geom_s2129768291,ham,dos,1,2,1,2129768291,16,GGATAGGCTTAGAATT,run2,0.728463
ham_dos_n1_L2_geom_s2129768291,ham,dos,1,2,1,2129768291,16,GGATAGGCTTAGAATT,run3,0.967824
ham_dos_n1_L2_geom_s2129768291,ham,dos,1,2,1,2129768291,16,GGATAGGCTTAGAATT,run4,0.985095
ham_dos_n1_L2_geom_s2129768291,ham,dos,1,2,1,2129768291,16,GGGGGGGGGGGGGGGG,run1,5.742593
ham_dos_n1_L2_geom_s2129768291,ham,dos,1,2,1,2129768291,16,GGGGGGGGGGGGGGGG,run2,5.562796
ham_dos_n1_L2_geom_s2129768291,ham,dos,1,2,1,2129768291,16,GGGGGGGGGGGGGGGG,run3,5.563488
ham_dos_n1_L2_geom_s2129768291,ham,dos,1,2,1,2129768291,16,GGGGGGGGGGGGGGGG,run4,5.751275
ham_dos_n1_L2_geom_s2129768291,ham,dos,1,2,1,2129768291,16,GTCAGGATCTGACAGT,run1,1.996901
ham_dos_n1_L2_geom_s2129768291,ham,dos,1,2,1,2129768291,16,GTCAGGATCTGACAGT,run2,1.908855
ham_dos_n1_L2_geom_s2129768291,ham,dos,1,2,1,2129768291,16,GTCAGGATCTGACAGT,run3,2.274043
ham_dos_n1_L2_geom_s2129768291,ham,dos,1,2,1,2129768291,16,GTCAGGATCTGACAGT,run4,2.032284
ham_dos_n1_L2_geom_s2129768291,ham,dos,1,2,1,2129768291,16,TCAGTGCTAAGTCATG,run1,1.158784
ham_dos_n1_L2_geom_s2129768291,ham,dos,1,2,1,2129768291,16,TCAGTGCTAAGTCATG,run2,0.870628
ham_dos_n1_L2_geom_s2129768291,ham,dos,1,2,1,2129768291,16,TCAGTGCTAAGTCATG,run3,1.234959
ham_dos_n1_L2_geom_s2129768291,ham,dos,1,2,1,2129768291,16,TCAGTGCTAAGTCATG,run4,1.063054
ham_dos_n1_L2_geom_s3731635825,ham,dos,1,2,1,3731635825,12,ACTTGACAGTCA,run1,0.919073
ham_dos_n1_L2_geom_s3731635825,ham,dos,1,2,1,3731635825,12,ACTTGACAGTCA,run2,0.917586
ham_dos_n1_L2_geom_s3731635825,ham,dos,1,2,1,3731635825,12,ACTTGACAGTCA,run3,0.993049
ham_dos_n1_L2_geom_s3731635825,ham,dos,1,2,1,3731635825,12,ACTTGACAGTCA,run4,1.002608
ham_dos_n1_L2_geom_s3731635825,ham,dos,1,2,1,3731635825,12,ATATATATATAT,run1,4.750066
ham_dos_n1_L2_geom_s3731635825,ham,dos,1,2,1,3731635825,12,ATATATATATAT,run2,4.644118
ham_dos_n1_L2_geom_s3731635825,ham,dos,1,2,1,3731635825,12,ATATATATATAT,run3,4.677808
ham_dos_n1_L2_geom_s3731635825,ham,dos,1,2,1,3731635825,12,ATATATATATAT,run4,4.700827
ham_dos_n1_L2_geom_s3731635825,ham,dos,1,2,1,3731635825,12,GGGGGGGGGGGG,run1,4.379862
ham_dos_n1_L2_geom_s3731635825,ham,dos,1,2,1,3731635825,12,GGGGGGGGGGGG,run2,4.047913
ham_dos_n1_L2_geom_s3731635825,ham,dos,1,2,1,3731635825,12,GGGGGGGGGGGG,run3,4.226014
ham_dos_n1_L2_geom_s3731635825,ham,dos,1,2,1,3731635825,12,GGGGGGGGGGGG,run4,4.201377
ham_dos_n1_L2_geom_s3731635825,ham,dos,1,2,1,3731635825,12,GTCAGGATCTGA,run1,1.643387
ham_dos_n1_L2_geom_s3731635825,ham,dos,1,2,1,3731635825,12,GTCAGGATCTGA,run2,1.542369
ham_dos_n1_L2_geom_s3731635825,ham,dos,1,2,1,3731635825,12,GTCAGGATCTGA,run3,1.769308
ham_dos_n1_L2_geom_s3731635825,ham,dos,1,2,1,3731635825,12,GTCAGGATCTGA,run4,1.509484
ham_dos_n1_L2_geom_s3731635825,ham,dos,1,2,1,3731635825,16,GGATAGGCTTAGAATT,run1,1.216806
ham_dos_n1_L2_geom_s3731635825,ham,dos,1,2,1,3731635825,16,GGATAGGCTTAGAATT,run2,1.079322
ham_dos_n1_L2_geom_s3731635825,ham,dos,1,2,1,3731635825,16,GGATAGGCTTAGAATT,run3,1.189595
ham_dos_n1_L2_geom_s3731635825,ham,dos,1,2,1,3731635825,16,GGATAGGCTTAGAATT,run4,1.130026
ham_dos_n1_L2_geom_s3731635825,ham,dos,1,2,1,3731635825,16,GGGGGGGGGGGGGGGG,run1,5.659628
ham_dos_n1_L2_geom_s3731635825,ham,dos,1,2,1,3731635825,16,GGGGGGGGGGGGGGGG,run2,5.312011
ham_dos_n1_L2_geom_s3731635825,ham,dos,1,2,1,3731635825,16,GGGGGGGGGGGGGGGG,run3,5.503174
ham_dos_n1_L2_geom_s3731635825,ham,dos,1,2,1,3731635825,16,GGGGGGGGGGGGGGGG,run4,5.685450
ham_dos_n1_L2_geom_s3731635825,ham,dos,1,2,1,3731635825,16,GTCAGGATCTGACAGT,run1,1.699188
ham_dos_n1_L2_geom_s3731635825,ham,dos,1,2,1,3731635825,16,GTCAGGATCTGACAGT,run2,1.619869
ham_dos_n1_L2_geom_s3731635825,ham,dos,1,2,1,3731635825,16,GTCAGGATCTGACAGT,run3,2.048821
ham_dos_n1_L2_geom_s3731635825,ham,dos,1,2,1,3731635825,16,GTCAGGATCTGACAGT,run4,1.806091
ham_dos_n1_L2_geom_s3731635825,ham,dos,1,2,1,3731635825,16,TCAGTGCTAAGTCATG,run1,0.884082
ham_dos_n1_L2_geom_s3731635825,ham,dos,1,2,1,3731635825,16,TCAGTGCTAAGTCATG,run2,0.844536
ham_dos_n1_L2_geom_s3731635825,ham,dos,1,2,1,3731635825,16,TCAGTGCTAAGTCATG,run3,0.990851
ham_dos_n1_L2_geom_s3731635825,ham,dos,1,2,1,3731635825,16,TCAGTGCTAAGTCATG,run4,0.964812
ham_dos_n1_L2_nogeom_s1179027592,ham,dos,1,2,0,1179027592,12,ACTTGACAGTCA,run1,1.065908
ham_dos_n1_L2_nogeom_s1179027592,ham,dos,1,2,0,1179027592,12,ACTTGACAGTCA,run2,1.282521
ham_dos_n1_L2_nogeom_s1179027592,ham,dos,1,2,0,1179027592,12,ACTTGACAGTCA,run3,1.080766
ham_dos_n1_L2_nogeom_s1179027592,ham,dos,1,2,0,1179027592,12,ACTTGACAGTCA,run4,1.100667
ham_dos_n1_L2_nogeom_s1179027592,ham,dos,1,2,0,1179027592,12,ATATATATATAT,run1,4.461133
ham_dos_n1_L2_nogeom_s1179027592,ham,dos,1,2,0,1179027592,12,ATATATATATAT,run2,4.364389
ham_dos_n1_L2_nogeom_s1179027592,ham,dos,1,2,0,1179027592,12,ATATATATATAT,run3,4.605660
ham_dos_n1_L2_nogeom_s1179027592,ham,dos,1,2,0,1179027592,12,ATATATATATAT,run4,4.507708
ham_dos_n1_L2_nogeom_s1179027592,ham,dos,1,2,0,1179027592,12,GGGGGGGGGGGG,run1,4.329064
ham_dos_n1_L2_nogeom_s1179027592,ham,dos,1,2,0,1179027592,12,GGGGGGGGGGGG,run2,4.083008
ham_dos_n1_L2_nogeom_s1179027592,ham,dos,1,2,0,1179027592,12,GGGGGGGGGGGG,run3,4.316416
ham_dos_n1_L2_nogeom_s1179027592,ham,dos,1,2,0,1179027592,12,GGGGGGGGGGGG,run4,4.275410
ham_dos_n1_L2_nogeom_s1179027592,ham,dos,1,2,0,1179027592,12,GTCAGGATCTGA,run1,1.425402
ham_dos_n1_L2_nogeom_s1179027592,ham,dos,1,2,0,1179027592,12,GTCAGGATCTGA,run2,1.459761
ham_dos_n1_L2_nogeom_s1179027592,ham,dos,1,2,0,1179027592,12,GTCAGGATCTGA,run3,1.619241
ham_dos_n1_L2_nogeom_s1179027592,ham,dos,1,2,0,1179027592,12,GTCAGGATCTGA,run4,1.520100
ham_dos_n1_L2_nogeom_s1179027592,ham,dos,1,2,0,1179027592,16,GGATAGGCTTAGAATT,run1,0.839949
ham_dos_n1_L2_nogeom_s1179027592,ham,dos,1,2,0,1179027592,16,GGATAGGCTTAGAATT,run2,0.662194
ham_dos_n1_L2_nogeom_s1179027592,ham,dos,1,2,0,1179027592,16,GGATAGGCTTAGAATT,run3,0.905687
ham_dos_n1_L2_nogeom_s1179027592,ham,dos,1,2,0,1179027592,16,GGATAGGCTTAGAATT,run4,0.865947
ham_dos_n1_L2_nogeom_s1179027592,ham,dos,1,2,0,1179027592,16,GGGGGGGGGGGGGGGG,run1,5.359229
ham_dos_n1_L2_nogeom_s1179027592,ham,dos,1,2,0,1179027592,16,GGGGGGGGGGGGGGGG,run2,4.980617
ham_dos_n1_L2_nogeom_s1179027592,ham,dos,1,2,0,1179027592,16,GGGGGGGGGGGGGGGG,run3,5.384112
ham_dos_n1_L2_nogeom_s1179027592,ham,dos,1,2,0,1179027592,16,GGGGGGGGGGGGGGGG,run4,5.328590
ham_dos_n1_L2_nogeom_s1179027592,ham,dos,1,2,0,1179027592,16,GTCAGGATCTGACAGT,run1,1.640819
ham_dos_n1_L2_nogeom_s1179027592,ham,dos,1,2,0,1179027592,16,GTCAGGATCTGACAGT,run2,1.777992
ham_dos_n1_L2_nogeom_s1179027592,ham,dos,1,2,0,1179027592,16,GTCAGGATCTGACAGT,run3,2.118161
ham_dos_n1_L2_nogeom_s1179027592,ham,dos,1,2,0,1179027592,16,GTCAGGATCTGACAGT,run4,1.754772
ham_dos_n1_L2_nogeom_s1179027592,ham,dos,1,2,0,1179027592,16,TCAGTGCTAAGTCATG,run1,0.896559
ham_dos_n1_L2_nogeom_s1179027592,ham,dos,1,2,0,1179027592,16,TCAGTGCTAAGTCATG,run2,0.822185
ham_dos_n1_L2_nogeom_s1179027592,ham,dos,1,2,0,1179027592,16,TCAGTGCTAAGTCATG,run3,1.101768
ham_dos_n1_L2_nogeom_s1179027592,ham,dos,1,2,0,1179027592,16,TCAGTGCTAAGTCATG,run4,1.015758
ham_dos_n1_L2_nogeom_s2129768291,ham,dos,1,2,0,2129768291,12,ACTTGACAGTCA,run1,0.975549
ham_dos_n1_L2_nogeom_s2129768291,ham,dos,1,2,0,2129768291,12,ACTTGACAGTCA,run2,1.118332
ham_dos_n1_L2_nogeom_s2129768291,ham,dos,1,2,0,2129768291,12,ACTTGACAGTCA,run3,1.100638
ham_dos_n1_L2_nogeom_s2129768291,ham,dos,1,2,0,2129768291,12,ACTTGACAGTCA,run4,1.259670
ham_dos_n1_L2_nogeom_s2129768291,ham,dos,1,2,0,2129768291,12,ATATATATATAT,run1,3.588605
ham_dos_n1_L2_nogeom_s2129768291,ham,dos,1,2,0,2129768291,12,ATATATATATAT,run2,3.370306
ham_dos_n1_L2_nogeom_s2129768291,ham,dos,1,2,0,2129768291,12,ATATATATATAT,run3,3.473890
ham_dos_n1_L2_nogeom_s2129768291,ham,dos,1,2,0,2129768291,12,ATATATATATAT,run4,3.410181
ham_dos_n1_L2_nogeom_s2129768291,ham,dos,1,2,0,2129768291,12,GGGGGGGGGGGG,run1,4.441804
ham_dos_n1_L2_nogeom_s2129768291,ham,dos,1,2,0,2129768291,12,GGGGGGGGGGGG,run2,4.311187
ham_dos_n1_L2_nogeom_s2129768291,ham,dos,1,2,0,2129768291,12,GGGGGGGGGGGG,run3,4.256941
ham_dos_n1_L2_nogeom_s2129768291,ham,dos,1,2,0,2129768291,12,GGGGGGGGGGGG,run4,4.401952
ham_dos_n1_L2_nogeom_s2129768291,ham,dos,1,2,0,2129768291,12,GTCAGGATCTGA,run1,1.452274
ham_dos_n1_L2_nogeom_s2129768291,ham,dos,1,2,0,2129768291,12,GTCAGGATCTGA,run2,1.204243
ham_dos_n1_L2_nogeom_s2129768291,ham,dos,1,2,0,2129768291,12,GTCAGGATCTGA,run3,1.602838
ham_dos_n1_L2_nogeom_s2129768291,ham,dos,1,2,0,2129768291,12,GTCAGGATCTGA,run4,1.448037
ham_dos_n1_L2_nogeom_s2129768291,ham,dos,1,2,0,2129768291,16,GGATAGGCTTAGAATT,run1,1.313081
ham_dos_n1_L2_nogeom_s2129768291,ham,dos,1,2,0,2129768291,16,GGATAGGCTTAGAATT,run2,1.108394
ham_dos_n1_L2_nogeom_s2129768291,ham,dos,1,2,0,2129768291,16,GGATAGGCTTAGAATT,run3,1.236369
ham_dos_n1_L2_nogeom_s2129768291,ham,dos,1,2,0,2129768291,16,GGATAGGCTTAGAATT,run4,1.268872
ham_dos_n1_L2_nogeom_s2129768291,ham,dos,1,2,0,2129768291,16,GGGGGGGGGGGGGGGG,run1,5.995362
ham_dos_n1_L2_nogeom_s2129768291,ham,dos,1,2,0,2129768291,16,GGGGGGGGGGGGGGGG,run2,5.747857
ham_dos_n1_L2_nogeom_s2129768291,ham,dos,1,2,0,2129768291,16,GGGGGGGGGGGGGGGG,run3,5.939279
ham_dos_n1_L2_nogeom_s2129768291,ham,dos,1,2,0,2129768291,16,GGGGGGGGGGGGGGGG,run4,6.148613
ham_dos_n1_L2_nogeom_s2129768291,ham,dos,1,2,0,2129768291,16,GTCAGGATCTGACAGT,run1,1.408616
ham_dos_n1_L2_nogeom_s2129768291,ham,dos,1,2,0,2129768291,16,GTCAGGATCTGACAGT,run2,1.279676
ham_dos_n1_L2_nogeom_s2129768291,ham,dos,1,2,0,2129768291,16,GTCAGGATCTGACAGT,run3,1.739626
ham_dos_n1_L2_nogeom_s2129768291,ham,dos,1,2,0,2129768291,16,GTCAGGATCTGACAGT,run4,1.505087
ham_dos_n1_L2_nogeom_s2129768291,ham,dos,1,2,0,2129768291,16,TCAGTGCTAAGTCATG,run1,1.271255
ham_dos_n1_L2_nogeom_s2129768291,ham,dos,1,2,0,2129768291,16,TCAGTGCTAAGTCATG,run2,1.089604
ham_dos_n1_L2_nogeom_s2129768291,ham,dos,1,2,0,2129768291,16,TCAGTGCTAAGTCATG,run3,1.359814
ham_dos_n1_L2_nogeom_s2129768291,ham,dos,1,2,0,2129768291,16,TCAGTGCTAAGTCATG,run4,1.296408
ham_dos_n1_L2_nogeom_s3731635825,ham,dos,1,2,0,3731635825,12,ACTTGACAGTCA,run1,1.127109
ham_dos_n1_L2_nogeom_s3731635825,ham,dos,1,2,0,3731635825,12,ACTTGACAGTCA,run2,1.132721
ham_dos_n1_L2_nogeom_s3731635825,ham,dos,1,2,0,3731635825,12,ACTTGACAGTCA,run3,1.241013
ham_dos_n1_L2_nogeom_s3731635825,ham,dos,1,2,0,3731635825,12,ACTTGACAGTCA,run4,1.444736
ham_dos_n1_L2_nogeom_s3731635825,ham,dos,1,2,0,3731635825,12,ATATATATATAT,run1,1.846578
ham_dos_n1_L2_nogeom_s3731635825,ham,dos,1,2,0,3731635825,12,ATATATATATAT,run2,1.814175
ham_dos_n1_L2_nogeom_s3731635825,ham,dos,1,2,0,3731635825,12,ATATATATATAT,run3,1.889619
ham_dos_n1_L2_nogeom_s3731635825,ham,dos,1,2,0,3731635825,12,ATATATATATAT,run4,1.889373
ham_dos_n1_L2_nogeom_s3731635825,ham,dos,1,2,0,3731635825,12,GGGGGGGGGGGG,run1,4.409866
ham_dos_n1_L2_nogeom_s3731635825,ham,dos,1,2,0,3731635825,12,GGGGGGGGGGGG,run2,4.599304
ham_dos_n1_L2_nogeom_s3731635825,ham,dos,1,2,0,3731635825,12,GGGGGGGGGGGG,run3,4.419018
ham_dos_n1_L2_nogeom_s3731635825,ham,dos,1,2,0,3731635825,12,GGGGGGGGGGGG,run4,4.352325
ham_dos_n1_L2_nogeom_s3731635825,ham,dos,1,2,0,3731635825,12,GTCAGGATCTGA,run1,1.938893
ham_dos_n1_L2_nogeom_s3731635825,ham,dos,1,2,0,3731635825,12,GTCAGGATCTGA,run2,1.730404
ham_dos_n1_L2_nogeom_s3731635825,ham,dos,1,2,0,3731635825,12,GTCAGGATCTGA,run3,2.075663
ham_dos_n1_L2_nogeom_s3731635825,ham,dos,1,2,0,3731635825,12,GTCAGGATCTGA,run4,1.756091
ham_dos_n1_L2_nogeom_s3731635825,ham,dos,1,2,0,3731635825,16,GGATAGGCTTAGAATT,run1,0.998056
ham_dos_n1_L2_nogeom_s3731635825,ham,dos,1,2,0,3731635825,16,GGATAGGCTTAGAATT,run2,0.798730
ham_dos_n1_L2_nogeom_s3731635825,ham,dos,1,2,0,3731635825,16,GGATAGGCTTAGAATT,run3,1.094423
ham_dos_n1_L2_nogeom_s3731635825,ham,dos,1,2,0,3731635825,16,GGATAGGCTTAGAATT,run4,0.927528
ham_dos_n1_L2_nogeom_s3731635825,ham,dos,1,2,0,3731635825,16,GGGGGGGGGGGGGGGG,run1,5.668305
ham_dos_n1_L2_nogeom_s3731635825,ham,dos,1,2,0,3731635825,16,GGGGGGGGGGGGGGGG,run2,5.835495
ham_dos_n1_L2_nogeom_s3731635825,ham,dos,1,2,0,3731635825,16,GGGGGGGGGGGGGGGG,run3,5.724922
ham_dos_n1_L2_nogeom_s3731635825,ham,dos,1,2,0,3731635825,16,GGGGGGGGGGGGGGGG,run4,5.772743
ham_dos_n1_L2_nogeom_s3731635825,ham,dos,1,2,0,3731635825,16,GTCAGGATCTGACAGT,run1,1.571898
ham_dos_n1_L2_nogeom_s3731635825,ham,dos,1,2,0,3731635825,16,GTCAGGATCTGACAGT,run2,1.412673
ham_dos_n1_L2_nogeom_s3731635825,ham,dos,1,2,0,3731635825,16,GTCAGGATCTGACAGT,run3,1.848758
ham_dos_n1_L2_nogeom_s3731635825,ham,dos,1,2,0,3731635825,16,GTCAGGATCTGACAGT,run4,1.650200
ham_dos_n1_L2_nogeom_s3731635825,ham,dos,1,2,0,3731635825,16,TCAGTGCTAAGTCATG,run1,0.899830
ham_dos_n1_L2_nogeom_s3731635825,ham,dos,1,2,0,3731635825,16,TCAGTGCTAAGTCATG,run2,0.832381
ham_dos_n1_L2_nogeom_s3731635825,ham,dos,1,2,0,3731635825,16,TCAGTGCTAAGTCATG,run3,1.075653
ham_dos_n1_L2_nogeom_s3731635825,ham,dos,1,2,0,3731635825,16,TCAGTGCTAAGTCATG,run4,1.048622
ham_dos_n1_L4_geom_s1179027592,ham,dos,1,4,1,1179027592,12,ACTTGACAGTCA,run1,1.046380
ham_dos_n1_L4_geom_s1179027592,ham,dos,1,4,1,1179027592,12,ACTTGACAGTCA,run2,1.142168
ham_dos_n1_L4_geom_s1179027592,ham,dos,1,4,1,1179027592,12,ACTTGACAGTCA,run3,1.227358
ham_dos_n1_L4_geom_s1179027592,ham,dos,1,4,1,1179027592,12,ACTTGACAGTCA,run4,1.334197
ham_dos_n1_L4_geom_s1179027592,ham,dos,1,4,1,1179027592,12,ATATATATATAT,run1,2.380832
ham_dos_n1_L4_geom_s1179027592,ham,dos,1,4,1,1179027592,12,ATATATATATAT,run2,2.995630
ham_dos_n1_L4_geom_s1179027592,ham,dos,1,4,1,1179027592,12,ATATATATATAT,run3,2.598422
ham_dos_n1_L4_geom_s1179027592,ham,dos,1,4,1,1179027592,12,ATATATATATAT,run4,3.078198
ham_dos_n1_L4_geom_s1179027592,ham,dos,1,4,1,1179027592,12,GGGGGGGGGGGG,run1,4.376075
ham_dos_n1_L4_geom_s1179027592,ham,dos,1,4,1,1179027592,12,GGGGGGGGGGGG,run2,4.053144
ham_dos_n1_L4_geom_s1179027592,ham,dos,1,4,1,1179027592,12,GGGGGGGGGGGG,run3,4.168045
ham_dos_n1_L4_geom_s1179027592,ham,dos,1,4,1,1179027592,12,GGGGGGGGGGGG,run4,4.106608
ham_dos_n1_L4_geom_s1179027592,ham,dos,1,4,1,1179027592,12,GTCAGGATCTGA,run1,1.556161
ham_dos_n1_L4_geom_s1179027592,ham,dos,1,4,1,1179027592,12,GTCAGGATCTGA,run2,1.363816
ham_dos_n1_L4_geom_s1179027592,ham,dos,1,4,1,1179027592,12,GTCAGGATCTGA,run3,1.692120
ham_dos_n1_L4_geom_s1179027592,ham,dos,1,4,1,1179027592,12,GTCAGGATCTGA,run4,1.615313
ham_dos_n1_L4_geom_s1179027592,ham,dos,1,4,1,1179027592,16,GGATAGGCTTAGAATT,run1,1.039213
ham_dos_n1_L4_geom_s1179027592,ham,dos,1,4,1,1179027592,16,GGATAGGCTTAGAATT,run2,0.795220
ham_dos_n1_L4_geom_s1179027592,ham,dos,1,4,1,1179027592,16,GGATAGGCTTAGAATT,run3,1.157459
ham_dos_n1_L4_geom_s1179027592,ham,dos,1,4,1,1179027592,16,GGATAGGCTTAGAATT,run4,1.001446
ham_dos_n1_L4_geom_s1179027592,ham,dos,1,4,1,1179027592,16,GGGGGGGGGGGGGGGG,run1,5.507122
ham_dos_n1_L4_geom_s1179027592,ham,dos,1,4,1,1179027592,16,GGGGGGGGGGGGGGGG,run2,5.315383
ham_dos_n1_L4_geom_s1179027592,ham,dos,1,4,1,1179027592,16,GGGGGGGGGGGGGGGG,run3,5.390484
ham_dos_n1_L4_geom_s1179027592,ham,dos,1,4,1,1179027592,16,GGGGGGGGGGGGGGGG,run4,5.557976
ham_dos_n1_L4_geom_s1179027592,ham,dos,1,4,1,1179027592,16,GTCAGGATCTGACAGT,run1,1.468844
ham_dos_n1_L4_geom_s1179027592,ham,dos,1,4,1,1179027592,16,GTCAGGATCTGACAGT,run2,1.200978
ham_dos_n1_L4_geom_s1179027592,ham,dos,1,4,1,1179027592,16,GTCAGGATCTGACAGT,run3,1.858944
ham_dos_n1_L4_geom_s1179027592,ham,dos,1,4,1,1179027592,16,GTCAGGATCTGACAGT,run4,1.538703
ham_dos_n1_L4_geom_s1179027592,ham,dos,1,4,1,1179027592,16,TCAGTGCTAAGTCATG,run1,0.975499
ham_dos_n1_L4_geom_s1179027592,ham,dos,1,4,1,1179027592,16,TCAGTGCTAAGTCATG,run2,1.321698
ham_dos_n1_L4_geom_s1179027592,ham,dos,1,4,1,1179027592,16,TCAGTGCTAAGTCATG,run3,1.260689
ham_dos_n1_L4_geom_s1179027592,ham,dos,1,4,1,1179027592,16,TCAGTGCTAAGTCATG,run4,1.365117
ham_dos_n1_L4_geom_s2129768291,ham,dos,1,4,1,2129768291,12,ACTTGACAGTCA,run1,0.867161
ham_dos_n1_L4_geom_s2129768291,ham,dos,1,4,1,2129768291,12,ACTTGACAGTCA,run2,0.915014
ham_dos_n1_L4_geom_s2129768291,ham,dos,1,4,1,2129768291,12,ACTTGACAGTCA,run3,1.007301
ham_dos_n1_L4_geom_s2129768291,ham,dos,1,4,1,2129768291,12,ACTTGACAGTCA,run4,1.083694
ham_dos_n1_L4_geom_s2129768291,ham,dos,1,4,1,2129768291,12,ATATATATATAT,run1,2.580540
ham_dos_n1_L4_geom_s2129768291,ham,dos,1,4,1,2129768291,12,ATATATATATAT,run2,1.568872
ham_dos_n1_L4_geom_s2129768291,ham,dos,1,4,1,2129768291,12,ATATATATATAT,run3,2.607233
ham_dos_n1_L4_geom_s2129768291,ham,dos,1,4,1,2129768291,12,ATATATATATAT,run4,1.707026
ham_dos_n1_L4_geom_s2129768291,ham,dos,1,4,1,2129768291,12,GGGGGGGGGGGG,run1,4.410633
ham_dos_n1_L4_geom_s2129768291,ham,dos,1,4,1,2129768291,12,GGGGGGGGGGGG,run2,3.953529
ham_dos_n1_L4_geom_s2129768291,ham,dos,1,4,1,2129768291,12,GGGGGGGGGGGG,run3,4.183520
ham_dos_n1_L4_geom_s2129768291,ham,dos,1,4,1,2129768291,12,GGGGGGGGGGGG,run4,3.979674
ham_dos_n1_L4_geom_s2129768291,ham,dos,1,4,1,2129768291,12,GTCAGGATCTGA,run1,1.457042
ham_dos_n1_L4_geom_s2129768291,ham,dos,1,4,1,2129768291,12,GTCAGGATCTGA,run2,1.253474
ham_dos_n1_L4_geom_s2129768291,ham,dos,1,4,1,2129768291,12,GTCAGGATCTGA,run3,1.556524
ham_dos_n1_L4_geom_s2129768291,ham,dos,1,4,1,2129768291,12,GTCAGGATCTGA,run4,1.488259
ham_dos_n1_L4_geom_s2129768291,ham,dos,1,4,1,2129768291,16,GGATAGGCTTAGAATT,run1,0.881411
ham_dos_n1_L4_geom_s2129768291,ham,dos,1,4,1,2129768291,16,GGATAGGCTTAGAATT,run2,0.726920
ham_dos_n1_L4_geom_s2129768291,ham,dos,1,4,1,2129768291,16,GGATAGGCTTAGAATT,run3,0.913061
ham_dos_n1_L4_geom_s2129768291,ham,dos,1,4,1,2129768291,16,GGATAGGCTTAGAATT,run4,0.897439
ham_dos_n1_L4_geom_s2129768291,ham,dos,1,4,1,2129768291,16,GGGGGGGGGGGGGGGG,run1,6.148644
ham_dos_n1_L4_geom_s2129768291,ham,dos,1,4,1,2129768291,16,GGGGGGGGGGGGGGGG,run2,5.567533
ham_dos_n1_L4_geom_s2129768291,ham,dos,1,4,1,2129768291,16,GGGGGGGGGGGGGGGG,run3,6.112870
ham_dos_n1_L4_geom_s2129768291,ham,dos,1,4,1,2129768291,16,GGGGGGGGGGGGGGGG,run4,5.927080
ham_dos_n1_L4_geom_s2129768291,ham,dos,1,4,1,2129768291,16,GTCAGGATCTGACAGT,run1,1.692995
ham_dos_n1_L4_geom_s2129768291,ham,dos,1,4,1,2129768291,16,GTCAGGATCTGACAGT,run2,1.570510
ham_dos_n1_L4_geom_s2129768291,ham,dos,1,4,1,2129768291,16,GTCAGGATCTGACAGT,run3,2.038527
ham_dos_n1_L4_geom_s2129768291,ham,dos,1,4,1,2129768291,16,GTCAGGATCTGACAGT,run4,1.712665
ham_dos_n1_L4_geom_s2129768291,ham,dos,1,4,1,2129768291,16,TCAGTGCTAAGTCATG,run1,1.238582
ham_dos_n1_L4_geom_s2129768291,ham,dos,1,4,1,2129768291,16,TCAGTGCTAAGTCATG,run2,1.008310
ham_dos_n1_L4_geom_s2129768291,ham,dos,1,4,1,2129768291,16,TCAGTGCTAAGTCATG,run3,1.319014
ham_dos_n1_L4_geom_s2129768291,ham,dos,1,4,1,2129768291,16,TCAGTGCTAAGTCATG,run4,1.106618
ham_dos_n1_L4_geom_s3731635825,ham,dos,1,4,1,3731635825,12,ACTTGACAGTCA,run1,1.500010
ham_dos_n1_L4_geom_s3731635825,ham,dos,1,4,1,3731635825,12,ACTTGACAGTCA,run2,1.725744
ham_dos_n1_L4_geom_s3731635825,ham,dos,1,4,1,3731635825,12,ACTTGACAGTCA,run3,1.396282
ham_dos_n1_L4_geom_s3731635825,ham,dos,1,4,1,3731635825,12,ACTTGACAGTCA,run4,1.587514
ham_dos_n1_L4_geom_s3731635825,ham,dos,1,4,1,3731635825,12,ATATATATATAT,run1,2.273244
ham_dos_n1_L4_geom_s3731635825,ham,dos,1,4,1,3731635825,12,ATATATATATAT,run2,2.232167
ham_dos_n1_L4_geom_s3731635825,ham,dos,1,4,1,3731635825,12,ATATATATATAT,run3,2.586499
ham_dos_n1_L4_geom_s3731635825,ham,dos,1,4,1,3731635825,12,ATATATATATAT,run4,2.406748
ham_dos_n1_L4_geom_s3731635825,ham,dos,1,4,1,3731635825,12,GGGGGGGGGGGG,run1,4.182864
ham_dos_n1_L4_geom_s3731635825,ham,dos,1,4,1,3731635825,12,GGGGGGGGGGGG,run2,4.397376
ham_dos_n1_L4_geom_s3731635825,ham,dos,1,4,1,3731635825,12,GGGGGGGGGGGG,run3,4.173925
ham_dos_n1_L4_geom_s3731635825,ham,dos,1,4,1,3731635825,12,GGGGGGGGGGGG,run4,4.403060
ham_dos_n1_L4_geom_s3731635825,ham,dos,1,4,1,3731635825,12,GTCAGGATCTGA,run1,1.738307
ham_dos_n1_L4_geom_s3731635825,ham,dos,1,4,1,3731635825,12,GTCAGGATCTGA,run2,1.516906
ham_dos_n1_L4_geom_s3731635825,ham,dos,1,4,1,3731635825,12,GTCAGGATCTGA,run3,1.785031
ham_dos_n1_L4_geom_s3731635825,ham,dos,1,4,1,3731635825,12,GTCAGGATCTGA,run4,1.639856
ham_dos_n1_L4_geom_s3731635825,ham,dos,1,4,1,3731635825,16,GGATAGGCTTAGAATT,run1,1.174645
ham_dos_n1_L4_geom_s3731635825,ham,dos,1,4,1,3731635825,16,GGATAGGCTTAGAATT,run2,1.188084
ham_dos_n1_L4_geom_s3731635825,ham,dos,1,4,1,3731635825,16,GGATAGGCTTAGAATT,run3,1.192706
ham_dos_n1_L4_geom_s3731635825,ham,dos,1,4,1,3731635825,16,GGATAGGCTTAGAATT,run4,1.202280
ham_dos_n1_L4_geom_s3731635825,ham,dos,1,4,1,3731635825,16,GGGGGGGGGGGGGGGG,run1,5.223660
ham_dos_n1_L4_geom_s3731635825,ham,dos,1,4,1,3731635825,16,GGGGGGGGGGGGGGGG,run2,5.508120
ham_dos_n1_L4_geom_s3731635825,ham,dos,1,4,1,3731635825,16,GGGGGGGGGGGGGGGG,run3,5.347320
ham_dos_n1_L4_geom_s3731635825,ham,dos,1,4,1,3731635825,16,GGGGGGGGGGGGGGGG,run4,5.664220
ham_dos_n1_L4_geom_s3731635825,ham,dos,1,4,1,3731635825,16,GTCAGGATCTGACAGT,run1,1.871788
ham_dos_n1_L4_geom_s3731635825,ham,dos,1,4,1,3731635825,16,GTCAGGATCTGACAGT,run2,1.772204
ham_dos_n1_L4_geom_s3731635825,ham,dos,1,4,1,3731635825,16,GTCAGGATCTGACAGT,run3,2.115510
ham_dos_n1_L4_geom_s3731635825,ham,dos,1,4,1,3731635825,16,GTCAGGATCTGACAGT,run4,1.886322
ham_dos_n1_L4_geom_s3731635825,ham,dos,1,4,1,3731635825,16,TCAGTGCTAAGTCATG,run1,1.144344
ham_dos_n1_L4_geom_s3731635825,ham,dos,1,4,1,3731635825,16,TCAGTGCTAAGTCATG,run2,1.294717
ham_dos_n1_L4_geom_s3731635825,ham,dos,1,4,1,3731635825,16,TCAGTGCTAAGTCATG,run3,1.328787
ham_dos_n1_L4_geom_s3731635825,ham,dos,1,4,1,3731635825,16,TCAGTGCTAAGTCATG,run4,1.341860
ham_dos_n1_L4_nogeom_s1179027592,ham,dos,1,4,0,1179027592,12,ACTTGACAGTCA,run1,0.727109
ham_dos_n1_L4_nogeom_s1179027592,ham,dos,1,4,0,1179027592,12,ACTTGACAGTCA,run2,0.981917
ham_dos_n1_L4_nogeom_s1179027592,ham,dos,1,4,0,1179027592,12,ACTTGACAGTCA,run3,0.997795
ham_dos_n1_L4_nogeom_s1179027592,ham,dos,1,4,0,1179027592,12,ACTTGACAGTCA,run4,1.274071
ham_dos_n1_L4_nogeom_s1179027592,ham,dos,1,4,0,1179027592,12,ATATATATATAT,run1,2.597528
ham_dos_n1_L4_nogeom_s1179027592,ham,dos,1,4,0,1179027592,12,ATATATATATAT,run2,2.684593
ham_dos_n1_L4_nogeom_s1179027592,ham,dos,1,4,0,1179027592,12,ATATATATATAT,run3,2.933825
ham_dos_n1_L4_nogeom_s1179027592,ham,dos,1,4,0,1179027592,12,ATATATATATAT,run4,3.045406
ham_dos_n1_L4_nogeom_s1179027592,ham,dos,1,4,0,1179027592,12,GGGGGGGGGGGG,run1,4.396566
ham_dos_n1_L4_nogeom_s1179027592,ham,dos,1,4,0,1179027592,12,GGGGGGGGGGGG,run2,4.090425
ham_dos_n1_L4_nogeom_s1179027592,ham,dos,1,4,0,1179027592,12,GGGGGGGGGGGG,run3,4.213913
ham_dos_n1_L4_nogeom_s1179027592,ham,dos,1,4,0,1179027592,12,GGGGGGGGGGGG,run4,4.213125
ham_dos_n1_L4_nogeom_s1179027592,ham,dos,1,4,0,1179027592,12,GTCAGGATCTGA,run1,1.828751
ham_dos_n1_L4_nogeom_s1179027592,ham,dos,1,4,0,1179027592,12,GTCAGGATCTGA,run2,1.615520
ham_dos_n1_L4_nogeom_s1179027592,ham,dos,1,4,0,1179027592,12,GTCAGGATCTGA,run3,1.955422
ham_dos_n1_L4_nogeom_s1179027592,ham,dos,1,4,0,1179027592,12,GTCAGGATCTGA,run4,1.899320
ham_dos_n1_L4_nogeom_s1179027592,ham,dos,1,4,0,1179027592,16,GGATAGGCTTAGAATT,run1,1.528962
ham_dos_n1_L4_nogeom_s1179027592,ham,dos,1,4,0,1179027592,16,GGATAGGCTTAGAATT,run2,1.383924
ham_dos_n1_L4_nogeom_s1179027592,ham,dos,1,4,0,1179027592,16,GGATAGGCTTAGAATT,run3,1.564907
ham_dos_n1_L4_nogeom_s1179027592,ham,dos,1,4,0,1179027592,16,GGATAGGCTTAGAATT,run4,1.484552
ham_dos_n1_L4_nogeom_s1179027592,ham,dos,1,4,0,1179027592,16,GGGGGGGGGGGGGGGG,run1,5.625722
ham_dos_n1_L4_nogeom_s1179027592,ham,dos,1,4,0,1179027592,16,GGGGGGGGGGGGGGGG,run2,5.330904
ham_dos_n1_L4_nogeom_s1179027592,ham,dos,1,4,0,1179027592,16,GGGGGGGGGGGGGGGG,run3,5.525532
ham_dos_n1_L4_nogeom_s1179027592,ham,dos,1,4,0,1179027592,16,GGGGGGGGGGGGGGGG,run4,5.637431
ham_dos_n1_L4_nogeom_s1179027592,ham,dos,1,4,0,1179027592,16,GTCAGGATCTGACAGT,run1,1.520814
ham_dos_n1_L4_nogeom_s1179027592,ham,dos,1,4,0,1179027592,16,GTCAGGATCTGACAGT,run2,1.478694
ham_dos_n1_L4_nogeom_s1179027592,ham,dos,1,4,0,1179027592,16,GTCAGGATCTGACAGT,run3,1.817440
ham_dos_n1_L4_nogeom_s1179027592,ham,dos,1,4,0,1179027592,16,GTCAGGATCTGACAGT,run4,1.636285
ham_dos_n1_L4_nogeom_s1179027592,ham,dos,1,4,0,1179027592,16,TCAGTGCTAAGTCATG,run1,1.236845
ham_dos_n1_L4_nogeom_s1179027592,ham,dos,1,4,0,1179027592,16,TCAGTGCTAAGTCATG,run2,1.301964
ham_dos_n1_L4_nogeom_s1179027592,ham,dos,1,4,0,1179027592,16,TCAGTGCTAAGTCATG,run3,1.538895
ham_dos_n1_L4_nogeom_s1179027592,ham,dos,1,4,0,1179027592,16,TCAGTGCTAAGTCATG,run4,1.403227
ham_dos_n1_L4_nogeom_s2129768291,ham,dos,1,4,0,2129768291,12,ACTTGACAGTCA,run1,0.877384
ham_dos_n1_L4_nogeom_s2129768291,ham,dos,1,4,0,2129768291,12,ACTTGACAGTCA,run2,1.042060
ham_dos_n1_L4_nogeom_s2129768291,ham,dos,1,4,0,2129768291,12,ACTTGACAGTCA,run3,0.966431
ham_dos_n1_L4_nogeom_s2129768291,ham,dos,1,4,0,2129768291,12,ACTTGACAGTCA,run4,1.147127
ham_dos_n1_L4_nogeom_s2129768291,ham,dos,1,4,0,2129768291,12,ATATATATATAT,run1,1.719953
ham_dos_n1_L4_nogeom_s2129768291,ham,dos,1,4,0,2129768291,12,ATATATATATAT,run2,1.632725
ham_dos_n1_L4_nogeom_s2129768291,ham,dos,1,4,0,2129768291,12,ATATATATATAT,run3,2.113239
ham_dos_n1_L4_nogeom_s2129768291,ham,dos,1,4,0,2129768291,12,ATATATATATAT,run4,1.868853
ham_dos_n1_L4_nogeom_s2129768291,ham,dos,1,4,0,2129768291,12,GGGGGGGGGGGG,run1,4.264536
ham_dos_n1_L4_nogeom_s2129768291,ham,dos,1,4,0,2129768291,12,GGGGGGGGGGGG,run2,3.852995
ham_dos_n1_L4_nogeom_s2129768291,ham,dos,1,4,0,2129768291,12,GGGGGGGGGGGG,run3,3.996228
ham_dos_n1_L4_nogeom_s2129768291,ham,dos,1,4,0,2129768291,12,GGGGGGGGGGGG,run4,3.905655
ham_dos_n1_L4_nogeom_s2129768291,ham,dos,1,4,0,2129768291,12,GTCAGGATCTGA,run1,1.895265
ham_dos_n1_L4_nogeom_s2129768291,ham,dos,1,4,0,2129768291,12,GTCAGGATCTGA,run2,1.576070
ham_dos_n1_L4_nogeom_s2129768291,ham,dos,1,4,0,2129768291,12,GTCAGGATCTGA,run3,1.962072
ham_dos_n1_L4_nogeom_s2129768291,ham,dos,1,4,0,2129768291,12,GTCAGGATCTGA,run4,1.757970
ham_dos_n1_L4_nogeom_s2129768291,ham,dos,1,4,0,2129768291,16,GGATAGGCTTAGAATT,run1,0.977745
ham_dos_n1_L4_nogeom_s2129768291,ham,dos,1,4,0,2129768291,16,GGATAGGCTTAGAATT,run2,0.808772
ham_dos_n1_L4_nogeom_s2129768291,ham,dos,1,4,0,2129768291,16,GGATAGGCTTAGAATT,run3,1.158921
ham_dos_n1_L4_nogeom_s2129768291,ham,dos,1,4,0,2129768291,16,GGATAGGCTTAGAATT,run4,1.052677
ham_dos_n1_L4_nogeom_s2129768291,ham,dos,1,4,0,2129768291,16,GGGGGGGGGGGGGGGG,run1,5.892333
ham_dos_n1_L4_nogeom_s2129768291,ham,dos,1,4,0,2129768291,16,GGGGGGGGGGGGGGGG,run2,5.374387
ham_dos_n1_L4_nogeom_s2129768291,ham,dos,1,4,0,2129768291,16,GGGGGGGGGGGGGGGG,run3,5.782298
ham_dos_n1_L4_nogeom_s2129768291,ham,dos,1,4,0,2129768291,16,GGGGGGGGGGGGGGGG,run4,5.721104
ham_dos_n1_L4_nogeom_s2129768291,ham,dos,1,4,0,2129768291,16,GTCAGGATCTGACAGT,run1,1.590026
ham_dos_n1_L4_nogeom_s2129768291,ham,dos,1,4,0,2129768291,16,GTCAGGATCTGACAGT,run2,1.402285
ham_dos_n1_L4_nogeom_s2129768291,ham,dos,1,4,0,2129768291,16,GTCAGGATCTGACAGT,run3,1.932908
ham_dos_n1_L4_nogeom_s2129768291,ham,dos,1,4,0,2129768291,16,GTCAGGATCTGACAGT,run4,1.568785
ham_dos_n1_L4_nogeom_s2129768291,ham,dos,1,4,0,2129768291,16,TCAGTGCTAAGTCATG,run1,1.006545
ham_dos_n1_L4_nogeom_s2129768291,ham,dos,1,4,0,2129768291,16,TCAGTGCTAAGTCATG,run2,1.155859
ham_dos_n1_L4_nogeom_s2129768291,ham,dos,1,4,0,2129768291,16,TCAGTGCTAAGTCATG,run3,1.195009
ham_dos_n1_L4_nogeom_s2129768291,ham,dos,1,4,0,2129768291,16,TCAGTGCTAAGTCATG,run4,1.259593
ham_dos_n1_L4_nogeom_s3731635825,ham,dos,1,4,0,3731635825,12,ACTTGACAGTCA,run1,0.805641
ham_dos_n1_L4_nogeom_s3731635825,ham,dos,1,4,0,3731635825,12,ACTTGACAGTCA,run2,1.059805
ham_dos_n1_L4_nogeom_s3731635825,ham,dos,1,4,0,3731635825,12,ACTTGACAGTCA,run3,1.029438
ham_dos_n1_L4_nogeom_s3731635825,ham,dos,1,4,0,3731635825,12,ACTTGACAGTCA,run4,1.241892
ham_dos_n1_L4_nogeom_s3731635825,ham,dos,1,4,0,3731635825,12,ATATATATATAT,run1,3.279358
ham_dos_n1_L4_nogeom_s3731635825,ham,dos,1,4,0,3731635825,12,ATATATATATAT,run2,3.479838
ham_dos_n1_L4_nogeom_s3731635825,ham,dos,1,4,0,3731635825,12,ATATATATATAT,run3,3.067672
ham_dos_n1_L4_nogeom_s3731635825,ham,dos,1,4,0,3731635825,12,ATATATATATAT,run4,3.297955
ham_dos_n1_L4_nogeom_s3731635825,ham,dos,1,4,0,3731635825,12,GGGGGGGGGGGG,run1,4.357845
ham_dos_n1_L4_nogeom_s3731635825,ham,dos,1,4,0,3731635825,12,GGGGGGGGGGGG,run2,3.990141
ham_dos_n1_L4_nogeom_s3731635825,ham,dos,1,4,0,3731635825,12,GGGGGGGGGGGG,run3,4.045157
ham_dos_n1_L4_nogeom_s3731635825,ham,dos,1,4,0,3731635825,12,GGGGGGGGGGGG,run4,3.929475
ham_dos_n1_L4_nogeom_s3731635825,ham,dos,1,4,0,3731635825,12,GTCAGGATCTGA,run1,1.727335
ham_dos_n1_L4_nogeom_s3731635825,ham,dos,1,4,0,3731635825,12,GTCAGGATCTGA,run2,1.663744
ham_dos_n1_L4_nogeom_s3731635825,ham,dos,1,4,0,3731635825,12,GTCAGGATCTGA,run3,1.749297
ham_dos_n1_L4_nogeom_s3731635825,ham,dos,1,4,0,3731635825,12,GTCAGGATCTGA,run4,1.613889
ham_dos_n1_L4_nogeom_s3731635825,ham,dos,1,4,0,3731635825,16,GGATAGGCTTAGAATT,run1,1.183934
ham_dos_n1_L4_nogeom_s3731635825,ham,dos,1,4,0,3731635825,16,GGATAGGCTTAGAATT,run2,1.303022
ham_dos_n1_L4_nogeom_s3731635825,ham,dos,1,4,0,3731635825,16,GGATAGGCTTAGAATT,run3,1.207119
ham_dos_n1_L4_nogeom_s3731635825,ham,dos,1,4,0,3731635825,16,GGATAGGCTTAGAATT,run4,1.289438
ham_dos_n1_L4_nogeom_s3731635825,ham,dos,1,4,0,3731635825,16,GGGGGGGGGGGGGGGG,run1,5.593037
ham_dos_n1_L4_nogeom_s3731635825,ham,dos,1,4,0,3731635825,16,GGGGGGGGGGGGGGGG,run2,5.105062
ham_dos_n1_L4_nogeom_s3731635825,ham,dos,1,4,0,3731635825,16,GGGGGGGGGGGGGGGG,run3,5.326423
ham_dos_n1_L4_nogeom_s3731635825,ham,dos,1,4,0,3731635825,16,GGGGGGGGGGGGGGGG,run4,5.186117
ham_dos_n1_L4_nogeom_s3731635825,ham,dos,1,4,0,3731635825,16,GTCAGGATCTGACAGT,run1,1.499377
ham_dos_n1_L4_nogeom_s3731635825,ham,dos,1,4,0,3731635825,16,GTCAGGATCTGACAGT,run2,1.618754
ham_dos_n1_L4_nogeom_s3731635825,ham,dos,1,4,0,3731635825,16,GTCAGGATCTGACAGT,run3,1.809071
ham_dos_n1_L4_nogeom_s3731635825,ham,dos,1,4,0,3731635825,16,GTCAGGATCTGACAGT,run4,1.667855
ham_dos_n1_L4_nogeom_s3731635825,ham,dos,1,4,0,3731635825,16,TCAGTGCTAAGTCATG,run1,1.215447
ham_dos_n1_L4_nogeom_s3731635825,ham,dos,1,4,0,3731635825,16,TCAGTGCTAAGTCATG,run2,1.288236
ham_dos_n1_L4_nogeom_s3731635825,ham,dos,1,4,0,3731635825,16,TCAGTGCTAAGTCATG,run3,1.342903
ham_dos_n1_L4_nogeom_s3731635825,ham,dos,1,4,0,3731635825,16,TCAGTGCTAAGTCATG,run4,1.323696
ham_dos_n2_L2_geom_s1179027592,ham,dos,2,2,1,1179027592,12,ACTTGACAGTCA,run1,0.853539
ham_dos_n2_L2_geom_s1179027592,ham,dos,2,2,1,1179027592,12,ACTTGACAGTCA,run2,1.015302
ham_dos_n2_L2_geom_s1179027592,ham,dos,2,2,1,1179027592,12,ACTTGACAGTCA,run3,0.937632
ham_dos_n2_L2_geom_s1179027592,ham,dos,2,2,1,1179027592,12,ACTTGACAGTCA,run4,1.120466
ham_dos_n2_L2_geom_s1179027592,ham,dos,2,2,1,1179027592,12,ATATATATATAT,run1,3.592044
ham_dos_n2_L2_geom_s1179027592,ham,dos,2,2,1,1179027592,12,ATATATATATAT,run2,3.655873
ham_dos_n2_L2_geom_s1179027592,ham,dos,2,2,1,1179027592,12,ATATATATATAT,run3,3.786062
ham_dos_n2_L2_geom_s1179027592,ham,dos,2,2,1,1179027592,12,ATATATATATAT,run4,3.717024
ham_dos_n2_L2_geom_s1179027592,ham,dos,2,2,1,1179027592,12,GGGGGGGGGGGG,run1,4.188010
ham_dos_n2_L2_geom_s1179027592,ham,dos,2,2,1,1179027592,12,GGGGGGGGGGGG,run2,3.974727
ham_dos_n2_L2_geom_s1179027592,ham,dos,2,2,1,1179027592,12,GGGGGGGGGGGG,run3,4.050939
ham_dos_n2_L2_geom_s1179027592,ham,dos,2,2,1,1179027592,12,GGGGGGGGGGGG,run4,3.921873
ham_dos_n2_L2_geom_s1179027592,ham,dos,2,2,1,1179027592,12,GTCAGGATCTGA,run1,1.822599
ham_dos_n2_L2_geom_s1179027592,ham,dos,2,2,1,1179027592,12,GTCAGGATCTGA,run2,1.566813
ham_dos_n2_L2_geom_s1179027592,ham,dos,2,2,1,1179027592,12,GTCAGGATCTGA,run3,1.847757
ham_dos_n2_L2_geom_s1179027592,ham,dos,2,2,1,1179027592,12,GTCAGGATCTGA,run4,1.782761
ham_dos_n2_L2_geom_s1179027592,ham,dos,2,2,1,1179027592,16,GGATAGGCTTAGAATT,run1,0.884404
ham_dos_n2_L2_geom_s1179027592,ham,dos,2,2,1,1179027592,16,GGATAGGCTTAGAATT,run2,0.778960
ham_dos_n2_L2_geom_s1179027592,ham,dos,2,2,1,1179027592,16,GGATAGGCTTAGAATT,run3,0.834546
ham_dos_n2_L2_geom_s1179027592,ham,dos,2,2,1,1179027592,16,GGATAGGCTTAGAATT,run4,0.818755
ham_dos_n2_L2_geom_s1179027592,ham,dos,2,2,1,1179027592,16,GGGGGGGGGGGGGGGG,run1,5.064351
ham_dos_n2_L2_geom_s1179027592,ham,dos,2,2,1,1179027592,16,GGGGGGGGGGGGGGGG,run2,4.849520
ham_dos_n2_L2_geom_s1179027592,ham,dos,2,2,1,1179027592,16,GGGGGGGGGGGGGGGG,run3,5.087182
ham_dos_n2_L2_geom_s1179027592,ham,dos,2,2,1,1179027592,16,GGGGGGGGGGGGGGGG,run4,5.022678
ham_dos_n2_L2_geom_s1179027592,ham,dos,2,2,1,1179027592,16,GTCAGGATCTGACAGT,run1,1.512838
ham_dos_n2_L2_geom_s1179027592,ham,dos,2,2,1,1179027592,16,GTCAGGATCTGACAGT,run2,1.346576
ham_dos_n2_L2_geom_s1179027592,ham,dos,2,2,1,1179027592,16,GTCAGGATCTGACAGT,run3,1.796345
ham_dos_n2_L2_geom_s1179027592,ham,dos,2,2,1,1179027592,16,GTCAGGATCTGACAGT,run4,1.519080
ham_dos_n2_L2_geom_s1179027592,ham,dos,2,2,1,1179027592,16,TCAGTGCTAAGTCATG,run1,1.204363
ham_dos_n2_L2_geom_s1179027592,ham,dos,2,2,1,1179027592,16,TCAGTGCTAAGTCATG,run2,1.103817
ham_dos_n2_L2_geom_s1179027592,ham,dos,2,2,1,1179027592,16,TCAGTGCTAAGTCATG,run3,1.383183
ham_dos_n2_L2_geom_s1179027592,ham,dos,2,2,1,1179027592,16,TCAGTGCTAAGTCATG,run4,1.363613
ham_dos_n2_L2_geom_s2129768291,ham,dos,2,2,1,2129768291,12,ACTTGACAGTCA,run1,0.746832
ham_dos_n2_L2_geom_s2129768291,ham,dos,2,2,1,2129768291,12,ACTTGACAGTCA,run2,0.925155
ham_dos_n2_L2_geom_s2129768291,ham,dos,2,2,1,2129768291,12,ACTTGACAGTCA,run3,0.878267
ham_dos_n2_L2_geom_s2129768291,ham,dos,2,2,1,2129768291,12,ACTTGACAGTCA,run4,1.073275
ham_dos_n2_L2_geom_s2129768291,ham,dos,2,2,1,2129768291,12,ATATATATATAT,run1,3.634599
ham_dos_n2_L2_geom_s2129768291,ham,dos,2,2,1,2129768291,12,ATATATATATAT,run2,3.697643
ham_dos_n2_L2_geom_s2129768291,ham,dos,2,2,1,2129768291,12,ATATATATATAT,run3,3.571910
ham_dos_n2_L2_geom_s2129768291,ham,dos,2,2,1,2129768291,12,ATATATATATAT,run4,3.709251
ham_dos_n2_L2_geom_s2129768291,ham,dos,2,2,1,2129768291,12,GGGGGGGGGGGG,run1,3.302775
ham_dos_n2_L2_geom_s2129768291,ham,dos,2,2,1,2129768291,12,GGGGGGGGGGGG,run2,3.499720
ham_dos_n2_L2_geom_s2129768291,ham,dos,2,2,1,2129768291,12,GGGGGGGGGGGG,run3,3.231329
ham_dos_n2_L2_geom_s2129768291,ham,dos,2,2,1,2129768291,12,GGGGGGGGGGGG,run4,3.461222
ham_dos_n2_L2_geom_s2129768291,ham,dos,2,2,1,2129768291,12,GTCAGGATCTGA,run1,1.784728
ham_dos_n2_L2_geom_s2129768291,ham,dos,2,2,1,2129768291,12,GTCAGGATCTGA,run2,1.626919
ham_dos_n2_L2_geom_s2129768291,ham,dos,2,2,1,2129768291,12,GTCAGGATCTGA,run3,1.835586
ham_dos_n2_L2_geom_s2129768291,ham,dos,2,2,1,2129768291,12,GTCAGGATCTGA,run4,1.772985
ham_dos_n2_L2_geom_s2129768291,ham,dos,2,2,1,2129768291,16,GGATAGGCTTAGAATT,run1,0.679023
ham_dos_n2_L2_geom_s2129768291,ham,dos,2,2,1,2129768291,16,GGATAGGCTTAGAATT,run2,0.911574
ham_dos_n2_L2_geom_s2129768291,ham,dos,2,2,1,2129768291,16,GGATAGGCTTAGAATT,run3,0.904168
ham_dos_n2_L2_geom_s2129768291,ham,dos,2,2,1,2129768291,16,GGATAGGCTTAGAATT,run4,1.143472
ham_dos_n2_L2_geom_s2129768291,ham,dos,2,2,1,2129768291,16,GGGGGGGGGGGGGGGG,run1,4.644883
ham_dos_n2_L2_geom_s2129768291,ham,dos,2,2,1,2129768291,16,GGGGGGGGGGGGGGGG,run2,4.793845
ham_dos_n2_L2_geom_s2129768291,ham,dos,2,2,1,2129768291,16,GGGGGGGGGGGGGGGG,run3,4.660987
ham_dos_n2_L2_geom_s2129768291,ham,dos,2,2,1,2129768291,16,GGGGGGGGGGGGGGGG,run4,4.951838
ham_dos_n2_L2_geom_s2129768291,ham,dos,2,2,1,2129768291,16,GTCAGGATCTGACAGT,run1,1.784610
ham_dos_n2_L2_geom_s2129768291,ham,dos,2,2,1,2129768291,16,GTCAGGATCTGACAGT,run2,1.592408
ham_dos_n2_L2_geom_s2129768291,ham,dos,2,2,1,2129768291,16,GTCAGGATCTGACAGT,run3,2.052448
ham_dos_n2_L2_geom_s2129768291,ham,dos,2,2,1,2129768291,16,GTCAGGATCTGACAGT,run4,1.676252
ham_dos_n2_L2_geom_s2129768291,ham,dos,2,2,1,2129768291,16,TCAGTGCTAAGTCATG,run1,1.035171
ham_dos_n2_L2_geom_s2129768291,ham,dos,2,2,1,2129768291,16,TCAGTGCTAAGTCATG,run2,1.018634
ham_dos_n2_L2_geom_s2129768291,ham,dos,2,2,1,2129768291,16,TCAGTGCTAAGTCATG,run3,1.109010
ham_dos_n2_L2_geom_s2129768291,ham,dos,2,2,1,2129768291,16,TCAGTGCTAAGTCATG,run4,1.090368
ham_dos_n2_L2_geom_s3731635825,ham,dos,2,2,1,3731635825,12,ACTTGACAGTCA,run1,1.227355
ham_dos_n2_L2_geom_s3731635825,ham,dos,2,2,1,3731635825,12,ACTTGACAGTCA,run2,1.157170
ham_dos_n2_L2_geom_s3731635825,ham,dos,2,2,1,3731635825,12,ACTTGACAGTCA,run3,1.254750
ham_dos_n2_L2_geom_s3731635825,ham,dos,2,2,1,3731635825,12,ACTTGACAGTCA,run4,1.347681
ham_dos_n2_L2_geom_s3731635825,ham,dos,2,2,1,3731635825,12,ATATATATATAT,run1,1.567419
ham_dos_n2_L2_geom_s3731635825,ham,dos,2,2,1,3731635825,12,ATATATATATAT,run2,1.657071
ham_dos_n2_L2_geom_s3731635825,ham,dos,2,2,1,3731635825,12,ATATATATATAT,run3,1.601622
ham_dos_n2_L2_geom_s3731635825,ham,dos,2,2,1,3731635825,12,ATATATATATAT,run4,1.595497
ham_dos_n2_L2_geom_s3731635825,ham,dos,2,2,1,3731635825,12,GGGGGGGGGGGG,run1,4.575918
ham_dos_n2_L2_geom_s3731635825,ham,dos,2,2,1,3731635825,12,GGGGGGGGGGGG,run2,5.093359
ham_dos_n2_L2_geom_s3731635825,ham,dos,2,2,1,3731635825,12,GGGGGGGGGGGG,run3,4.599307
ham_dos_n2_L2_geom_s3731635825,ham,dos,2,2,1,3731635825,12,GGGGGGGGGGGG,run4,4.602805
ham_dos_n2_L2_geom_s3731635825,ham,dos,2,2,1,3731635825,12,GTCAGGATCTGA,run1,1.806381
ham_dos_n2_L2_geom_s3731635825,ham,dos,2,2,1,3731635825,12,GTCAGGATCTGA,run2,1.596276
ham_dos_n2_L2_geom_s3731635825,ham,dos,2,2,1,3731635825,12,GTCAGGATCTGA,run3,1.843319
ham_dos_n2_L2_geom_s3731635825,ham,dos,2,2,1,3731635825,12,GTCAGGATCTGA,run4,1.771867
ham_dos_n2_L2_geom_s3731635825,ham,dos,2,2,1,3731635825,16,GGATAGGCTTAGAATT,run1,1.061720
ham_dos_n2_L2_geom_s3731635825,ham,dos,2,2,1,3731635825,16,GGATAGGCTTAGAATT,run2,0.907446
ham_dos_n2_L2_geom_s3731635825,ham,dos,2,2,1,3731635825,16,GGATAGGCTTAGAATT,run3,1.134796
ham_dos_n2_L2_geom_s3731635825,ham,dos,2,2,1,3731635825,16,GGATAGGCTTAGAATT,run4,1.029585
ham_dos_n2_L2_geom_s3731635825,ham,dos,2,2,1,3731635825,16,GGGGGGGGGGGGGGGG,run1,5.735456
ham_dos_n2_L2_geom_s3731635825,ham,dos,2,2,1,3731635825,16,GGGGGGGGGGGGGGGG,run2,5.722691
ham_dos_n2_L2_geom_s3731635825,ham,dos,2,2,1,3731635825,16,GGGGGGGGGGGGGGGG,run3,6.108179
ham_dos_n2_L2_geom_s3731635825,ham,dos,2,2,1,3731635825,16,GGGGGGGGGGGGGGGG,run4,5.268108
ham_dos_n2_L2_geom_s3731635825,ham,dos,2,2,1,3731635825,16,GTCAGGATCTGACAGT,run1,1.702710
ham_dos_n2_L2_geom_s3731635825,ham,dos,2,2,1,3731635825,16,GTCAGGATCTGACAGT,run2,1.732853
ham_dos_n2_L2_geom_s3731635825,ham,dos,2,2,1,3731635825,16,GTCAGGATCTGACAGT,run3,2.033132
ham_dos_n2_L2_geom_s3731635825,ham,dos,2,2,1,3731635825,16,GTCAGGATCTGACAGT,run4,1.875120
ham_dos_n2_L2_geom_s3731635825,ham,dos,2,2,1,3731635825,16,TCAGTGCTAAGTCATG,run1,1.016950
ham_dos_n2_L2_geom_s3731635825,ham,dos,2,2,1,3731635825,16,TCAGTGCTAAGTCATG,run2,0.935088
ham_dos_n2_L2_geom_s3731635825,ham,dos,2,2,1,3731635825,16,TCAGTGCTAAGTCATG,run3,1.139683
ham_dos_n2_L2_geom_s3731635825,ham,dos,2,2,1,3731635825,16,TCAGTGCTAAGTCATG,run4,1.147451
ham_dos_n2_L2_nogeom_s1179027592,ham,dos,2,2,0,1179027592,12,ACTTGACAGTCA,run1,0.823572
ham_dos_n2_L2_nogeom_s1179027592,ham,dos,2,2,0,1179027592,12,ACTTGACAGTCA,run2,0.866280
ham_dos_n2_L2_nogeom_s1179027592,ham,dos,2,2,0,1179027592,12,ACTTGACAGTCA,run3,1.003180
ham_dos_n2_L2_nogeom_s1179027592,ham,dos,2,2,0,1179027592,12,ACTTGACAGTCA,run4,0.998339
ham_dos_n2_L2_nogeom_s1179027592,ham,dos,2,2,0,1179027592,12,ATATATATATAT,run1,4.873226
ham_dos_n2_L2_nogeom_s1179027592,ham,dos,2,2,0,1179027592,12,ATATATATATAT,run2,4.628124
ham_dos_n2_L2_nogeom_s1179027592,ham,dos,2,2,0,1179027592,12,ATATATATATAT,run3,4.640186
ham_dos_n2_L2_nogeom_s1179027592,ham,dos,2,2,0,1179027592,12,ATATATATATAT,run4,4.414790
ham_dos_n2_L2_nogeom_s1179027592,ham,dos,2,2,0,1179027592,12,GGGGGGGGGGGG,run1,4.385847
ham_dos_n2_L2_nogeom_s1179027592,ham,dos,2,2,0,1179027592,12,GGGGGGGGGGGG,run2,4.432380
ham_dos_n2_L2_nogeom_s1179027592,ham,dos,2,2,0,1179027592,12,GGGGGGGGGGGG,run3,4.472330
ham_dos_n2_L2_nogeom_s1179027592,ham,dos,2,2,0,1179027592,12,GGGGGGGGGGGG,run4,4.610769
ham_dos_n2_L2_nogeom_s1179027592,ham,dos,2,2,0,1179027592,12,GTCAGGATCTGA,run1,2.150529
ham_dos_n2_L2_nogeom_s1179027592,ham,dos,2,2,0,1179027592,12,GTCAGGATCTGA,run2,1.634852
ham_dos_n2_L2_nogeom_s1179027592,ham,dos,2,2,0,1179027592,12,GTCAGGATCTGA,run3,2.117933
ham_dos_n2_L2_nogeom_s1179027592,ham,dos,2,2,0,1179027592,12,GTCAGGATCTGA,run4,1.959054
ham_dos_n2_L2_nogeom_s1179027592,ham,dos,2,2,0,1179027592,16,GGATAGGCTTAGAATT,run1,1.669376
ham_dos_n2_L2_nogeom_s1179027592,ham,dos,2,2,0,1179027592,16,GGATAGGCTTAGAATT,run2,1.644994
ham_dos_n2_L2_nogeom_s1179027592,ham,dos,2,2,0,1179027592,16,GGATAGGCTTAGAATT,run3,1.656473
ham_dos_n2_L2_nogeom_s1179027592,ham,dos,2,2,0,1179027592,16,GGATAGGCTTAGAATT,run4,1.687669
ham_dos_n2_L2_nogeom_s1179027592,ham,dos,2,2,0,1179027592,16,GGGGGGGGGGGGGGGG,run1,5.602019
ham_dos_n2_L2_nogeom_s1179027592,ham,dos,2,2,0,1179027592,16,GGGGGGGGGGGGGGGG,run2,5.146706
ham_dos_n2_L2_nogeom_s1179027592,ham,dos,2,2,0,1179027592,16,GGGGGGGGGGGGGGGG,run3,6.037397
ham_dos_n2_L2_nogeom_s1179027592,ham,dos,2,2,0,1179027592,16,GGGGGGGGGGGGGGGG,run4,5.416748
ham_dos_n2_L2_nogeom_s1179027592,ham,dos,2,2,0,1179027592,16,GTCAGGATCTGACAGT,run1,1.527797
ham_dos_n2_L2_nogeom_s1179027592,ham,dos,2,2,0,1179027592,16,GTCAGGATCTGACAGT,run2,1.304091
ham_dos_n2_L2_nogeom_s1179027592,ham,dos,2,2,0,1179027592,16,GTCAGGATCTGACAGT,run3,1.767602
ham_dos_n2_L2_nogeom_s1179027592,ham,dos,2,2,0,1179027592,16,GTCAGGATCTGACAGT,run4,1.604938
ham_dos_n2_L2_nogeom_s1179027592,ham,dos,2,2,0,1179027592,16,TCAGTGCTAAGTCATG,run1,1.151574
ham_dos_n2_L2_nogeom_s1179027592,ham,dos,2,2,0,1179027592,16,TCAGTGCTAAGTCATG,run2,1.135988
ham_dos_n2_L2_nogeom_s1179027592,ham,dos,2,2,0,1179027592,16,TCAGTGCTAAGTCATG,run3,1.440301
ham_dos_n2_L2_nogeom_s1179027592,ham,dos,2,2,0,1179027592,16,TCAGTGCTAAGTCATG,run4,1.142754
ham_dos_n2_L2_nogeom_s2129768291,ham,dos,2,2,0,2129768291,12,ACTTGACAGTCA,run1,0.943194
ham_dos_n2_L2_nogeom_s2129768291,ham,dos,2,2,0,2129768291,12,ACTTGACAGTCA,run2,1.249202
ham_dos_n2_L2_nogeom_s2129768291,ham,dos,2,2,0,2129768291,12,ACTTGACAGTCA,run3,1.091127
ham_dos_n2_L2_nogeom_s2129768291,ham,dos,2,2,0,2129768291,12,ACTTGACAGTCA,run4,1.193710
ham_dos_n2_L2_nogeom_s2129768291,ham,dos,2,2,0,2129768291,12,ATATATATATAT,run1,2.528268
ham_dos_n2_L2_nogeom_s2129768291,ham,dos,2,2,0,2129768291,12,ATATATATATAT,run2,2.346642
ham_dos_n2_L2_nogeom_s2129768291,ham,dos,2,2,0,2129768291,12,ATATATATATAT,run3,2.357934
ham_dos_n2_L2_nogeom_s2129768291,ham,dos,2,2,0,2129768291,12,ATATATATATAT,run4,2.232920
ham_dos_n2_L2_nogeom_s2129768291,ham,dos,2,2,0,2129768291,12,GGGGGGGGGGGG,run1,3.299738
ham_dos_n2_L2_nogeom_s2129768291,ham,dos,2,2,0,2129768291,12,GGGGGGGGGGGG,run2,3.143515
ham_dos_n2_L2_nogeom_s2129768291,ham,dos,2,2,0,2129768291,12,GGGGGGGGGGGG,run3,3.144526
ham_dos_n2_L2_nogeom_s2129768291,ham,dos,2,2,0,2129768291,12,GGGGGGGGGGGG,run4,2.948861
ham_dos_n2_L2_nogeom_s2129768291,ham,dos,2,2,0,2129768291,12,GTCAGGATCTGA,run1,1.703515
ham_dos_n2_L2_nogeom_s2129768291,ham,dos,2,2,0,2129768291,12,GTCAGGATCTGA,run2,1.247607
ham_dos_n2_L2_nogeom_s2129768291,ham,dos,2,2,0,2129768291,12,GTCAGGATCTGA,run3,1.649797
ham_dos_n2_L2_nogeom_s2129768291,ham,dos,2,2,0,2129768291,12,GTCAGGATCTGA,run4,1.394020
ham_dos_n2_L2_nogeom_s2129768291,ham,dos,2,2,0,2129768291,16,GGATAGGCTTAGAATT,run1,0.742605
ham_dos_n2_L2_nogeom_s2129768291,ham,dos,2,2,0,2129768291,16,GGATAGGCTTAGAATT,run2,0.708509
ham_dos_n2_L2_nogeom_s2129768291,ham,dos,2,2,0,2129768291,16,GGATAGGCTTAGAATT,run3,0.869980
ham_dos_n2_L2_nogeom_s2129768291,ham,dos,2,2,0,2129768291,16,GGATAGGCTTAGAATT,run4,0.828911
ham_dos_n2_L2_nogeom_s2129768291,ham,dos,2,2,0,2129768291,16,GGGGGGGGGGGGGGGG,run1,4.521065
ham_dos_n2_L2_nogeom_s2129768291,ham,dos,2,2,0,2129768291,16,GGGGGGGGGGGGGGGG,run2,4.497100
ham_dos_n2_L2_nogeom_s2129768291,ham,dos,2,2,0,2129768291,16,GGGGGGGGGGGGGGGG,run3,4.258091
ham_dos_n2_L2_nogeom_s2129768291,ham,dos,2,2,0,2129768291,16,GGGGGGGGGGGGGGGG,run4,4.359369
ham_dos_n2_L2_nogeom_s2129768291,ham,dos,2,2,0,2129768291,16,GTCAGGATCTGACAGT,run1,1.519303
ham_dos_n2_L2_nogeom_s2129768291,ham,dos,2,2,0,2129768291,16,GTCAGGATCTGACAGT,run2,1.242560
ham_dos_n2_L2_nogeom_s2129768291,ham,dos,2,2,0,2129768291,16,GTCAGGATCTGACAGT,run3,1.708827
ham_dos_n2_L2_nogeom_s2129768291,ham,dos,2,2,0,2129768291,16,GTCAGGATCTGACAGT,run4,1.311282
ham_dos_n2_L2_nogeom_s2129768291,ham,dos,2,2,0,2129768291,16,TCAGTGCTAAGTCATG,run1,1.002239
ham_dos_n2_L2_nogeom_s2129768291,ham,dos,2,2,0,2129768291,16,TCAGTGCTAAGTCATG,run2,0.912390
ham_dos_n2_L2_nogeom_s2129768291,ham,dos,2,2,0,2129768291,16,TCAGTGCTAAGTCATG,run3,1.027022
ham_dos_n2_L2_nogeom_s2129768291,ham,dos,2,2,0,2129768291,16,TCAGTGCTAAGTCATG,run4,0.931730
ham_dos_n2_L2_nogeom_s3731635825,ham,dos,2,2,0,3731635825,12,ACTTGACAGTCA,run1,0.666702
ham_dos_n2_L2_nogeom_s3731635825,ham,dos,2,2,0,3731635825,12,ACTTGACAGTCA,run2,0.969668
ham_dos_n2_L2_nogeom_s3731635825,ham,dos,2,2,0,3731635825,12,ACTTGACAGTCA,run3,0.667100
ham_dos_n2_L2_nogeom_s3731635825,ham,dos,2,2,0,3731635825,12,ACTTGACAGTCA,run4,0.917678
ham_dos_n2_L2_nogeom_s3731635825,ham,dos,2,2,0,3731635825,12,ATATATATATAT,run1,2.348206
ham_dos_n2_L2_nogeom_s3731635825,ham,dos,2,2,0,3731635825,12,ATATATATATAT,run2,2.508488
ham_dos_n2_L2_nogeom_s3731635825,ham,dos,2,2,0,3731635825,12,ATATATATATAT,run3,2.732993
ham_dos_n2_L2_nogeom_s3731635825,ham,dos,2,2,0,3731635825,12,ATATATATATAT,run4,2.802794
ham_dos_n2_L2_nogeom_s3731635825,ham,dos,2,2,0,3731635825,12,GGGGGGGGGGGG,run1,3.200295
ham_dos_n2_L2_nogeom_s3731635825,ham,dos,2,2,0,3731635825,12,GGGGGGGGGGGG,run2,3.470805
ham_dos_n2_L2_nogeom_s3731635825,ham,dos,2,2,0,3731635825,12,GGGGGGGGGGGG,run3,3.127056
ham_dos_n2_L2_nogeom_s3731635825,ham,dos,2,2,0,3731635825,12,GGGGGGGGGGGG,run4,3.347006
ham_dos_n2_L2_nogeom_s3731635825,ham,dos,2,2,0,3731635825,12,GTCAGGATCTGA,run1,1.994755
ham_dos_n2_L2_nogeom_s3731635825,ham,dos,2,2,0,3731635825,12,GTCAGGATCTGA,run2,1.796017
ham_dos_n2_L2_nogeom_s3731635825,ham,dos,2,2,0,3731635825,12,GTCAGGATCTGA,run3,2.122514
ham_dos_n2_L2_nogeom_s3731635825,ham,dos,2,2,0,3731635825,12,GTCAGGATCTGA,run4,2.069782
ham_dos_n2_L2_nogeom_s3731635825,ham,dos,2,2,0,3731635825,16,GGATAGGCTTAGAATT,run1,1.162030
ham_dos_n2_L2_nogeom_s3731635825,ham,dos,2,2,0,3731635825,16,GGATAGGCTTAGAATT,run2,1.173725
ham_dos_n2_L2_nogeom_s3731635825,ham,dos,2,2,0,3731635825,16,GGATAGGCTTAGAATT,run3,1.384819
ham_dos_n2_L2_nogeom_s3731635825,ham,dos,2,2,0,3731635825,16,GGATAGGCTTAGAATT,run4,1.346227
ham_dos_n2_L2_nogeom_s3731635825,ham,dos,2,2,0,3731635825,16,GGGGGGGGGGGGGGGG,run1,4.321473
ham_dos_n2_L2_nogeom_s3731635825,ham,dos,2,2,0,3731635825,16,GGGGGGGGGGGGGGGG,run2,4.507079
ham_dos_n2_L2_nogeom_s3731635825,ham,dos,2,2,0,3731635825,16,GGGGGGGGGGGGGGGG,run3,4.368783
ham_dos_n2_L2_nogeom_s3731635825,ham,dos,2,2,0,3731635825,16,GGGGGGGGGGGGGGGG,run4,4.511272
ham_dos_n2_L2_nogeom_s3731635825,ham,dos,2,2,0,3731635825,16,GTCAGGATCTGACAGT,run1,1.678045
ham_dos_n2_L2_nogeom_s3731635825,ham,dos,2,2,0,3731635825,16,GTCAGGATCTGACAGT,run2,1.701418
ham_dos_n2_L2_nogeom_s3731635825,ham,dos,2,2,0,3731635825,16,GTCAGGATCTGACAGT,run3,2.011754
ham_dos_n2_L2_nogeom_s3731635825,ham,dos,2,2,0,3731635825,16,GTCAGGATCTGACAGT,run4,1.850575
ham_dos_n2_L2_nogeom_s3731635825,ham,dos,2,2,0,3731635825,16,TCAGTGCTAAGTCATG,run1,0.890195
ham_dos_n2_L2_nogeom_s3731635825,ham,dos,2,2,0,3731635825,16,TCAGTGCTAAGTCATG,run2,0.839472
ham_dos_n2_L2_nogeom_s3731635825,ham,dos,2,2,0,3731635825,16,TCAGTGCTAAGTCATG,run3,0.995353
ham_dos_n2_L2_nogeom_s3731635825,ham,dos,2,2,0,3731635825,16,TCAGTGCTAAGTCATG,run4,0.963292
ham_dos_n2_L4_geom_s1179027592,ham,dos,2,4,1,1179027592,12,ACTTGACAGTCA,run1,0.846580
ham_dos_n2_L4_geom_s1179027592,ham,dos,2,4,1,1179027592,12,ACTTGACAGTCA,run2,0.780094
ham_dos_n2_L4_geom_s1179027592,ham,dos,2,4,1,1179027592,12,ACTTGACAGTCA,run3,0.946132
ham_dos_n2_L4_geom_s1179027592,ham,dos,2,4,1,1179027592,12,ACTTGACAGTCA,run4,0.944643
ham_dos_n2_L4_geom_s1179027592,ham,dos,2,4,1,1179027592,12,ATATATATATAT,run1,1.694594
ham_dos_n2_L4_geom_s1179027592,ham,dos,2,4,1,1179027592,12,ATATATATATAT,run2,1.393081
ham_dos_n2_L4_geom_s1179027592,ham,dos,2,4,1,1179027592,12,ATATATATATAT,run3,1.696327
ham_dos_n2_L4_geom_s1179027592,ham,dos,2,4,1,1179027592,12,ATATATATATAT,run4,1.457979
ham_dos_n2_L4_geom_s1179027592,ham,dos,2,4,1,1179027592,12,GGGGGGGGGGGG,run1,2.978449
ham_dos_n2_L4_geom_s1179027592,ham,dos,2,4,1,1179027592,12,GGGGGGGGGGGG,run2,2.658425
ham_dos_n2_L4_geom_s1179027592,ham,dos,2,4,1,1179027592,12,GGGGGGGGGGGG,run3,2.889943
ham_dos_n2_L4_geom_s1179027592,ham,dos,2,4,1,1179027592,12,GGGGGGGGGGGG,run4,2.626118
ham_dos_n2_L4_geom_s1179027592,ham,dos,2,4,1,1179027592,12,GTCAGGATCTGA,run1,1.568314
ham_dos_n2_L4_geom_s1179027592,ham,dos,2,4,1,1179027592,12,GTCAGGATCTGA,run2,1.661910
ham_dos_n2_L4_geom_s1179027592,ham,dos,2,4,1,1179027592,12,GTCAGGATCTGA,run3,1.584743
ham_dos_n2_L4_geom_s1179027592,ham,dos,2,4,1,1179027592,12,GTCAGGATCTGA,run4,1.716127
ham_dos_n2_L4_geom_s1179027592,ham,dos,2,4,1,1179027592,16,GGATAGGCTTAGAATT,run1,1.425558
ham_dos_n2_L4_geom_s1179027592,ham,dos,2,4,1,1179027592,16,GGATAGGCTTAGAATT,run2,1.373176
ham_dos_n2_L4_geom_s1179027592,ham,dos,2,4,1,1179027592,16,GGATAGGCTTAGAATT,run3,1.412136
ham_dos_n2_L4_geom_s1179027592,ham,dos,2,4,1,1179027592,16,GGATAGGCTTAGAATT,run4,1.305327
ham_dos_n2_L4_geom_s1179027592,ham,dos,2,4,1,1179027592,16,GGGGGGGGGGGGGGGG,run1,4.224940
ham_dos_n2_L4_geom_s1179027592,ham,dos,2,4,1,1179027592,16,GGGGGGGGGGGGGGGG,run2,3.896016
ham_dos_n2_L4_geom_s1179027592,ham,dos,2,4,1,1179027592,16,GGGGGGGGGGGGGGGG,run3,4.204513
ham_dos_n2_L4_geom_s1179027592,ham,dos,2,4,1,1179027592,16,GGGGGGGGGGGGGGGG,run4,4.055524
ham_dos_n2_L4_geom_s1179027592,ham,dos,2,4,1,1179027592,16,GTCAGGATCTGACAGT,run1,1.457457
ham_dos_n2_L4_geom_s1179027592,ham,dos,2,4,1,1179027592,16,GTCAGGATCTGACAGT,run2,1.346910
ham_dos_n2_L4_geom_s1179027592,ham,dos,2,4,1,1179027592,16,GTCAGGATCTGACAGT,run3,1.787511
ham_dos_n2_L4_geom_s1179027592,ham,dos,2,4,1,1179027592,16,GTCAGGATCTGACAGT,run4,1.597366
ham_dos_n2_L4_geom_s1179027592,ham,dos,2,4,1,1179027592,16,TCAGTGCTAAGTCATG,run1,0.951864
ham_dos_n2_L4_geom_s1179027592,ham,dos,2,4,1,1179027592,16,TCAGTGCTAAGTCATG,run2,0.956946
ham_dos_n2_L4_geom_s1179027592,ham,dos,2,4,1,1179027592,16,TCAGTGCTAAGTCATG,run3,1.256970
ham_dos_n2_L4_geom_s1179027592,ham,dos,2,4,1,1179027592,16,TCAGTGCTAAGTCATG,run4,1.146741
ham_dos_n2_L4_geom_s2129768291,ham,dos,2,4,1,2129768291,12,ACTTGACAGTCA,run1,1.219736
ham_dos_n2_L4_geom_s2129768291,ham,dos,2,4,1,2129768291,12,ACTTGACAGTCA,run2,1.266427
ham_dos_n2_L4_geom_s2129768291,ham,dos,2,4,1,2129768291,12,ACTTGACAGTCA,run3,1.364885
ham_dos_n2_L4_geom_s2129768291,ham,dos,2,4,1,2129768291,12,ACTTGACAGTCA,run4,1.252938
ham_dos_n2_L4_geom_s2129768291,ham,dos,2,4,1,2129768291,12,ATATATATATAT,run1,2.556128
ham_dos_n2_L4_geom_s2129768291,ham,dos,2,4,1,2129768291,12,ATATATATATAT,run2,2.380419
ham_dos_n2_L4_geom_s2129768291,ham,dos,2,4,1,2129768291,12,ATATATATATAT,run3,2.706196
ham_dos_n2_L4_geom_s2129768291,ham,dos,2,4,1,2129768291,12,ATATATATATAT,run4,2.340128
ham_dos_n2_L4_geom_s2129768291,ham,dos,2,4,1,2129768291,12,GGGGGGGGGGGG,run1,3.121014
ham_dos_n2_L4_geom_s2129768291,ham,dos,2,4,1,2129768291,12,GGGGGGGGGGGG,run2,3.172970
ham_dos_n2_L4_geom_s2129768291,ham,dos,2,4,1,2129768291,12,GGGGGGGGGGGG,run3,3.148748
ham_dos_n2_L4_geom_s2129768291,ham,dos,2,4,1,2129768291,12,GGGGGGGGGGGG,run4,2.886256
ham_dos_n2_L4_geom_s2129768291,ham,dos,2,4,1,2129768291,12,GTCAGGATCTGA,run1,1.584853
ham_dos_n2_L4_geom_s2129768291,ham,dos,2,4,1,2129768291,12,GTCAGGATCTGA,run2,1.441914
ham_dos_n2_L4_geom_s2129768291,ham,dos,2,4,1,2129768291,12,GTCAGGATCTGA,run3,1.741411
ham_dos_n2_L4_geom_s2129768291,ham,dos,2,4,1,2129768291,12,GTCAGGATCTGA,run4,1.815559
ham_dos_n2_L4_geom_s2129768291,ham,dos,2,4,1,2129768291,16,GGATAGGCTTAGAATT,run1,1.321622
ham_dos_n2_L4_geom_s2129768291,ham,dos,2,4,1,2129768291,16,GGATAGGCTTAGAATT,run2,1.203565
ham_dos_n2_L4_geom_s2129768291,ham,dos,2,4,1,2129768291,16,GGATAGGCTTAGAATT,run3,1.251732
ham_dos_n2_L4_geom_s2129768291,ham,dos,2,4,1,2129768291,16,GGATAGGCTTAGAATT,run4,1.205174
ham_dos_n2_L4_geom_s2129768291,ham,dos,2,4,1,2129768291,16,GGGGGGGGGGGGGGGG,run1,4.549032
ham_dos_n2_L4_geom_s2129768291,ham,dos,2,4,1,2129768291,16,GGGGGGGGGGGGGGGG,run2,4.700088
ham_dos_n2_L4_geom_s2129768291,ham,dos,2,4,1,2129768291,16,GGGGGGGGGGGGGGGG,run3,4.519066
ham_dos_n2_L4_geom_s2129768291,ham,dos,2,4,1,2129768291,16,GGGGGGGGGGGGGGGG,run4,4.607485
ham_dos_n2_L4_geom_s2129768291,ham,dos,2,4,1,2129768291,16,GTCAGGATCTGACAGT,run1,1.380101
ham_dos_n2_L4_geom_s2129768291,ham,dos,2,4,1,2129768291,16,GTCAGGATCTGACAGT,run2,1.214815
ham_dos_n2_L4_geom_s2129768291,ham,dos,2,4,1,2129768291,16,GTCAGGATCTGACAGT,run3,1.602484
ham_dos_n2_L4_geom_s2129768291,ham,dos,2,4,1,2129768291,16,GTCAGGATCTGACAGT,run4,1.457073
ham_dos_n2_L4_geom_s2129768291,ham,dos,2,4,1,2129768291,16,TCAGTGCTAAGTCATG,run1,1.017786
ham_dos_n2_L4_geom_s2129768291,ham,dos,2,4,1,2129768291,16,TCAGTGCTAAGTCATG,run2,0.981099
ham_dos_n2_L4_geom_s2129768291,ham,dos,2,4,1,2129768291,16,TCAGTGCTAAGTCATG,run3,1.245325
ham_dos_n2_L4_geom_s2129768291,ham,dos,2,4,1,2129768291,16,TCAGTGCTAAGTCATG,run4,1.160771
ham_dos_n2_L4_geom_s3731635825,ham,dos,2,4,1,3731635825,12,ACTTGACAGTCA,run1,1.374108
ham_dos_n2_L4_geom_s3731635825,ham,dos,2,4,1,3731635825,12,ACTTGACAGTCA,run2,1.462749
ham_dos_n2_L4_geom_s3731635825,ham,dos,2,4,1,3731635825,12,ACTTGACAGTCA,run3,1.233019
ham_dos_n2_L4_geom_s3731635825,ham,dos,2,4,1,3731635825,12,ACTTGACAGTCA,run4,1.407544
ham_dos_n2_L4_geom_s3731635825,ham,dos,2,4,1,3731635825,12,ATATATATATAT,run1,1.826791
ham_dos_n2_L4_geom_s3731635825,ham,dos,2,4,1,3731635825,12,ATATATATATAT,run2,2.067947
ham_dos_n2_L4_geom_s3731635825,ham,dos,2,4,1,3731635825,12,ATATATATATAT,run3,1.626350
ham_dos_n2_L4_geom_s3731635825,ham,dos,2,4,1,3731635825,12,ATATATATATAT,run4,1.793027
ham_dos_n2_L4_geom_s3731635825,ham,dos,2,4,1,3731635825,12,GGGGGGGGGGGG,run1,3.404655
ham_dos_n2_L4_geom_s3731635825,ham,dos,2,4,1,3731635825,12,GGGGGGGGGGGG,run2,3.436285
ham_dos_n2_L4_geom_s3731635825,ham,dos,2,4,1,3731635825,12,GGGGGGGGGGGG,run3,3.568240
ham_dos_n2_L4_geom_s3731635825,ham,dos,2,4,1,3731635825,12,GGGGGGGGGGGG,run4,3.583751
ham_dos_n2_L4_geom_s3731635825,ham,dos,2,4,1,3731635825,12,GTCAGGATCTGA,run1,1.841363
ham_dos_n2_L4_geom_s3731635825,ham,dos,2,4,1,3731635825,12,GTCAGGATCTGA,run2,1.814385
ham_dos_n2_L4_geom_s3731635825,ham,dos,2,4,1,3731635825,12,GTCAGGATCTGA,run3,1.941993
ham_dos_n2_L4_geom_s3731635825,ham,dos,2,4,1,3731635825,12,GTCAGGATCTGA,run4,2.023041
ham_dos_n2_L4_geom_s3731635825,ham,dos,2,4,1,3731635825,16,GGATAGGCTTAGAATT,run1,1.034584
ham_dos_n2_L4_geom_s3731635825,ham,dos,2,4,1,3731635825,16,GGATAGGCTTAGAATT,run2,0.827763
ham_dos_n2_L4_geom_s3731635825,ham,dos,2,4,1,3731635825,16,GGATAGGCTTAGAATT,run3,1.131961
ham_dos_n2_L4_geom_s3731635825,ham,dos,2,4,1,3731635825,16,GGATAGGCTTAGAATT,run4,1.017730
ham_dos_n2_L4_geom_s3731635825,ham,dos,2,4,1,3731635825,16,GGGGGGGGGGGGGGGG,run1,4.935021
ham_dos_n2_L4_geom_s3731635825,ham,dos,2,4,1,3731635825,16,GGGGGGGGGGGGGGGG,run2,4.612564
ham_dos_n2_L4_geom_s3731635825,ham,dos,2,4,1,3731635825,16,GGGGGGGGGGGGGGGG,run3,5.099577
ham_dos_n2_L4_geom_s3731635825,ham,dos,2,4,1,3731635825,16,GGGGGGGGGGGGGGGG,run4,4.868547
ham_dos_n2_L4_geom_s3731635825,ham,dos,2,4,1,3731635825,16,GTCAGGATCTGACAGT,run1,1.404430
ham_dos_n2_L4_geom_s3731635825,ham,dos,2,4,1,3731635825,16,GTCAGGATCTGACAGT,run2,1.384829
ham_dos_n2_L4_geom_s3731635825,ham,dos,2,4,1,3731635825,16,GTCAGGATCTGACAGT,run3,1.598225
ham_dos_n2_L4_geom_s3731635825,ham,dos,2,4,1,3731635825,16,GTCAGGATCTGACAGT,run4,1.482653
ham_dos_n2_L4_geom_s3731635825,ham,dos,2,4,1,3731635825,16,TCAGTGCTAAGTCATG,run1,1.305176
ham_dos_n2_L4_geom_s3731635825,ham,dos,2,4,1,3731635825,16,TCAGTGCTAAGTCATG,run2,1.129428
ham_dos_n2_L4_geom_s3731635825,ham,dos,2,4,1,3731635825,16,TCAGTGCTAAGTCATG,run3,1.449355
ham_dos_n2_L4_geom_s3731635825,ham,dos,2,4,1,3731635825,16,TCAGTGCTAAGTCATG,run4,1.192216
ham_dos_n2_L4_nogeom_s1179027592,ham,dos,2,4,0,1179027592,12,ACTTGACAGTCA,run1,0.900716
ham_dos_n2_L4_nogeom_s1179027592,ham,dos,2,4,0,1179027592,12,ACTTGACAGTCA,run2,0.893149
ham_dos_n2_L4_nogeom_s1179027592,ham,dos,2,4,0,1179027592,12,ACTTGACAGTCA,run3,0.899220
ham_dos_n2_L4_nogeom_s1179027592,ham,dos,2,4,0,1179027592,12,ACTTGACAGTCA,run4,1.141009
ham_dos_n2_L4_nogeom_s1179027592,ham,dos,2,4,0,1179027592,12,ATATATATATAT,run1,1.828305
ham_dos_n2_L4_nogeom_s1179027592,ham,dos,2,4,0,1179027592,12,ATATATATATAT,run2,1.999693
ham_dos_n2_L4_nogeom_s1179027592,ham,dos,2,4,0,1179027592,12,ATATATATATAT,run3,2.099857
ham_dos_n2_L4_nogeom_s1179027592,ham,dos,2,4,0,1179027592,12,ATATATATATAT,run4,2.043760
ham_dos_n2_L4_nogeom_s1179027592,ham,dos,2,4,0,1179027592,12,GGGGGGGGGGGG,run1,3.202227
ham_dos_n2_L4_nogeom_s1179027592,ham,dos,2,4,0,1179027592,12,GGGGGGGGGGGG,run2,3.473643
ham_dos_n2_L4_nogeom_s1179027592,ham,dos,2,4,0,1179027592,12,GGGGGGGGGGGG,run3,3.082538
ham_dos_n2_L4_nogeom_s1179027592,ham,dos,2,4,0,1179027592,12,GGGGGGGGGGGG,run4,3.148918
ham_dos_n2_L4_nogeom_s1179027592,ham,dos,2,4,0,1179027592,12,GTCAGGATCTGA,run1,1.374783
ham_dos_n2_L4_nogeom_s1179027592,ham,dos,2,4,0,1179027592,12,GTCAGGATCTGA,run2,1.285575
ham_dos_n2_L4_nogeom_s1179027592,ham,dos,2,4,0,1179027592,12,GTCAGGATCTGA,run3,1.324847
ham_dos_n2_L4_nogeom_s1179027592,ham,dos,2,4,0,1179027592,12,GTCAGGATCTGA,run4,1.407384
ham_dos_n2_L4_nogeom_s1179027592,ham,dos,2,4,0,1179027592,16,GGATAGGCTTAGAATT,run1,1.104238
ham_dos_n2_L4_nogeom_s1179027592,ham,dos,2,4,0,1179027592,16,GGATAGGCTTAGAATT,run2,1.101373
ham_dos_n2_L4_nogeom_s1179027592,ham,dos,2,4,0,1179027592,16,GGATAGGCTTAGAATT,run3,0.993481
ham_dos_n2_L4_nogeom_s1179027592,ham,dos,2,4,0,1179027592,16,GGATAGGCTTAGAATT,run4,0.953196
ham_dos_n2_L4_nogeom_s1179027592,ham,dos,2,4,0,1179027592,16,GGGGGGGGGGGGGGGG,run1,4.269522
ham_dos_n2_L4_nogeom_s1179027592,ham,dos,2,4,0,1179027592,16,GGGGGGGGGGGGGGGG,run2,4.479568
ham_dos_n2_L4_nogeom_s1179027592,ham,dos,2,4,0,1179027592,16,GGGGGGGGGGGGGGGG,run3,4.230979
ham_dos_n2_L4_nogeom_s1179027592,ham,dos,2,4,0,1179027592,16,GGGGGGGGGGGGGGGG,run4,4.353472
ham_dos_n2_L4_nogeom_s1179027592,ham,dos,2,4,0,1179027592,16,GTCAGGATCTGACAGT,run1,1.369444
ham_dos_n2_L4_nogeom_s1179027592,ham,dos,2,4,0,1179027592,16,GTCAGGATCTGACAGT,run2,1.309126
ham_dos_n2_L4_nogeom_s1179027592,ham,dos,2,4,0,1179027592,16,GTCAGGATCTGACAGT,run3,1.566188
ham_dos_n2_L4_nogeom_s1179027592,ham,dos,2,4,0,1179027592,16,GTCAGGATCTGACAGT,run4,1.303773
ham_dos_n2_L4_nogeom_s1179027592,ham,dos,2,4,0,1179027592,16,TCAGTGCTAAGTCATG,run1,0.956661
ham_dos_n2_L4_nogeom_s1179027592,ham,dos,2,4,0,1179027592,16,TCAGTGCTAAGTCATG,run2,0.914789
ham_dos_n2_L4_nogeom_s1179027592,ham,dos,2,4,0,1179027592,16,TCAGTGCTAAGTCATG,run3,1.181462
ham_dos_n2_L4_nogeom_s1179027592,ham,dos,2,4,0,1179027592,16,TCAGTGCTAAGTCATG,run4,1.024812
ham_dos_n2_L4_nogeom_s2129768291,ham,dos,2,4,0,2129768291,12,ACTTGACAGTCA,run1,1.063343
ham_dos_n2_L4_nogeom_s2129768291,ham,dos,2,4,0,2129768291,12,ACTTGACAGTCA,run2,1.106668
ham_dos_n2_L4_nogeom_s2129768291,ham,dos,2,4,0,2129768291,12,ACTTGACAGTCA,run3,0.936888
ham_dos_n2_L4_nogeom_s2129768291,ham,dos,2,4,0,2129768291,12,ACTTGACAGTCA,run4,1.126934
ham_dos_n2_L4_nogeom_s2129768291,ham,dos,2,4,0,2129768291,12,ATATATATATAT,run1,4.099854
ham_dos_n2_L4_nogeom_s2129768291,ham,dos,2,4,0,2129768291,12,ATATATATATAT,run2,3.788434
ham_dos_n2_L4_nogeom_s2129768291,ham,dos,2,4,0,2129768291,12,ATATATATATAT,run3,4.275304
ham_dos_n2_L4_nogeom_s2129768291,ham,dos,2,4,0,2129768291,12,ATATATATATAT,run4,4.165059
ham_dos_n2_L4_nogeom_s2129768291,ham,dos,2,4,0,2129768291,12,GGGGGGGGGGGG,run1,3.120129
ham_dos_n2_L4_nogeom_s2129768291,ham,dos,2,4,0,2129768291,12,GGGGGGGGGGGG,run2,3.336937
ham_dos_n2_L4_nogeom_s2129768291,ham,dos,2,4,0,2129768291,12,GGGGGGGGGGGG,run3,2.984791
ham_dos_n2_L4_nogeom_s2129768291,ham,dos,2,4,0,2129768291,12,GGGGGGGGGGGG,run4,2.975715
ham_dos_n2_L4_nogeom_s2129768291,ham,dos,2,4,0,2129768291,12,GTCAGGATCTGA,run1,1.231541
ham_dos_n2_L4_nogeom_s2129768291,ham,dos,2,4,0,2129768291,12,GTCAGGATCTGA,run2,1.151494
ham_dos_n2_L4_nogeom_s2129768291,ham,dos,2,4,0,2129768291,12,GTCAGGATCTGA,run3,1.242785
ham_dos_n2_L4_nogeom_s2129768291,ham,dos,2,4,0,2129768291,12,GTCAGGATCTGA,run4,1.300412
ham_dos_n2_L4_nogeom_s2129768291,ham,dos,2,4,0,2129768291,16,GGATAGGCTTAGAATT,run1,1.228749
ham_dos_n2_L4_nogeom_s2129768291,ham,dos,2,4,0,2129768291,16,GGATAGGCTTAGAATT,run2,1.065327
ham_dos_n2_L4_nogeom_s2129768291,ham,dos,2,4,0,2129768291,16,GGATAGGCTTAGAATT,run3,1.233049
ham_dos_n2_L4_nogeom_s2129768291,ham,dos,2,4,0,2129768291,16,GGATAGGCTTAGAATT,run4,1.146831
ham_dos_n2_L4_nogeom_s2129768291,ham,dos,2,4,0,2129768291,16,GGGGGGGGGGGGGGGG,run1,4.990742
ham_dos_n2_L4_nogeom_s2129768291,ham,dos,2,4,0,2129768291,16,GGGGGGGGGGGGGGGG,run2,5.126841
ham_dos_n2_L4_nogeom_s2129768291,ham,dos,2,4,0,2129768291,16,GGGGGGGGGGGGGGGG,run3,4.929472
ham_dos_n2_L4_nogeom_s2129768291,ham,dos,2,4,0,2129768291,16,GGGGGGGGGGGGGGGG,run4,5.066078
ham_dos_n2_L4_nogeom_s2129768291,ham,dos,2,4,0,2129768291,16,GTCAGGATCTGACAGT,run1,1.307222
ham_dos_n2_L4_nogeom_s2129768291,ham,dos,2,4,0,2129768291,16,GTCAGGATCTGACAGT,run2,1.309795
ham_dos_n2_L4_nogeom_s2129768291,ham,dos,2,4,0,2129768291,16,GTCAGGATCTGACAGT,run3,1.542298
ham_dos_n2_L4_nogeom_s2129768291,ham,dos,2,4,0,2129768291,16,GTCAGGATCTGACAGT,run4,1.434794
ham_dos_n2_L4_nogeom_s2129768291,ham,dos,2,4,0,2129768291,16,TCAGTGCTAAGTCATG,run1,1.027906
ham_dos_n2_L4_nogeom_s2129768291,ham,dos,2,4,0,2129768291,16,TCAGTGCTAAGTCATG,run2,0.829896
ham_dos_n2_L4_nogeom_s2129768291,ham,dos,2,4,0,2129768291,16,TCAGTGCTAAGTCATG,run3,1.105839
ham_dos_n2_L4_nogeom_s2129768291,ham,dos,2,4,0,2129768291,16,TCAGTGCTAAGTCATG,run4,0.941593
ham_dos_n2_L4_nogeom_s3731635825,ham,dos,2,4,0,3731635825,12,ACTTGACAGTCA,run1,0.807833
ham_dos_n2_L4_nogeom_s3731635825,ham,dos,2,4,0,3731635825,12,ACTTGACAGTCA,run2,0.914884
ham_dos_n2_L4_nogeom_s3731635825,ham,dos,2,4,0,3731635825,12,ACTTGACAGTCA,run3,0.829170
ham_dos_n2_L4_nogeom_s3731635825,ham,dos,2,4,0,3731635825,12,ACTTGACAGTCA,run4,0.985792
ham_dos_n2_L4_nogeom_s3731635825,ham,dos,2,4,0,3731635825,12,ATATATATATAT,run1,1.202528
ham_dos_n2_L4_nogeom_s3731635825,ham,dos,2,4,0,3731635825,12,ATATATATATAT,run2,1.859105
ham_dos_n2_L4_nogeom_s3731635825,ham,dos,2,4,0,3731635825,12,ATATATATATAT,run3,1.280324
ham_dos_n2_L4_nogeom_s3731635825,ham,dos,2,4,0,3731635825,12,ATATATATATAT,run4,1.799933
ham_dos_n2_L4_nogeom_s3731635825,ham,dos,2,4,0,3731635825,12,GGGGGGGGGGGG,run1,3.259013
ham_dos_n2_L4_nogeom_s3731635825,ham,dos,2,4,0,3731635825,12,GGGGGGGGGGGG,run2,2.810301
ham_dos_n2_L4_nogeom_s3731635825,ham,dos,2,4,0,3731635825,12,GGGGGGGGGGGG,run3,2.920816
ham_dos_n2_L4_nogeom_s3731635825,ham,dos,2,4,0,3731635825,12,GGGGGGGGGGGG,run4,2.790105
ham_dos_n2_L4_nogeom_s3731635825,ham,dos,2,4,0,3731635825,12,GTCAGGATCTGA,run1,1.244272
ham_dos_n2_L4_nogeom_s3731635825,ham,dos,2,4,0,3731635825,12,GTCAGGATCTGA,run2,1.229039
ham_dos_n2_L4_nogeom_s3731635825,ham,dos,2,4,0,3731635825,12,GTCAGGATCTGA,run3,1.267305
ham_dos_n2_L4_nogeom_s3731635825,ham,dos,2,4,0,3731635825,12,GTCAGGATCTGA,run4,1.279415
ham_dos_n2_L4_nogeom_s3731635825,ham,dos,2,4,0,3731635825,16,GGATAGGCTTAGAATT,run1,1.313404
ham_dos_n2_L4_nogeom_s3731635825,ham,dos,2,4,0,3731635825,16,GGATAGGCTTAGAATT,run2,1.372227
ham_dos_n2_L4_nogeom_s3731635825,ham,dos,2,4,0,3731635825,16,GGATAGGCTTAGAATT,run3,1.345169
ham_dos_n2_L4_nogeom_s3731635825,ham,dos,2,4,0,3731635825,16,GGATAGGCTTAGAATT,run4,1.334586
ham_dos_n2_L4_nogeom_s3731635825,ham,dos,2,4,0,3731635825,16,GGGGGGGGGGGGGGGG,run1,4.089720
ham_dos_n2_L4_nogeom_s3731635825,ham,dos,2,4,0,3731635825,16,GGGGGGGGGGGGGGGG,run2,3.702296
ham_dos_n2_L4_nogeom_s3731635825,ham,dos,2,4,0,3731635825,16,GGGGGGGGGGGGGGGG,run3,4.020700
ham_dos_n2_L4_nogeom_s3731635825,ham,dos,2,4,0,3731635825,16,GGGGGGGGGGGGGGGG,run4,3.878504
ham_dos_n2_L4_nogeom_s3731635825,ham,dos,2,4,0,3731635825,16,GTCAGGATCTGACAGT,run1,1.349935
ham_dos_n2_L4_nogeom_s3731635825,ham,dos,2,4,0,3731635825,16,GTCAGGATCTGACAGT,run2,1.236790
ham_dos_n2_L4_nogeom_s3731635825,ham,dos,2,4,0,3731635825,16,GTCAGGATCTGACAGT,run3,1.602451
ham_dos_n2_L4_nogeom_s3731635825,ham,dos,2,4,0,3731635825,16,GTCAGGATCTGACAGT,run4,1.392312
ham_dos_n2_L4_nogeom_s3731635825,ham,dos,2,4,0,3731635825,16,TCAGTGCTAAGTCATG,run1,1.005363
ham_dos_n2_L4_nogeom_s3731635825,ham,dos,2,4,0,3731635825,16,TCAGTGCTAAGTCATG,run2,1.001821
ham_dos_n2_L4_nogeom_s3731635825,ham,dos,2,4,0,3731635825,16,TCAGTGCTAAGTCATG,run3,1.100520
ham_dos_n2_L4_nogeom_s3731635825,ham,dos,2,4,0,3731635825,16,TCAGTGCTAAGTCATG,run4,1.034282
ham_ldos_n1_L2_geom_s1179027592,ham,ldos,1,2,1,1179027592,12,ACTTGACAGTCA,run1,1.172200
ham_ldos_n1_L2_geom_s1179027592,ham,ldos,1,2,1,1179027592,12,ACTTGACAGTCA,run2,1.028319
ham_ldos_n1_L2_geom_s1179027592,ham,ldos,1,2,1,1179027592,12,ACTTGACAGTCA,run3,1.275872
ham_ldos_n1_L2_geom_s1179027592,ham,ldos,1,2,1,1179027592,12,ACTTGACAGTCA,run4,1.245602
ham_ldos_n1_L2_geom_s1179027592,ham,ldos,1,2,1,1179027592,12,ATATATATATAT,run1,3.809498
ham_ldos_n1_L2_geom_s1179027592,ham,ldos,1,2,1,1179027592,12,ATATATATATAT,run2,3.148488
ham_ldos_n1_L2_geom_s1179027592,ham,ldos,1,2,1,1179027592,12,ATATATATATAT,run3,3.861301
ham_ldos_n1_L2_geom_s1179027592,ham,ldos,1,2,1,1179027592,12,ATATATATATAT,run4,3.308689
ham_ldos_n1_L2_geom_s1179027592,ham,ldos,1,2,1,1179027592,12,GGGGGGGGGGGG,run1,4.363751
ham_ldos_n1_L2_geom_s1179027592,ham,ldos,1,2,1,1179027592,12,GGGGGGGGGGGG,run2,4.542667
ham_ldos_n1_L2_geom_s1179027592,ham,ldos,1,2,1,1179027592,12,GGGGGGGGGGGG,run3,4.467762
ham_ldos_n1_L2_geom_s1179027592,ham,ldos,1,2,1,1179027592,12,GGGGGGGGGGGG,run4,4.610307
ham_ldos_n1_L2_geom_s1179027592,ham,ldos,1,2,1,1179027592,12,GTCAGGATCTGA,run1,1.412516
ham_ldos_n1_L2_geom_s1179027592,ham,ldos,1,2,1,1179027592,12,GTCAGGATCTGA,run2,1.352419
ham_ldos_n1_L2_geom_s1179027592,ham,ldos,1,2,1,1179027592,12,GTCAGGATCTGA,run3,1.552254
ham_ldos_n1_L2_geom_s1179027592,ham,ldos,1,2,1,1179027592,12,GTCAGGATCTGA,run4,1.515099
ham_ldos_n1_L2_geom_s1179027592,ham,ldos,1,2,1,1179027592,16,GGATAGGCTTAGAATT,run1,1.037502
ham_ldos_n1_L2_geom_s1179027592,ham,ldos,1,2,1,1179027592,16,GGATAGGCTTAGAATT,run2,0.736032
ham_ldos_n1_L2_geom_s1179027592,ham,ldos,1,2,1,1179027592,16,GGATAGGCTTAGAATT,run3,1.145448
ham_ldos_n1_L2_geom_s1179027592,ham,ldos,1,2,1,1179027592,16,GGATAGGCTTAGAATT,run4,0.864976
ham_ldos_n1_L2_geom_s1179027592,ham,ldos,1,2,1,1179027592,16,GGGGGGGGGGGGGGGG,run1,5.692516
ham_ldos_n1_L2_geom_s1179027592,ham,ldos,1,2,1,1179027592,16,GGGGGGGGGGGGGGGG,run2,5.736041
ham_ldos_n1_L2_geom_s1179027592,ham,ldos,1,2,1,1179027592,16,GGGGGGGGGGGGGGGG,run3,5.813618
ham_ldos_n1_L2_geom_s1179027592,ham,ldos,1,2,1,1179027592,16,GGGGGGGGGGGGGGGG,run4,5.992600
ham_ldos_n1_L2_geom_s1179027592,ham,ldos,1,2,1,1179027592,16,GTCAGGATCTGACAGT,run1,1.554224
ham_ldos_n1_L2_geom_s1179027592,ham,ldos,1,2,1,1179027592,16,GTCAGGATCTGACAGT,run2,1.538733
ham_ldos_n1_L2_geom_s1179027592,ham,ldos,1,2,1,1179027592,16,GTCAGGATCTGACAGT,run3,2.016564
ham_ldos_n1_L2_geom_s1179027592,ham,ldos,1,2,1,1179027592,16,GTCAGGATCTGACAGT,run4,1.713799
ham_ldos_n1_L2_geom_s1179027592,ham,ldos,1,2,1,1179027592,16,TCAGTGCTAAGTCATG,run1,1.142800
ham_ldos_n1_L2_geom_s1179027592,ham,ldos,1,2,1,1179027592,16,TCAGTGCTAAGTCATG,run2,1.011718
ham_ldos_n1_L2_geom_s1179027592,ham,ldos,1,2,1,1179027592,16,TCAGTGCTAAGTCATG,run3,1.387965
ham_ldos_n1_L2_geom_s1179027592,ham,ldos,1,2,1,1179027592,16,TCAGTGCTAAGTCATG,run4,1.307303
ham_ldos_n1_L2_geom_s2129768291,ham,ldos,1,2,1,2129768291,12,ACTTGACAGTCA,run1,1.055132
ham_ldos_n1_L2_geom_s2129768291,ham,ldos,1,2,1,2129768291,12,ACTTGACAGTCA,run2,0.865258
ham_ldos_n1_L2_geom_s2129768291,ham,ldos,1,2,1,2129768291,12,ACTTGACAGTCA,run3,1.156544
ham_ldos_n1_L2_geom_s2129768291,ham,ldos,1,2,1,2129768291,12,ACTTGACAGTCA,run4,1.124751
ham_ldos_n1_L2_geom_s2129768291,ham,ldos,1,2,1,2129768291,12,ATATATATATAT,run1,5.021222
ham_ldos_n1_L2_geom_s2129768291,ham,ldos,1,2,1,2129768291,12,ATATATATATAT,run2,4.713967
ham_ldos_n1_L2_geom_s2129768291,ham,ldos,1,2,1,2129768291,12,ATATATATATAT,run3,4.800849
ham_ldos_n1_L2_geom_s2129768291,ham,ldos,1,2,1,2129768291,12,ATATATATATAT,run4,4.690916
ham_ldos_n1_L2_geom_s2129768291,ham,ldos,1,2,1,2129768291,12,GGGGGGGGGGGG,run1,4.367447
ham_ldos_n1_L2_geom_s2129768291,ham,ldos,1,2,1,2129768291,12,GGGGGGGGGGGG,run2,4.108566
ham_ldos_n1_L2_geom_s2129768291,ham,ldos,1,2,1,2129768291,12,GGGGGGGGGGGG,run3,4.451304
ham_ldos_n1_L2_geom_s2129768291,ham,ldos,1,2,1,2129768291,12,GGGGGGGGGGGG,run4,4.395951
ham_ldos_n1_L2_geom_s2129768291,ham,ldos,1,2,1,2129768291,12,GTCAGGATCTGA,run1,1.384085
ham_ldos_n1_L2_geom_s2129768291,ham,ldos,1,2,1,2129768291,12,GTCAGGATCTGA,run2,1.367360
ham_ldos_n1_L2_geom_s2129768291,ham,ldos,1,2,1,2129768291,12,GTCAGGATCTGA,run3,1.601238
ham_ldos_n1_L2_geom_s2129768291,ham,ldos,1,2,1,2129768291,12,GTCAGGATCTGA,run4,1.501045
ham_ldos_n1_L2_geom_s2129768291,ham,ldos,1,2,1,2129768291,16,GGATAGGCTTAGAATT,run1,1.243707
ham_ldos_n1_L2_geom_s2129768291,ham,ldos,1,2,1,2129768291,16,GGATAGGCTTAGAATT,run2,0.966663
ham_ldos_n1_L2_geom_s2129768291,ham,ldos,1,2,1,2129768291,16,GGATAGGCTTAGAATT,run3,1.362406
ham_ldos_n1_L2_geom_s2129768291,ham,ldos,1,2,1,2129768291,16,GGATAGGCTTAGAATT,run4,1.073494
ham_ldos_n1_L2_geom_s2129768291,ham,ldos,1,2,1,2129768291,16,GGGGGGGGGGGGGGGG,run1,5.795375
ham_ldos_n1_L2_geom_s2129768291,ham,ldos,1,2,1,2129768291,16,GGGGGGGGGGGGGGGG,run2,5.355792
ham_ldos_n1_L2_geom_s2129768291,ham,ldos,1,2,1,2129768291,16,GGGGGGGGGGGGGGGG,run3,5.892323
ham_ldos_n1_L2_geom_s2129768291,ham,ldos,1,2,1,2129768291,16,GGGGGGGGGGGGGGGG,run4,5.804753
ham_ldos_n1_L2_geom_s2129768291,ham,ldos,1,2,1,2129768291,16,GTCAGGATCTGACAGT,run1,1.725628
ham_ldos_n1_L2_geom_s2129768291,ham,ldos,1,2,1,2129768291,16,GTCAGGATCTGACAGT,run2,1.660531
ham_ldos_n1_L2_geom_s2129768291,ham,ldos,1,2,1,2129768291,16,GTCAGGATCTGACAGT,run3,2.084265
ham_ldos_n1_L2_geom_s2129768291,ham,ldos,1,2,1,2129768291,16,GTCAGGATCTGACAGT,run4,1.785770
ham_ldos_n1_L2_geom_s2129768291,ham,ldos,1,2,1,2129768291,16,TCAGTGCTAAGTCATG,run1,1.077464
ham_ldos_n1_L2_geom_s2129768291,ham,ldos,1,2,1,2129768291,16,TCAGTGCTAAGTCATG,run2,0.917048
ham_ldos_n1_L2_geom_s2129768291,ham,ldos,1,2,1,2129768291,16,TCAGTGCTAAGTCATG,run3,1.332581
ham_ldos_n1_L2_geom_s2129768291,ham,ldos,1,2,1,2129768291,16,TCAGTGCTAAGTCATG,run4,1.185379
ham_ldos_n1_L2_geom_s3731635825,ham,ldos,1,2,1,3731635825,12,ACTTGACAGTCA,run1,1.182801
ham_ldos_n1_L2_geom_s3731635825,ham,ldos,1,2,1,3731635825,12,ACTTGACAGTCA,run2,1.178427
ham_ldos_n1_L2_geom_s3731635825,ham,ldos,1,2,1,3731635825,12,ACTTGACAGTCA,run3,1.279869
ham_ldos_n1_L2_geom_s3731635825,ham,ldos,1,2,1,3731635825,12,ACTTGACAGTCA,run4,1.368731
ham_ldos_n1_L2_geom_s3731635825,ham,ldos,1,2,1,3731635825,12,ATATATATATAT,run1,4.905266
ham_ldos_n1_L2_geom_s3731635825,ham,ldos,1,2,1,3731635825,12,ATATATATATAT,run2,4.712832
ham_ldos_n1_L2_geom_s3731635825,ham,ldos,1,2,1,3731635825,12,ATATATATATAT,run3,4.780392
ham_ldos_n1_L2_geom_s3731635825,ham,ldos,1,2,1,3731635825,12,ATATATATATAT,run4,4.691065
ham_ldos_n1_L2_geom_s3731635825,ham,ldos,1,2,1,3731635825,12,GGGGGGGGGGGG,run1,4.350522
ham_ldos_n1_L2_geom_s3731635825,ham,ldos,1,2,1,3731635825,12,GGGGGGGGGGGG,run2,4.058929
ham_ldos_n1_L2_geom_s3731635825,ham,ldos,1,2,1,3731635825,12,GGGGGGGGGGGG,run3,4.421200
ham_ldos_n1_L2_geom_s3731635825,ham,ldos,1,2,1,3731635825,12,GGGGGGGGGGGG,run4,4.357850
ham_ldos_n1_L2_geom_s3731635825,ham,ldos,1,2,1,3731635825,12,GTCAGGATCTGA,run1,1.648677
ham_ldos_n1_L2_geom_s3731635825,ham,ldos,1,2,1,3731635825,12,GTCAGGATCTGA,run2,1.410479
ham_ldos_n1_L2_geom_s3731635825,ham,ldos,1,2,1,3731635825,12,GTCAGGATCTGA,run3,1.719861
ham_ldos_n1_L2_geom_s3731635825,ham,ldos,1,2,1,3731635825,12,GTCAGGATCTGA,run4,1.612253
ham_ldos_n1_L2_geom_s3731635825,ham,ldos,1,2,1,3731635825,16,GGATAGGCTTAGAATT,run1,0.789134
ham_ldos_n1_L2_geom_s3731635825,ham,ldos,1,2,1,3731635825,16,GGATAGGCTTAGAATT,run2,0.565174
ham_ldos_n1_L2_geom_s3731635825,ham,ldos,1,2,1,3731635825,16,GGATAGGCTTAGAATT,run3,0.962758
ham_ldos_n1_L2_geom_s3731635825,ham,ldos,1,2,1,3731635825,16,GGATAGGCTTAGAATT,run4,0.761916
ham_ldos_n1_L2_geom_s3731635825,ham,ldos,1,2,1,3731635825,16,GGGGGGGGGGGGGGGG,run1,5.717325
ham_ldos_n1_L2_geom_s3731635825,ham,ldos,1,2,1,3731635825,16,GGGGGGGGGGGGGGGG,run2,5.138957
ham_ldos_n1_L2_geom_s3731635825,ham,ldos,1,2,1,3731635825,16,GGGGGGGGGGGGGGGG,run3,5.805762
ham_ldos_n1_L2_geom_s3731635825,ham,ldos,1,2,1,3731635825,16,GGGGGGGGGGGGGGGG,run4,5.499290
ham_ldos_n1_L2_geom_s3731635825,ham,ldos,1,2,1,3731635825,16,GTCAGGATCTGACAGT,run1,1.906504
ham_ldos_n1_L2_geom_s3731635825,ham,ldos,1,2,1,3731635825,16,GTCAGGATCTGACAGT,run2,1.674476
ham_ldos_n1_L2_geom_s3731635825,ham,ldos,1,2,1,3731635825,16,GTCAGGATCTGACAGT,run3,2.224188
ham_ldos_n1_L2_geom_s3731635825,ham,ldos,1,2,1,3731635825,16,GTCAGGATCTGACAGT,run4,1.851462
ham_ldos_n1_L2_geom_s3731635825,ham,ldos,1,2,1,3731635825,16,TCAGTGCTAAGTCATG,run1,1.146028
ham_ldos_n1_L2_geom_s3731635825,ham,ldos,1,2,1,3731635825,16,TCAGTGCTAAGTCATG,run2,0.948288
ham_ldos_n1_L2_geom_s3731635825,ham,ldos,1,2,1,3731635825,16,TCAGTGCTAAGTCATG,run3,1.288945
ham_ldos_n1_L2_geom_s3731635825,ham,ldos,1,2,1,3731635825,16,TCAGTGCTAAGTCATG,run4,1.174273
ham_ldos_n1_L2_nogeom_s1179027592,ham,ldos,1,2,0,1179027592,12,ACTTGACAGTCA,run1,1.016460
ham_ldos_n1_L2_nogeom_s1179027592,ham,ldos,1,2,0,1179027592,12,ACTTGACAGTCA,run2,0.907505
ham_ldos_n1_L2_nogeom_s1179027592,ham,ldos,1,2,0,1179027592,12,ACTTGACAGTCA,run3,1.071053
ham_ldos_n1_L2_nogeom_s1179027592,ham,ldos,1,2,0,1179027592,12,ACTTGACAGTCA,run4,1.192554
ham_ldos_n1_L2_nogeom_s1179027592,ham,ldos,1,2,0,1179027592,12,ATATATATATAT,run1,5.154002
ham_ldos_n1_L2_nogeom_s1179027592,ham,ldos,1,2,0,1179027592,12,ATATATATATAT,run2,4.635861
ham_ldos_n1_L2_nogeom_s1179027592,ham,ldos,1,2,0,1179027592,12,ATATATATATAT,run3,5.184014
ham_ldos_n1_L2_nogeom_s1179027592,ham,ldos,1,2,0,1179027592,12,ATATATATATAT,run4,4.840113
ham_ldos_n1_L2_nogeom_s1179027592,ham,ldos,1,2,0,1179027592,12,GGGGGGGGGGGG,run1,4.526218
ham_ldos_n1_L2_nogeom_s1179027592,ham,ldos,1,2,0,1179027592,12,GGGGGGGGGGGG,run2,4.672340
ham_ldos_n1_L2_nogeom_s1179027592,ham,ldos,1,2,0,1179027592,12,GGGGGGGGGGGG,run3,4.630256
ham_ldos_n1_L2_nogeom_s1179027592,ham,ldos,1,2,0,1179027592,12,GGGGGGGGGGGG,run4,4.727582
ham_ldos_n1_L2_nogeom_s1179027592,ham,ldos,1,2,0,1179027592,12,GTCAGGATCTGA,run1,1.328779
ham_ldos_n1_L2_nogeom_s1179027592,ham,ldos,1,2,0,1179027592,12,GTCAGGATCTGA,run2,1.368767
ham_ldos_n1_L2_nogeom_s1179027592,ham,ldos,1,2,0,1179027592,12,GTCAGGATCTGA,run3,1.550308
ham_ldos_n1_L2_nogeom_s1179027592,ham,ldos,1,2,0,1179027592,12,GTCAGGATCTGA,run4,1.520448
ham_ldos_n1_L2_nogeom_s1179027592,ham,ldos,1,2,0,1179027592,16,GGATAGGCTTAGAATT,run1,1.017401
ham_ldos_n1_L2_nogeom_s1179027592,ham,ldos,1,2,0,1179027592,16,GGATAGGCTTAGAATT,run2,1.028321
ham_ldos_n1_L2_nogeom_s1179027592,ham,ldos,1,2,0,1179027592,16,GGATAGGCTTAGAATT,run3,1.067465
ham_ldos_n1_L2_nogeom_s1179027592,ham,ldos,1,2,0,1179027592,16,GGATAGGCTTAGAATT,run4,1.021822
ham_ldos_n1_L2_nogeom_s1179027592,ham,ldos,1,2,0,1179027592,16,GGGGGGGGGGGGGGGG,run1,6.275137
ham_ldos_n1_L2_nogeom_s1179027592,ham,ldos,1,2,0,1179027592,16,GGGGGGGGGGGGGGGG,run2,6.207164
ham_ldos_n1_L2_nogeom_s1179027592,ham,ldos,1,2,0,1179027592,16,GGGGGGGGGGGGGGGG,run3,6.521931
ham_ldos_n1_L2_nogeom_s1179027592,ham,ldos,1,2,0,1179027592,16,GGGGGGGGGGGGGGGG,run4,6.640620
ham_ldos_n1_L2_nogeom_s1179027592,ham,ldos,1,2,0,1179027592,16,GTCAGGATCTGACAGT,run1,1.808395
ham_ldos_n1_L2_nogeom_s1179027592,ham,ldos,1,2,0,1179027592,16,GTCAGGATCTGACAGT,run2,1.330563
ham_ldos_n1_L2_nogeom_s1179027592,ham,ldos,1,2,0,1179027592,16,GTCAGGATCTGACAGT,run3,2.118309
ham_ldos_n1_L2_nogeom_s1179027592,ham,ldos,1,2,0,1179027592,16,GTCAGGATCTGACAGT,run4,1.630093
ham_ldos_n1_L2_nogeom_s1179027592,ham,ldos,1,2,0,1179027592,16,TCAGTGCTAAGTCATG,run1,1.310021
ham_ldos_n1_L2_nogeom_s1179027592,ham,ldos,1,2,0,1179027592,16,TCAGTGCTAAGTCATG,run2,1.167466
ham_ldos_n1_L2_nogeom_s1179027592,ham,ldos,1,2,0,1179027592,16,TCAGTGCTAAGTCATG,run3,1.537434
ham_ldos_n1_L2_nogeom_s1179027592,ham,ldos,1,2,0,1179027592,16,TCAGTGCTAAGTCATG,run4,1.482564
ham_ldos_n1_L2_nogeom_s2129768291,ham,ldos,1,2,0,2129768291,12,ACTTGACAGTCA,run1,1.157795
ham_ldos_n1_L2_nogeom_s2129768291,ham,ldos,1,2,0,2129768291,12,ACTTGACAGTCA,run2,1.225246
ham_ldos_n1_L2_nogeom_s2129768291,ham,ldos,1,2,0,2129768291,12,ACTTGACAGTCA,run3,1.436144
ham_ldos_n1_L2_nogeom_s2129768291,ham,ldos,1,2,0,2129768291,12,ACTTGACAGTCA,run4,1.409935
ham_ldos_n1_L2_nogeom_s2129768291,ham,ldos,1,2,0,2129768291,12,ATATATATATAT,run1,3.511428
ham_ldos_n1_L2_nogeom_s2129768291,ham,ldos,1,2,0,2129768291,12,ATATATATATAT,run2,2.712383
ham_ldos_n1_L2_nogeom_s2129768291,ham,ldos,1,2,0,2129768291,12,ATATATATATAT,run3,3.722925
ham_ldos_n1_L2_nogeom_s2129768291,ham,ldos,1,2,0,2129768291,12,ATATATATATAT,run4,2.945332
ham_ldos_n1_L2_nogeom_s2129768291,ham,ldos,1,2,0,2129768291,12,GGGGGGGGGGGG,run1,4.409544
ham_ldos_n1_L2_nogeom_s2129768291,ham,ldos,1,2,0,2129768291,12,GGGGGGGGGGGG,run2,4.558370
ham_ldos_n1_L2_nogeom_s2129768291,ham,ldos,1,2,0,2129768291,12,GGGGGGGGGGGG,run3,4.488374
ham_ldos_n1_L2_nogeom_s2129768291,ham,ldos,1,2,0,2129768291,12,GGGGGGGGGGGG,run4,4.566176
ham_ldos_n1_L2_nogeom_s2129768291,ham,ldos,1,2,0,2129768291,12,GTCAGGATCTGA,run1,1.232604
ham_ldos_n1_L2_nogeom_s2129768291,ham,ldos,1,2,0,2129768291,12,GTCAGGATCTGA,run2,1.309816
ham_ldos_n1_L2_nogeom_s2129768291,ham,ldos,1,2,0,2129768291,12,GTCAGGATCTGA,run3,1.434950
ham_ldos_n1_L2_nogeom_s2129768291,ham,ldos,1,2,0,2129768291,12,GTCAGGATCTGA,run4,1.458072
ham_ldos_n1_L2_nogeom_s2129768291,ham,ldos,1,2,0,2129768291,16,GGATAGGCTTAGAATT,run1,0.976161
ham_ldos_n1_L2_nogeom_s2129768291,ham,ldos,1,2,0,2129768291,16,GGATAGGCTTAGAATT,run2,0.777018
ham_ldos_n1_L2_nogeom_s2129768291,ham,ldos,1,2,0,2129768291,16,GGATAGGCTTAGAATT,run3,1.189265
ham_ldos_n1_L2_nogeom_s2129768291,ham,ldos,1,2,0,2129768291,16,GGATAGGCTTAGAATT,run4,0.997166
ham_ldos_n1_L2_nogeom_s2129768291,ham,ldos,1,2,0,2129768291,16,GGGGGGGGGGGGGGGG,run1,5.875700
ham_ldos_n1_L2_nogeom_s2129768291,ham,ldos,1,2,0,2129768291,16,GGGGGGGGGGGGGGGG,run2,5.842278
ham_ldos_n1_L2_nogeom_s2129768291,ham,ldos,1,2,0,2129768291,16,GGGGGGGGGGGGGGGG,run3,5.997650
ham_ldos_n1_L2_nogeom_s2129768291,ham,ldos,1,2,0,2129768291,16,GGGGGGGGGGGGGGGG,run4,6.073907
ham_ldos_n1_L2_nogeom_s2129768291,ham,ldos,1,2,0,2129768291,16,GTCAGGATCTGACAGT,run1,1.433596
ham_ldos_n1_L2_nogeom_s2129768291,ham,ldos,1,2,0,2129768291,16,GTCAGGATCTGACAGT,run2,1.509140
ham_ldos_n1_L2_nogeom_s2129768291,ham,ldos,1,2,0,2129768291,16,GTCAGGATCTGACAGT,run3,1.826178
ham_ldos_n1_L2_nogeom_s2129768291,ham,ldos,1,2,0,2129768291,16,GTCAGGATCTGACAGT,run4,1.536180
ham_ldos_n1_L2_nogeom_s2129768291,ham,ldos,1,2,0,2129768291,16,TCAGTGCTAAGTCATG,run1,1.075433
ham_ldos_n1_L2_nogeom_s2129768291,ham,ldos,1,2,0,2129768291,16,TCAGTGCTAAGTCATG,run2,1.003667
ham_ldos_n1_L2_nogeom_s2129768291,ham,ldos,1,2,0,2129768291,16,TCAGTGCTAAGTCATG,run3,1.306342
ham_ldos_n1_L2_nogeom_s2129768291,ham,ldos,1,2,0,2129768291,16,TCAGTGCTAAGTCATG,run4,1.325573
ham_ldos_n1_L2_nogeom_s3731635825,ham,ldos,1,2,0,3731635825,12,ACTTGACAGTCA,run1,0.969739
ham_ldos_n1_L2_nogeom_s3731635825,ham,ldos,1,2,0,3731635825,12,ACTTGACAGTCA,run2,1.167978
ham_ldos_n1_L2_nogeom_s3731635825,ham,ldos,1,2,0,3731635825,12,ACTTGACAGTCA,run3,1.138259
ham_ldos_n1_L2_nogeom_s3731635825,ham,ldos,1,2,0,3731635825,12,ACTTGACAGTCA,run4,1.355348
ham_ldos_n1_L2_nogeom_s3731635825,ham,ldos,1,2,0,3731635825,12,ATATATATATAT,run1,5.304018
ham_ldos_n1_L2_nogeom_s3731635825,ham,ldos,1,2,0,3731635825,12,ATATATATATAT,run2,4.981200
ham_ldos_n1_L2_nogeom_s3731635825,ham,ldos,1,2,0,3731635825,12,ATATATATATAT,run3,5.265470
ham_ldos_n1_L2_nogeom_s3731635825,ham,ldos,1,2,0,3731635825,12,ATATATATATAT,run4,5.011495
ham_ldos_n1_L2_nogeom_s3731635825,ham,ldos,1,2,0,3731635825,12,GGGGGGGGGGGG,run1,5.029333
ham_ldos_n1_L2_nogeom_s3731635825,ham,ldos,1,2,0,3731635825,12,GGGGGGGGGGGG,run2,4.039014
ham_ldos_n1_L2_nogeom_s3731635825,ham,ldos,1,2,0,3731635825,12,GGGGGGGGGGGG,run3,4.810095
ham_ldos_n1_L2_nogeom_s3731635825,ham,ldos,1,2,0,3731635825,12,GGGGGGGGGGGG,run4,4.335795
ham_ldos_n1_L2_nogeom_s3731635825,ham,ldos,1,2,0,3731635825,12,GTCAGGATCTGA,run1,1.707014
ham_ldos_n1_L2_nogeom_s3731635825,ham,ldos,1,2,0,3731635825,12,GTCAGGATCTGA,run2,1.438848
ham_ldos_n1_L2_nogeom_s3731635825,ham,ldos,1,2,0,3731635825,12,GTCAGGATCTGA,run3,1.756839
ham_ldos_n1_L2_nogeom_s3731635825,ham,ldos,1,2,0,3731635825,12,GTCAGGATCTGA,run4,1.573380
ham_ldos_n1_L2_nogeom_s3731635825,ham,ldos,1,2,0,3731635825,16,GGATAGGCTTAGAATT,run1,1.016518
ham_ldos_n1_L2_nogeom_s3731635825,ham,ldos,1,2,0,3731635825,16,GGATAGGCTTAGAATT,run2,0.933391
ham_ldos_n1_L2_nogeom_s3731635825,ham,ldos,1,2,0,3731635825,16,GGATAGGCTTAGAATT,run3,1.169431
ham_ldos_n1_L2_nogeom_s3731635825,ham,ldos,1,2,0,3731635825,16,GGATAGGCTTAGAATT,run4,1.053751
ham_ldos_n1_L2_nogeom_s3731635825,ham,ldos,1,2,0,3731635825,16,GGGGGGGGGGGGGGGG,run1,6.512620
ham_ldos_n1_L2_nogeom_s3731635825,ham,ldos,1,2,0,3731635825,16,GGGGGGGGGGGGGGGG,run2,5.553648
ham_ldos_n1_L2_nogeom_s3731635825,ham,ldos,1,2,0,3731635825,16,GGGGGGGGGGGGGGGG,run3,6.394562
ham_ldos_n1_L2_nogeom_s3731635825,ham,ldos,1,2,0,3731635825,16,GGGGGGGGGGGGGGGG,run4,6.089787
ham_ldos_n1_L2_nogeom_s3731635825,ham,ldos,1,2,0,3731635825,16,GTCAGGATCTGACAGT,run1,1.686978
ham_ldos_n1_L2_nogeom_s3731635825,ham,ldos,1,2,0,3731635825,16,GTCAGGATCTGACAGT,run2,1.286359
ham_ldos_n1_L2_nogeom_s3731635825,ham,ldos,1,2,0,3731635825,16,GTCAGGATCTGACAGT,run3,1.979353
ham_ldos_n1_L2_nogeom_s3731635825,ham,ldos,1,2,0,3731635825,16,GTCAGGATCTGACAGT,run4,1.598187
ham_ldos_n1_L2_nogeom_s3731635825,ham,ldos,1,2,0,3731635825,16,TCAGTGCTAAGTCATG,run1,1.384410
ham_ldos_n1_L2_nogeom_s3731635825,ham,ldos,1,2,0,3731635825,16,TCAGTGCTAAGTCATG,run2,1.401766
ham_ldos_n1_L2_nogeom_s3731635825,ham,ldos,1,2,0,3731635825,16,TCAGTGCTAAGTCATG,run3,1.639025
ham_ldos_n1_L2_nogeom_s3731635825,ham,ldos,1,2,0,3731635825,16,TCAGTGCTAAGTCATG,run4,1.623431
ham_ldos_n1_L4_geom_s1179027592,ham,ldos,1,4,1,1179027592,12,ACTTGACAGTCA,run1,1.123032
ham_ldos_n1_L4_geom_s1179027592,ham,ldos,1,4,1,1179027592,12,ACTTGACAGTCA,run2,1.189905
ham_ldos_n1_L4_geom_s1179027592,ham,ldos,1,4,1,1179027592,12,ACTTGACAGTCA,run3,1.237665
ham_ldos_n1_L4_geom_s1179027592,ham,ldos,1,4,1,1179027592,12,ACTTGACAGTCA,run4,1.387499
ham_ldos_n1_L4_geom_s1179027592,ham,ldos,1,4,1,1179027592,12,ATATATATATAT,run1,2.418951
ham_ldos_n1_L4_geom_s1179027592,ham,ldos,1,4,1,1179027592,12,ATATATATATAT,run2,2.569851
ham_ldos_n1_L4_geom_s1179027592,ham,ldos,1,4,1,1179027592,12,ATATATATATAT,run3,2.418281
ham_ldos_n1_L4_geom_s1179027592,ham,ldos,1,4,1,1179027592,12,ATATATATATAT,run4,2.713323
ham_ldos_n1_L4_geom_s1179027592,ham,ldos,1,4,1,1179027592,12,GGGGGGGGGGGG,run1,4.373876
ham_ldos_n1_L4_geom_s1179027592,ham,ldos,1,4,1,1179027592,12,GGGGGGGGGGGG,run2,4.070939
ham_ldos_n1_L4_geom_s1179027592,ham,ldos,1,4,1,1179027592,12,GGGGGGGGGGGG,run3,4.281878
ham_ldos_n1_L4_geom_s1179027592,ham,ldos,1,4,1,1179027592,12,GGGGGGGGGGGG,run4,4.215110
ham_ldos_n1_L4_geom_s1179027592,ham,ldos,1,4,1,1179027592,12,GTCAGGATCTGA,run1,1.675735
ham_ldos_n1_L4_geom_s1179027592,ham,ldos,1,4,1,1179027592,12,GTCAGGATCTGA,run2,1.403750
ham_ldos_n1_L4_geom_s1179027592,ham,ldos,1,4,1,1179027592,12,GTCAGGATCTGA,run3,1.655936
ham_ldos_n1_L4_geom_s1179027592,ham,ldos,1,4,1,1179027592,12,GTCAGGATCTGA,run4,1.512422
ham_ldos_n1_L4_geom_s1179027592,ham,ldos,1,4,1,1179027592,16,GGATAGGCTTAGAATT,run1,1.102159
ham_ldos_n1_L4_geom_s1179027592,ham,ldos,1,4,1,1179027592,16,GGATAGGCTTAGAATT,run2,0.931615
ham_ldos_n1_L4_geom_s1179027592,ham,ldos,1,4,1,1179027592,16,GGATAGGCTTAGAATT,run3,1.003630
ham_ldos_n1_L4_geom_s1179027592,ham,ldos,1,4,1,1179027592,16,GGATAGGCTTAGAATT,run4,0.878566
ham_ldos_n1_L4_geom_s1179027592,ham,ldos,1,4,1,1179027592,16,GGGGGGGGGGGGGGGG,run1,5.932283
ham_ldos_n1_L4_geom_s1179027592,ham,ldos,1,4,1,1179027592,16,GGGGGGGGGGGGGGGG,run2,5.544363
ham_ldos_n1_L4_geom_s1179027592,ham,ldos,1,4,1,1179027592,16,GGGGGGGGGGGGGGGG,run3,5.965331
ham_ldos_n1_L4_geom_s1179027592,ham,ldos,1,4,1,1179027592,16,GGGGGGGGGGGGGGGG,run4,5.973109
ham_ldos_n1_L4_geom_s1179027592,ham,ldos,1,4,1,1179027592,16,GTCAGGATCTGACAGT,run1,1.689687
ham_ldos_n1_L4_geom_s1179027592,ham,ldos,1,4,1,1179027592,16,GTCAGGATCTGACAGT,run2,1.583872
ham_ldos_n1_L4_geom_s1179027592,ham,ldos,1,4,1,1179027592,16,GTCAGGATCTGACAGT,run3,1.982788
ham_ldos_n1_L4_geom_s1179027592,ham,ldos,1,4,1,1179027592,16,GTCAGGATCTGACAGT,run4,1.693245
ham_ldos_n1_L4_geom_s1179027592,ham,ldos,1,4,1,1179027592,16,TCAGTGCTAAGTCATG,run1,0.950689
ham_ldos_n1_L4_geom_s1179027592,ham,ldos,1,4,1,1179027592,16,TCAGTGCTAAGTCATG,run2,0.984396
ham_ldos_n1_L4_geom_s1179027592,ham,ldos,1,4,1,1179027592,16,TCAGTGCTAAGTCATG,run3,1.196720
ham_ldos_n1_L4_geom_s1179027592,ham,ldos,1,4,1,1179027592,16,TCAGTGCTAAGTCATG,run4,1.304764
ham_ldos_n1_L4_geom_s2129768291,ham,ldos,1,4,1,2129768291,12,ACTTGACAGTCA,run1,1.286933
ham_ldos_n1_L4_geom_s2129768291,ham,ldos,1,4,1,2129768291,12,ACTTGACAGTCA,run2,1.432581
ham_ldos_n1_L4_geom_s2129768291,ham,ldos,1,4,1,2129768291,12,ACTTGACAGTCA,run3,1.373177
ham_ldos_n1_L4_geom_s2129768291,ham,ldos,1,4,1,2129768291,12,ACTTGACAGTCA,run4,1.621674
ham_ldos_n1_L4_geom_s2129768291,ham,ldos,1,4,1,2129768291,12,ATATATATATAT,run1,2.543048
ham_ldos_n1_L4_geom_s2129768291,ham,ldos,1,4,1,2129768291,12,ATATATATATAT,run2,2.474252
ham_ldos_n1_L4_geom_s2129768291,ham,ldos,1,4,1,2129768291,12,ATATATATATAT,run3,2.592224
ham_ldos_n1_L4_geom_s2129768291,ham,ldos,1,4,1,2129768291,12,ATATATATATAT,run4,2.580347
ham_ldos_n1_L4_geom_s2129768291,ham,ldos,1,4,1,2129768291,12,GGGGGGGGGGGG,run1,4.749632
ham_ldos_n1_L4_geom_s2129768291,ham,ldos,1,4,1,2129768291,12,GGGGGGGGGGGG,run2,4.307167
ham_ldos_n1_L4_geom_s2129768291,ham,ldos,1,4,1,2129768291,12,GGGGGGGGGGGG,run3,4.740849
ham_ldos_n1_L4_geom_s2129768291,ham,ldos,1,4,1,2129768291,12,GGGGGGGGGGGG,run4,4.510183
ham_ldos_n1_L4_geom_s2129768291,ham,ldos,1,4,1,2129768291,12,GTCAGGATCTGA,run1,1.483229
ham_ldos_n1_L4_geom_s2129768291,ham,ldos,1,4,1,2129768291,12,GTCAGGATCTGA,run2,1.411570
ham_ldos_n1_L4_geom_s2129768291,ham,ldos,1,4,1,2129768291,12,GTCAGGATCTGA,run3,1.703804
ham_ldos_n1_L4_geom_s2129768291,ham,ldos,1,4,1,2129768291,12,GTCAGGATCTGA,run4,1.591260
ham_ldos_n1_L4_geom_s2129768291,ham,ldos,1,4,1,2129768291,16,GGATAGGCTTAGAATT,run1,1.049492
ham_ldos_n1_L4_geom_s2129768291,ham,ldos,1,4,1,2129768291,16,GGATAGGCTTAGAATT,run2,0.955177
ham_ldos_n1_L4_geom_s2129768291,ham,ldos,1,4,1,2129768291,16,GGATAGGCTTAGAATT,run3,1.098833
ham_ldos_n1_L4_geom_s2129768291,ham,ldos,1,4,1,2129768291,16,GGATAGGCTTAGAATT,run4,1.014997
ham_ldos_n1_L4_geom_s2129768291,ham,ldos,1,4,1,2129768291,16,GGGGGGGGGGGGGGGG,run1,6.631730
ham_ldos_n1_L4_geom_s2129768291,ham,ldos,1,4,1,2129768291,16,GGGGGGGGGGGGGGGG,run2,6.009414
ham_ldos_n1_L4_geom_s2129768291,ham,ldos,1,4,1,2129768291,16,GGGGGGGGGGGGGGGG,run3,6.869815
ham_ldos_n1_L4_geom_s2129768291,ham,ldos,1,4,1,2129768291,16,GGGGGGGGGGGGGGGG,run4,6.620568
ham_ldos_n1_L4_geom_s2129768291,ham,ldos,1,4,1,2129768291,16,GTCAGGATCTGACAGT,run1,2.204327
ham_ldos_n1_L4_geom_s2129768291,ham,ldos,1,4,1,2129768291,16,GTCAGGATCTGACAGT,run2,1.911971
ham_ldos_n1_L4_geom_s2129768291,ham,ldos,1,4,1,2129768291,16,GTCAGGATCTGACAGT,run3,2.686208
ham_ldos_n1_L4_geom_s2129768291,ham,ldos,1,4,1,2129768291,16,GTCAGGATCTGACAGT,run4,2.127315
ham_ldos_n1_L4_geom_s2129768291,ham,ldos,1,4,1,2129768291,16,TCAGTGCTAAGTCATG,run1,1.270752
ham_ldos_n1_L4_geom_s2129768291,ham,ldos,1,4,1,2129768291,16,TCAGTGCTAAGTCATG,run2,0.991026
ham_ldos_n1_L4_geom_s2129768291,ham,ldos,1,4,1,2129768291,16,TCAGTGCTAAGTCATG,run3,1.301784
ham_ldos_n1_L4_geom_s2129768291,ham,ldos,1,4,1,2129768291,16,TCAGTGCTAAGTCATG,run4,1.114624
ham_ldos_n1_L4_geom_s3731635825,ham,ldos,1,4,1,3731635825,12,ACTTGACAGTCA,run1,1.112314
ham_ldos_n1_L4_geom_s3731635825,ham,ldos,1,4,1,3731635825,12,ACTTGACAGTCA,run2,1.148379
ham_ldos_n1_L4_geom_s3731635825,ham,ldos,1,4,1,3731635825,12,ACTTGACAGTCA,run3,1.224543
ham_ldos_n1_L4_geom_s3731635825,ham,ldos,1,4,1,3731635825,12,ACTTGACAGTCA,run4,1.356298
ham_ldos_n1_L4_geom_s3731635825,ham,ldos,1,4,1,3731635825,12,ATATATATATAT,run1,1.606687
ham_ldos_n1_L4_geom_s3731635825,ham,ldos,1,4,1,3731635825,12,ATATATATATAT,run2,1.401254
ham_ldos_n1_L4_geom_s3731635825,ham,ldos,1,4,1,3731635825,12,ATATATATATAT,run3,1.589184
ham_ldos_n1_L4_geom_s3731635825,ham,ldos,1,4,1,3731635825,12,ATATATATATAT,run4,1.388602
ham_ldos_n1_L4_geom_s3731635825,ham,ldos,1,4,1,3731635825,12,GGGGGGGGGGGG,run1,4.326549
ham_ldos_n1_L4_geom_s3731635825,ham,ldos,1,4,1,3731635825,12,GGGGGGGGGGGG,run2,3.986372
ham_ldos_n1_L4_geom_s3731635825,ham,ldos,1,4,1,3731635825,12,GGGGGGGGGGGG,run3,4.277383
ham_ldos_n1_L4_geom_s3731635825,ham,ldos,1,4,1,3731635825,12,GGGGGGGGGGGG,run4,4.183741
ham_ldos_n1_L4_geom_s3731635825,ham,ldos,1,4,1,3731635825,12,GTCAGGATCTGA,run1,1.467688
ham_ldos_n1_L4_geom_s3731635825,ham,ldos,1,4,1,3731635825,12,GTCAGGATCTGA,run2,1.514068
ham_ldos_n1_L4_geom_s3731635825,ham,ldos,1,4,1,3731635825,12,GTCAGGATCTGA,run3,1.757046
ham_ldos_n1_L4_geom_s3731635825,ham,ldos,1,4,1,3731635825,12,GTCAGGATCTGA,run4,1.658366
ham_ldos_n1_L4_geom_s3731635825,ham,ldos,1,4,1,3731635825,16,GGATAGGCTTAGAATT,run1,0.950061
ham_ldos_n1_L4_geom_s3731635825,ham,ldos,1,4,1,3731635825,16,GGATAGGCTTAGAATT,run2,0.814031
ham_ldos_n1_L4_geom_s3731635825,ham,ldos,1,4,1,3731635825,16,GGATAGGCTTAGAATT,run3,1.042157
ham_ldos_n1_L4_geom_s3731635825,ham,ldos,1,4,1,3731635825,16,GGATAGGCTTAGAATT,run4,0.977236
ham_ldos_n1_L4_geom_s3731635825,ham,ldos,1,4,1,3731635825,16,GGGGGGGGGGGGGGGG,run1,5.658044
ham_ldos_n1_L4_geom_s3731635825,ham,ldos,1,4,1,3731635825,16,GGGGGGGGGGGGGGGG,run2,5.372275
ham_ldos_n1_L4_geom_s3731635825,ham,ldos,1,4,1,3731635825,16,GGGGGGGGGGGGGGGG,run3,5.619827
ham_ldos_n1_L4_geom_s3731635825,ham,ldos,1,4,1,3731635825,16,GGGGGGGGGGGGGGGG,run4,5.724209
ham_ldos_n1_L4_geom_s3731635825,ham,ldos,1,4,1,3731635825,16,GTCAGGATCTGACAGT,run1,1.716152
ham_ldos_n1_L4_geom_s3731635825,ham,ldos,1,4,1,3731635825,16,GTCAGGATCTGACAGT,run2,1.772467
ham_ldos_n1_L4_geom_s3731635825,ham,ldos,1,4,1,3731635825,16,GTCAGGATCTGACAGT,run3,2.213395
ham_ldos_n1_L4_geom_s3731635825,ham,ldos,1,4,1,3731635825,16,GTCAGGATCTGACAGT,run4,1.936756
ham_ldos_n1_L4_geom_s3731635825,ham,ldos,1,4,1,3731635825,16,TCAGTGCTAAGTCATG,run1,1.202572
ham_ldos_n1_L4_geom_s3731635825,ham,ldos,1,4,1,3731635825,16,TCAGTGCTAAGTCATG,run2,1.057338
ham_ldos_n1_L4_geom_s3731635825,ham,ldos,1,4,1,3731635825,16,TCAGTGCTAAGTCATG,run3,1.384614
ham_ldos_n1_L4_geom_s3731635825,ham,ldos,1,4,1,3731635825,16,TCAGTGCTAAGTCATG,run4,1.414662
ham_ldos_n1_L4_nogeom_s1179027592,ham,ldos,1,4,0,1179027592,12,ACTTGACAGTCA,run1,1.466762
ham_ldos_n1_L4_nogeom_s1179027592,ham,ldos,1,4,0,1179027592,12,ACTTGACAGTCA,run2,1.245467
ham_ldos_n1_L4_nogeom_s1179027592,ham,ldos,1,4,0,1179027592,12,ACTTGACAGTCA,run3,1.523198
ham_ldos_n1_L4_nogeom_s1179027592,ham,ldos,1,4,0,1179027592,12,ACTTGACAGTCA,run4,1.457780
ham_ldos_n1_L4_nogeom_s1179027592,ham,ldos,1,4,0,1179027592,12,ATATATATATAT,run1,2.139579
ham_ldos_n1_L4_nogeom_s1179027592,ham,ldos,1,4,0,1179027592,12,ATATATATATAT,run2,2.378518
ham_ldos_n1_L4_nogeom_s1179027592,ham,ldos,1,4,0,1179027592,12,ATATATATATAT,run3,2.173885
ham_ldos_n1_L4_nogeom_s1179027592,ham,ldos,1,4,0,1179027592,12,ATATATATATAT,run4,2.372731
ham_ldos_n1_L4_nogeom_s1179027592,ham,ldos,1,4,0,1179027592,12,GGGGGGGGGGGG,run1,4.452613
ham_ldos_n1_L4_nogeom_s1179027592,ham,ldos,1,4,0,1179027592,12,GGGGGGGGGGGG,run2,4.075342
ham_ldos_n1_L4_nogeom_s1179027592,ham,ldos,1,4,0,1179027592,12,GGGGGGGGGGGG,run3,4.358651
ham_ldos_n1_L4_nogeom_s1179027592,ham,ldos,1,4,0,1179027592,12,GGGGGGGGGGGG,run4,4.283001
ham_ldos_n1_L4_nogeom_s1179027592,ham,ldos,1,4,0,1179027592,12,GTCAGGATCTGA,run1,1.663559
ham_ldos_n1_L4_nogeom_s1179027592,ham,ldos,1,4,0,1179027592,12,GTCAGGATCTGA,run2,1.379169
ham_ldos_n1_L4_nogeom_s1179027592,ham,ldos,1,4,0,1179027592,12,GTCAGGATCTGA,run3,1.775682
ham_ldos_n1_L4_nogeom_s1179027592,ham,ldos,1,4,0,1179027592,12,GTCAGGATCTGA,run4,1.565514
ham_ldos_n1_L4_nogeom_s1179027592,ham,ldos,1,4,0,1179027592,16,GGATAGGCTTAGAATT,run1,1.079431
ham_ldos_n1_L4_nogeom_s1179027592,ham,ldos,1,4,0,1179027592,16,GGATAGGCTTAGAATT,run2,0.763504
ham_ldos_n1_L4_nogeom_s1179027592,ham,ldos,1,4,0,1179027592,16,GGATAGGCTTAGAATT,run3,1.135489
ham_ldos_n1_L4_nogeom_s1179027592,ham,ldos,1,4,0,1179027592,16,GGATAGGCTTAGAATT,run4,0.895446
ham_ldos_n1_L4_nogeom_s1179027592,ham,ldos,1,4,0,1179027592,16,GGGGGGGGGGGGGGGG,run1,6.153258
ham_ldos_n1_L4_nogeom_s1179027592,ham,ldos,1,4,0,1179027592,16,GGGGGGGGGGGGGGGG,run2,5.670708
ham_ldos_n1_L4_nogeom_s1179027592,ham,ldos,1,4,0,1179027592,16,GGGGGGGGGGGGGGGG,run3,6.221732
ham_ldos_n1_L4_nogeom_s1179027592,ham,ldos,1,4,0,1179027592,16,GGGGGGGGGGGGGGGG,run4,6.157677
ham_ldos_n1_L4_nogeom_s1179027592,ham,ldos,1,4,0,1179027592,16,GTCAGGATCTGACAGT,run1,1.334116
ham_ldos_n1_L4_nogeom_s1179027592,ham,ldos,1,4,0,1179027592,16,GTCAGGATCTGACAGT,run2,1.427828
ham_ldos_n1_L4_nogeom_s1179027592,ham,ldos,1,4,0,1179027592,16,GTCAGGATCTGACAGT,run3,1.743378
ham_ldos_n1_L4_nogeom_s1179027592,ham,ldos,1,4,0,1179027592,16,GTCAGGATCTGACAGT,run4,1.611846
ham_ldos_n1_L4_nogeom_s1179027592,ham,ldos,1,4,0,1179027592,16,TCAGTGCTAAGTCATG,run1,1.079925
ham_ldos_n1_L4_nogeom_s1179027592,ham,ldos,1,4,0,1179027592,16,TCAGTGCTAAGTCATG,run2,0.915451
ham_ldos_n1_L4_nogeom_s1179027592,ham,ldos,1,4,0,1179027592,16,TCAGTGCTAAGTCATG,run3,1.206879
ham_ldos_n1_L4_nogeom_s1179027592,ham,ldos,1,4,0,1179027592,16,TCAGTGCTAAGTCATG,run4,1.174765
ham_ldos_n1_L4_nogeom_s2129768291,ham,ldos,1,4,0,2129768291,12,ACTTGACAGTCA,run1,1.092684
ham_ldos_n1_L4_nogeom_s2129768291,ham,ldos,1,4,0,2129768291,12,ACTTGACAGTCA,run2,1.129231
ham_ldos_n1_L4_nogeom_s2129768291,ham,ldos,1,4,0,2129768291,12,ACTTGACAGTCA,run3,1.143262
ham_ldos_n1_L4_nogeom_s2129768291,ham,ldos,1,4,0,2129768291,12,ACTTGACAGTCA,run4,1.333953
ham_ldos_n1_L4_nogeom_s2129768291,ham,ldos,1,4,0,2129768291,12,ATATATATATAT,run1,1.902036
ham_ldos_n1_L4_nogeom_s2129768291,ham,ldos,1,4,0,2129768291,12,ATATATATATAT,run2,1.777712
ham_ldos_n1_L4_nogeom_s2129768291,ham,ldos,1,4,0,2129768291,12,ATATATATATAT,run3,1.932332
ham_ldos_n1_L4_nogeom_s2129768291,ham,ldos,1,4,0,2129768291,12,ATATATATATAT,run4,1.873187
ham_ldos_n1_L4_nogeom_s2129768291,ham,ldos,1,4,0,2129768291,12,GGGGGGGGGGGG,run1,4.973882
ham_ldos_n1_L4_nogeom_s2129768291,ham,ldos,1,4,0,2129768291,12,GGGGGGGGGGGG,run2,4.534614
ham_ldos_n1_L4_nogeom_s2129768291,ham,ldos,1,4,0,2129768291,12,GGGGGGGGGGGG,run3,4.934284
ham_ldos_n1_L4_nogeom_s2129768291,ham,ldos,1,4,0,2129768291,12,GGGGGGGGGGGG,run4,4.705757
ham_ldos_n1_L4_nogeom_s2129768291,ham,ldos,1,4,0,2129768291,12,GTCAGGATCTGA,run1,1.353148
ham_ldos_n1_L4_nogeom_s2129768291,ham,ldos,1,4,0,2129768291,12,GTCAGGATCTGA,run2,1.410123
ham_ldos_n1_L4_nogeom_s2129768291,ham,ldos,1,4,0,2129768291,12,GTCAGGATCTGA,run3,1.543492
ham_ldos_n1_L4_nogeom_s2129768291,ham,ldos,1,4,0,2129768291,12,GTCAGGATCTGA,run4,1.590071
ham_ldos_n1_L4_nogeom_s2129768291,ham,ldos,1,4,0,2129768291,16,GGATAGGCTTAGAATT,run1,0.944189
ham_ldos_n1_L4_nogeom_s2129768291,ham,ldos,1,4,0,2129768291,16,GGATAGGCTTAGAATT,run2,0.813348
ham_ldos_n1_L4_nogeom_s2129768291,ham,ldos,1,4,0,2129768291,16,GGATAGGCTTAGAATT,run3,0.967791
ham_ldos_n1_L4_nogeom_s2129768291,ham,ldos,1,4,0,2129768291,16,GGATAGGCTTAGAATT,run4,0.846394
ham_ldos_n1_L4_nogeom_s2129768291,ham,ldos,1,4,0,2129768291,16,GGGGGGGGGGGGGGGG,run1,6.985647
ham_ldos_n1_L4_nogeom_s2129768291,ham,ldos,1,4,0,2129768291,16,GGGGGGGGGGGGGGGG,run2,6.337471
ham_ldos_n1_L4_nogeom_s2129768291,ham,ldos,1,4,0,2129768291,16,GGGGGGGGGGGGGGGG,run3,7.256552
ham_ldos_n1_L4_nogeom_s2129768291,ham,ldos,1,4,0,2129768291,16,GGGGGGGGGGGGGGGG,run4,6.986720
ham_ldos_n1_L4_nogeom_s2129768291,ham,ldos,1,4,0,2129768291,16,GTCAGGATCTGACAGT,run1,1.723681
ham_ldos_n1_L4_nogeom_s2129768291,ham,ldos,1,4,0,2129768291,16,GTCAGGATCTGACAGT,run2,1.698564
ham_ldos_n1_L4_nogeom_s2129768291,ham,ldos,1,4,0,2129768291,16,GTCAGGATCTGACAGT,run3,2.128326
ham_ldos_n1_L4_nogeom_s2129768291,ham,ldos,1,4,0,2129768291,16,GTCAGGATCTGACAGT,run4,1.849438
ham_ldos_n1_L4_nogeom_s2129768291,ham,ldos,1,4,0,2129768291,16,TCAGTGCTAAGTCATG,run1,1.203909
ham_ldos_n1_L4_nogeom_s2129768291,ham,ldos,1,4,0,2129768291,16,TCAGTGCTAAGTCATG,run2,0.989235
ham_ldos_n1_L4_nogeom_s2129768291,ham,ldos,1,4,0,2129768291,16,TCAGTGCTAAGTCATG,run3,1.283804
ham_ldos_n1_L4_nogeom_s2129768291,ham,ldos,1,4,0,2129768291,16,TCAGTGCTAAGTCATG,run4,1.281887
ham_ldos_n1_L4_nogeom_s3731635825,ham,ldos,1,4,0,3731635825,12,ACTTGACAGTCA,run1,1.480062
ham_ldos_n1_L4_nogeom_s3731635825,ham,ldos,1,4,0,3731635825,12,ACTTGACAGTCA,run2,1.621550
ham_ldos_n1_L4_nogeom_s3731635825,ham,ldos,1,4,0,3731635825,12,ACTTGACAGTCA,run3,2.053181
ham_ldos_n1_L4_nogeom_s3731635825,ham,ldos,1,4,0,3731635825,12,ACTTGACAGTCA,run4,2.222282
ham_ldos_n1_L4_nogeom_s3731635825,ham,ldos,1,4,0,3731635825,12,ATATATATATAT,run1,3.291186
ham_ldos_n1_L4_nogeom_s3731635825,ham,ldos,1,4,0,3731635825,12,ATATATATATAT,run2,3.495554
ham_ldos_n1_L4_nogeom_s3731635825,ham,ldos,1,4,0,3731635825,12,ATATATATATAT,run3,3.644466
ham_ldos_n1_L4_nogeom_s3731635825,ham,ldos,1,4,0,3731635825,12,ATATATATATAT,run4,3.534946
ham_ldos_n1_L4_nogeom_s3731635825,ham,ldos,1,4,0,3731635825,12,GGGGGGGGGGGG,run1,5.771871
ham_ldos_n1_L4_nogeom_s3731635825,ham,ldos,1,4,0,3731635825,12,GGGGGGGGGGGG,run2,5.423855
ham_ldos_n1_L4_nogeom_s3731635825,ham,ldos,1,4,0,3731635825,12,GGGGGGGGGGGG,run3,5.595480
ham_ldos_n1_L4_nogeom_s3731635825,ham,ldos,1,4,0,3731635825,12,GGGGGGGGGGGG,run4,5.497884
ham_ldos_n1_L4_nogeom_s3731635825,ham,ldos,1,4,0,3731635825,12,GTCAGGATCTGA,run1,1.343592
ham_ldos_n1_L4_nogeom_s3731635825,ham,ldos,1,4,0,3731635825,12,GTCAGGATCTGA,run2,1.182609
ham_ldos_n1_L4_nogeom_s3731635825,ham,ldos,1,4,0,3731635825,12,GTCAGGATCTGA,run3,1.586548
ham_ldos_n1_L4_nogeom_s3731635825,ham,ldos,1,4,0,3731635825,12,GTCAGGATCTGA,run4,1.577195
ham_ldos_n1_L4_nogeom_s3731635825,ham,ldos,1,4,0,3731635825,16,GGATAGGCTTAGAATT,run1,1.370645
ham_ldos_n1_L4_nogeom_s3731635825,ham,ldos,1,4,0,3731635825,16,GGATAGGCTTAGAATT,run2,1.164079
ham_ldos_n1_L4_nogeom_s3731635825,ham,ldos,1,4,0,3731635825,16,GGATAGGCTTAGAATT,run3,1.357342
ham_ldos_n1_L4_nogeom_s3731635825,ham,ldos,1,4,0,3731635825,16,GGATAGGCTTAGAATT,run4,1.198973
ham_ldos_n1_L4_nogeom_s3731635825,ham,ldos,1,4,0,3731635825,16,GGGGGGGGGGGGGGGG,run1,7.697027
ham_ldos_n1_L4_nogeom_s3731635825,ham,ldos,1,4,0,3731635825,16,GGGGGGGGGGGGGGGG,run2,6.864732
ham_ldos_n1_L4_nogeom_s3731635825,ham,ldos,1,4,0,3731635825,16,GGGGGGGGGGGGGGGG,run3,7.956329
ham_ldos_n1_L4_nogeom_s3731635825,ham,ldos,1,4,0,3731635825,16,GGGGGGGGGGGGGGGG,run4,7.704256
ham_ldos_n1_L4_nogeom_s3731635825,ham,ldos,1,4,0,3731635825,16,GTCAGGATCTGACAGT,run1,2.279899
ham_ldos_n1_L4_nogeom_s3731635825,ham,ldos,1,4,0,3731635825,16,GTCAGGATCTGACAGT,run2,2.110374
ham_ldos_n1_L4_nogeom_s3731635825,ham,ldos,1,4,0,3731635825,16,GTCAGGATCTGACAGT,run3,2.879459
ham_ldos_n1_L4_nogeom_s3731635825,ham,ldos,1,4,0,3731635825,16,GTCAGGATCTGACAGT,run4,2.324789
ham_ldos_n1_L4_nogeom_s3731635825,ham,ldos,1,4,0,3731635825,16,TCAGTGCTAAGTCATG,run1,1.676073
ham_ldos_n1_L4_nogeom_s3731635825,ham,ldos,1,4,0,3731635825,16,TCAGTGCTAAGTCATG,run2,1.395641
ham_ldos_n1_L4_nogeom_s3731635825,ham,ldos,1,4,0,3731635825,16,TCAGTGCTAAGTCATG,run3,1.679473
ham_ldos_n1_L4_nogeom_s3731635825,ham,ldos,1,4,0,3731635825,16,TCAGTGCTAAGTCATG,run4,1.573247
ham_ldos_n2_L2_geom_s1179027592,ham,ldos,2,2,1,1179027592,12,ACTTGACAGTCA,run1,1.058468
ham_ldos_n2_L2_geom_s1179027592,ham,ldos,2,2,1,1179027592,12,ACTTGACAGTCA,run2,1.124389
ham_ldos_n2_L2_geom_s1179027592,ham,ldos,2,2,1,1179027592,12,ACTTGACAGTCA,run3,1.153395
ham_ldos_n2_L2_geom_s1179027592,ham,ldos,2,2,1,1179027592,12,ACTTGACAGTCA,run4,1.323826
ham_ldos_n2_L2_geom_s1179027592,ham,ldos,2,2,1,1179027592,12,ATATATATATAT,run1,2.853734
ham_ldos_n2_L2_geom_s1179027592,ham,ldos,2,2,1,1179027592,12,ATATATATATAT,run2,2.775989
ham_ldos_n2_L2_geom_s1179027592,ham,ldos,2,2,1,1179027592,12,ATATATATATAT,run3,2.586595
ham_ldos_n2_L2_geom_s1179027592,ham,ldos,2,2,1,1179027592,12,ATATATATATAT,run4,2.583945
ham_ldos_n2_L2_geom_s1179027592,ham,ldos,2,2,1,1179027592,12,GGGGGGGGGGGG,run1,4.274193
ham_ldos_n2_L2_geom_s1179027592,ham,ldos,2,2,1,1179027592,12,GGGGGGGGGGGG,run2,3.931076
ham_ldos_n2_L2_geom_s1179027592,ham,ldos,2,2,1,1179027592,12,GGGGGGGGGGGG,run3,3.567169
ham_ldos_n2_L2_geom_s1179027592,ham,ldos,2,2,1,1179027592,12,GGGGGGGGGGGG,run4,3.794868
ham_ldos_n2_L2_geom_s1179027592,ham,ldos,2,2,1,1179027592,12,GTCAGGATCTGA,run1,1.742648
ham_ldos_n2_L2_geom_s1179027592,ham,ldos,2,2,1,1179027592,12,GTCAGGATCTGA,run2,1.546282
ham_ldos_n2_L2_geom_s1179027592,ham,ldos,2,2,1,1179027592,12,GTCAGGATCTGA,run3,1.851379
ham_ldos_n2_L2_geom_s1179027592,ham,ldos,2,2,1,1179027592,12,GTCAGGATCTGA,run4,1.654869
ham_ldos_n2_L2_geom_s1179027592,ham,ldos,2,2,1,1179027592,16,GGATAGGCTTAGAATT,run1,0.731795
ham_ldos_n2_L2_geom_s1179027592,ham,ldos,2,2,1,1179027592,16,GGATAGGCTTAGAATT,run2,0.700613
ham_ldos_n2_L2_geom_s1179027592,ham,ldos,2,2,1,1179027592,16,GGATAGGCTTAGAATT,run3,0.885896
ham_ldos_n2_L2_geom_s1179027592,ham,ldos,2,2,1,1179027592,16,GGATAGGCTTAGAATT,run4,0.956707
ham_ldos_n2_L2_geom_s1179027592,ham,ldos,2,2,1,1179027592,16,GGGGGGGGGGGGGGGG,run1,5.680859
ham_ldos_n2_L2_geom_s1179027592,ham,ldos,2,2,1,1179027592,16,GGGGGGGGGGGGGGGG,run2,5.294977
ham_ldos_n2_L2_geom_s1179027592,ham,ldos,2,2,1,1179027592,16,GGGGGGGGGGGGGGGG,run3,5.205645
ham_ldos_n2_L2_geom_s1179027592,ham,ldos,2,2,1,1179027592,16,GGGGGGGGGGGGGGGG,run4,5.334447
ham_ldos_n2_L2_geom_s1179027592,ham,ldos,2,2,1,1179027592,16,GTCAGGATCTGACAGT,run1,1.852902
ham_ldos_n2_L2_geom_s1179027592,ham,ldos,2,2,1,1179027592,16,GTCAGGATCTGACAGT,run2,1.771459
ham_ldos_n2_L2_geom_s1179027592,ham,ldos,2,2,1,1179027592,16,GTCAGGATCTGACAGT,run3,2.218107
ham_ldos_n2_L2_geom_s1179027592,ham,ldos,2,2,1,1179027592,16,GTCAGGATCTGACAGT,run4,1.946184
ham_ldos_n2_L2_geom_s1179027592,ham,ldos,2,2,1,1179027592,16,TCAGTGCTAAGTCATG,run1,1.205683
ham_ldos_n2_L2_geom_s1179027592,ham,ldos,2,2,1,1179027592,16,TCAGTGCTAAGTCATG,run2,1.201021
ham_ldos_n2_L2_geom_s1179027592,ham,ldos,2,2,1,1179027592,16,TCAGTGCTAAGTCATG,run3,1.360676
ham_ldos_n2_L2_geom_s1179027592,ham,ldos,2,2,1,1179027592,16,TCAGTGCTAAGTCATG,run4,1.279606
ham_ldos_n2_L2_geom_s2129768291,ham,ldos,2,2,1,2129768291,12,ACTTGACAGTCA,run1,1.140505
ham_ldos_n2_L2_geom_s2129768291,ham,ldos,2,2,1,2129768291,12,ACTTGACAGTCA,run2,1.190754
ham_ldos_n2_L2_geom_s2129768291,ham,ldos,2,2,1,2129768291,12,ACTTGACAGTCA,run3,1.230122
ham_ldos_n2_L2_geom_s2129768291,ham,ldos,2,2,1,2129768291,12,ACTTGACAGTCA,run4,1.191509
ham_ldos_n2_L2_geom_s2129768291,ham,ldos,2,2,1,2129768291,12,ATATATATATAT,run1,4.442055
ham_ldos_n2_L2_geom_s2129768291,ham,ldos,2,2,1,2129768291,12,ATATATATATAT,run2,4.461421
ham_ldos_n2_L2_geom_s2129768291,ham,ldos,2,2,1,2129768291,12,ATATATATATAT,run3,4.091370
ham_ldos_n2_L2_geom_s2129768291,ham,ldos,2,2,1,2129768291,12,ATATATATATAT,run4,3.857776
ham_ldos_n2_L2_geom_s2129768291,ham,ldos,2,2,1,2129768291,12,GGGGGGGGGGGG,run1,3.339877
ham_ldos_n2_L2_geom_s2129768291,ham,ldos,2,2,1,2129768291,12,GGGGGGGGGGGG,run2,3.855800
ham_ldos_n2_L2_geom_s2129768291,ham,ldos,2,2,1,2129768291,12,GGGGGGGGGGGG,run3,3.522890
ham_ldos_n2_L2_geom_s2129768291,ham,ldos,2,2,1,2129768291,12,GGGGGGGGGGGG,run4,3.775117
ham_ldos_n2_L2_geom_s2129768291,ham,ldos,2,2,1,2129768291,12,GTCAGGATCTGA,run1,1.495088
ham_ldos_n2_L2_geom_s2129768291,ham,ldos,2,2,1,2129768291,12,GTCAGGATCTGA,run2,1.474929
ham_ldos_n2_L2_geom_s2129768291,ham,ldos,2,2,1,2129768291,12,GTCAGGATCTGA,run3,1.506405
ham_ldos_n2_L2_geom_s2129768291,ham,ldos,2,2,1,2129768291,12,GTCAGGATCTGA,run4,1.620874
ham_ldos_n2_L2_geom_s2129768291,ham,ldos,2,2,1,2129768291,16,GGATAGGCTTAGAATT,run1,0.806261
ham_ldos_n2_L2_geom_s2129768291,ham,ldos,2,2,1,2129768291,16,GGATAGGCTTAGAATT,run2,0.959157
ham_ldos_n2_L2_geom_s2129768291,ham,ldos,2,2,1,2129768291,16,GGATAGGCTTAGAATT,run3,0.903305
ham_ldos_n2_L2_geom_s2129768291,ham,ldos,2,2,1,2129768291,16,GGATAGGCTTAGAATT,run4,0.977373
ham_ldos_n2_L2_geom_s2129768291,ham,ldos,2,2,1,2129768291,16,GGGGGGGGGGGGGGGG,run1,4.397792
ham_ldos_n2_L2_geom_s2129768291,ham,ldos,2,2,1,2129768291,16,GGGGGGGGGGGGGGGG,run2,4.837372
ham_ldos_n2_L2_geom_s2129768291,ham,ldos,2,2,1,2129768291,16,GGGGGGGGGGGGGGGG,run3,4.606818
ham_ldos_n2_L2_geom_s2129768291,ham,ldos,2,2,1,2129768291,16,GGGGGGGGGGGGGGGG,run4,4.885091
ham_ldos_n2_L2_geom_s2129768291,ham,ldos,2,2,1,2129768291,16,GTCAGGATCTGACAGT,run1,1.534841
ham_ldos_n2_L2_geom_s2129768291,ham,ldos,2,2,1,2129768291,16,GTCAGGATCTGACAGT,run2,1.648484
ham_ldos_n2_L2_geom_s2129768291,ham,ldos,2,2,1,2129768291,16,GTCAGGATCTGACAGT,run3,1.936777
ham_ldos_n2_L2_geom_s2129768291,ham,ldos,2,2,1,2129768291,16,GTCAGGATCTGACAGT,run4,1.710772
ham_ldos_n2_L2_geom_s2129768291,ham,ldos,2,2,1,2129768291,16,TCAGTGCTAAGTCATG,run1,1.229859
ham_ldos_n2_L2_geom_s2129768291,ham,ldos,2,2,1,2129768291,16,TCAGTGCTAAGTCATG,run2,1.116871
ham_ldos_n2_L2_geom_s2129768291,ham,ldos,2,2,1,2129768291,16,TCAGTGCTAAGTCATG,run3,1.325823
ham_ldos_n2_L2_geom_s2129768291,ham,ldos,2,2,1,2129768291,16,TCAGTGCTAAGTCATG,run4,1.231147
ham_ldos_n2_L2_geom_s3731635825,ham,ldos,2,2,1,3731635825,12,ACTTGACAGTCA,run1,0.945496
ham_ldos_n2_L2_geom_s3731635825,ham,ldos,2,2,1,3731635825,12,ACTTGACAGTCA,run2,0.980050
ham_ldos_n2_L2_geom_s3731635825,ham,ldos,2,2,1,3731635825,12,ACTTGACAGTCA,run3,0.913546
ham_ldos_n2_L2_geom_s3731635825,ham,ldos,2,2,1,3731635825,12,ACTTGACAGTCA,run4,1.044617
ham_ldos_n2_L2_geom_s3731635825,ham,ldos,2,2,1,3731635825,12,ATATATATATAT,run1,5.939065
ham_ldos_n2_L2_geom_s3731635825,ham,ldos,2,2,1,3731635825,12,ATATATATATAT,run2,4.726962
ham_ldos_n2_L2_geom_s3731635825,ham,ldos,2,2,1,3731635825,12,ATATATATATAT,run3,5.765140
ham_ldos_n2_L2_geom_s3731635825,ham,ldos,2,2,1,3731635825,12,ATATATATATAT,run4,4.606817
ham_ldos_n2_L2_geom_s3731635825,ham,ldos,2,2,1,3731635825,12,GGGGGGGGGGGG,run1,3.128321
ham_ldos_n2_L2_geom_s3731635825,ham,ldos,2,2,1,3731635825,12,GGGGGGGGGGGG,run2,3.355420
ham_ldos_n2_L2_geom_s3731635825,ham,ldos,2,2,1,3731635825,12,GGGGGGGGGGGG,run3,3.035907
ham_ldos_n2_L2_geom_s3731635825,ham,ldos,2,2,1,3731635825,12,GGGGGGGGGGGG,run4,3.249885
ham_ldos_n2_L2_geom_s3731635825,ham,ldos,2,2,1,3731635825,12,GTCAGGATCTGA,run1,1.458508
ham_ldos_n2_L2_geom_s3731635825,ham,ldos,2,2,1,3731635825,12,GTCAGGATCTGA,run2,1.263152
ham_ldos_n2_L2_geom_s3731635825,ham,ldos,2,2,1,3731635825,12,GTCAGGATCTGA,run3,1.577760
ham_ldos_n2_L2_geom_s3731635825,ham,ldos,2,2,1,3731635825,12,GTCAGGATCTGA,run4,1.531206
ham_ldos_n2_L2_geom_s3731635825,ham,ldos,2,2,1,3731635825,16,GGATAGGCTTAGAATT,run1,1.034046
ham_ldos_n2_L2_geom_s3731635825,ham,ldos,2,2,1,3731635825,16,GGATAGGCTTAGAATT,run2,0.828240
ham_ldos_n2_L2_geom_s3731635825,ham,ldos,2,2,1,3731635825,16,GGATAGGCTTAGAATT,run3,1.101803
ham_ldos_n2_L2_geom_s3731635825,ham,ldos,2,2,1,3731635825,16,GGATAGGCTTAGAATT,run4,0.910182
ham_ldos_n2_L2_geom_s3731635825,ham,ldos,2,2,1,3731635825,16,GGGGGGGGGGGGGGGG,run1,4.241093
ham_ldos_n2_L2_geom_s3731635825,ham,ldos,2,2,1,3731635825,16,GGGGGGGGGGGGGGGG,run2,4.356507
ham_ldos_n2_L2_geom_s3731635825,ham,ldos,2,2,1,3731635825,16,GGGGGGGGGGGGGGGG,run3,4.276588
ham_ldos_n2_L2_geom_s3731635825,ham,ldos,2,2,1,3731635825,16,GGGGGGGGGGGGGGGG,run4,4.460845
ham_ldos_n2_L2_geom_s3731635825,ham,ldos,2,2,1,3731635825,16,GTCAGGATCTGACAGT,run1,1.588656
ham_ldos_n2_L2_geom_s3731635825,ham,ldos,2,2,1,3731635825,16,GTCAGGATCTGACAGT,run2,1.425883
ham_ldos_n2_L2_geom_s3731635825,ham,ldos,2,2,1,3731635825,16,GTCAGGATCTGACAGT,run3,1.794539
ham_ldos_n2_L2_geom_s3731635825,ham,ldos,2,2,1,3731635825,16,GTCAGGATCTGACAGT,run4,1.615855
ham_ldos_n2_L2_geom_s3731635825,ham,ldos,2,2,1,3731635825,16,TCAGTGCTAAGTCATG,run1,1.069640
ham_ldos_n2_L2_geom_s3731635825,ham,ldos,2,2,1,3731635825,16,TCAGTGCTAAGTCATG,run2,1.157086
ham_ldos_n2_L2_geom_s3731635825,ham,ldos,2,2,1,3731635825,16,TCAGTGCTAAGTCATG,run3,1.294981
ham_ldos_n2_L2_geom_s3731635825,ham,ldos,2,2,1,3731635825,16,TCAGTGCTAAGTCATG,run4,1.250734
ham_ldos_n2_L2_nogeom_s1179027592,ham,ldos,2,2,0,1179027592,12,ACTTGACAGTCA,run1,1.057501
ham_ldos_n2_L2_nogeom_s1179027592,ham,ldos,2,2,0,1179027592,12,ACTTGACAGTCA,run2,1.058080
ham_ldos_n2_L2_nogeom_s1179027592,ham,ldos,2,2,0,1179027592,12,ACTTGACAGTCA,run3,1.044592
ham_ldos_n2_L2_nogeom_s1179027592,ham,ldos,2,2,0,1179027592,12,ACTTGACAGTCA,run4,1.068802
ham_ldos_n2_L2_nogeom_s1179027592,ham,ldos,2,2,0,1179027592,12,ATATATATATAT,run1,5.742545
ham_ldos_n2_L2_nogeom_s1179027592,ham,ldos,2,2,0,1179027592,12,ATATATATATAT,run2,5.667238
ham_ldos_n2_L2_nogeom_s1179027592,ham,ldos,2,2,0,1179027592,12,ATATATATATAT,run3,5.650516
ham_ldos_n2_L2_nogeom_s1179027592,ham,ldos,2,2,0,1179027592,12,ATATATATATAT,run4,5.515897
ham_ldos_n2_L2_nogeom_s1179027592,ham,ldos,2,2,0,1179027592,12,GGGGGGGGGGGG,run1,3.074370
ham_ldos_n2_L2_nogeom_s1179027592,ham,ldos,2,2,0,1179027592,12,GGGGGGGGGGGG,run2,3.078565
ham_ldos_n2_L2_nogeom_s1179027592,ham,ldos,2,2,0,1179027592,12,GGGGGGGGGGGG,run3,3.135751
ham_ldos_n2_L2_nogeom_s1179027592,ham,ldos,2,2,0,1179027592,12,GGGGGGGGGGGG,run4,2.950032
ham_ldos_n2_L2_nogeom_s1179027592,ham,ldos,2,2,0,1179027592,12,GTCAGGATCTGA,run1,1.217429
ham_ldos_n2_L2_nogeom_s1179027592,ham,ldos,2,2,0,1179027592,12,GTCAGGATCTGA,run2,1.261244
ham_ldos_n2_L2_nogeom_s1179027592,ham,ldos,2,2,0,1179027592,12,GTCAGGATCTGA,run3,1.386475
ham_ldos_n2_L2_nogeom_s1179027592,ham,ldos,2,2,0,1179027592,12,GTCAGGATCTGA,run4,1.486127
ham_ldos_n2_L2_nogeom_s1179027592,ham,ldos,2,2,0,1179027592,16,GGATAGGCTTAGAATT,run1,0.759378
ham_ldos_n2_L2_nogeom_s1179027592,ham,ldos,2,2,0,1179027592,16,GGATAGGCTTAGAATT,run2,0.795512
ham_ldos_n2_L2_nogeom_s1179027592,ham,ldos,2,2,0,1179027592,16,GGATAGGCTTAGAATT,run3,0.856945
ham_ldos_n2_L2_nogeom_s1179027592,ham,ldos,2,2,0,1179027592,16,GGATAGGCTTAGAATT,run4,0.910710
ham_ldos_n2_L2_nogeom_s1179027592,ham,ldos,2,2,0,1179027592,16,GGGGGGGGGGGGGGGG,run1,4.261345
ham_ldos_n2_L2_nogeom_s1179027592,ham,ldos,2,2,0,1179027592,16,GGGGGGGGGGGGGGGG,run2,4.274840
ham_ldos_n2_L2_nogeom_s1179027592,ham,ldos,2,2,0,1179027592,16,GGGGGGGGGGGGGGGG,run3,4.423088
ham_ldos_n2_L2_nogeom_s1179027592,ham,ldos,2,2,0,1179027592,16,GGGGGGGGGGGGGGGG,run4,4.325141
ham_ldos_n2_L2_nogeom_s1179027592,ham,ldos,2,2,0,1179027592,16,GTCAGGATCTGACAGT,run1,1.437750
ham_ldos_n2_L2_nogeom_s1179027592,ham,ldos,2,2,0,1179027592,16,GTCAGGATCTGACAGT,run2,1.346226
ham_ldos_n2_L2_nogeom_s1179027592,ham,ldos,2,2,0,1179027592,16,GTCAGGATCTGACAGT,run3,1.734281
ham_ldos_n2_L2_nogeom_s1179027592,ham,ldos,2,2,0,1179027592,16,GTCAGGATCTGACAGT,run4,1.606216
ham_ldos_n2_L2_nogeom_s1179027592,ham,ldos,2,2,0,1179027592,16,TCAGTGCTAAGTCATG,run1,1.071549
ham_ldos_n2_L2_nogeom_s1179027592,ham,ldos,2,2,0,1179027592,16,TCAGTGCTAAGTCATG,run2,0.925956
ham_ldos_n2_L2_nogeom_s1179027592,ham,ldos,2,2,0,1179027592,16,TCAGTGCTAAGTCATG,run3,1.222024
ham_ldos_n2_L2_nogeom_s1179027592,ham,ldos,2,2,0,1179027592,16,TCAGTGCTAAGTCATG,run4,1.086633
ham_ldos_n2_L2_nogeom_s2129768291,ham,ldos,2,2,0,2129768291,12,ACTTGACAGTCA,run1,1.124871
ham_ldos_n2_L2_nogeom_s2129768291,ham,ldos,2,2,0,2129768291,12,ACTTGACAGTCA,run2,1.219872
ham_ldos_n2_L2_nogeom_s2129768291,ham,ldos,2,2,0,2129768291,12,ACTTGACAGTCA,run3,1.289253
ham_ldos_n2_L2_nogeom_s2129768291,ham,ldos,2,2,0,2129768291,12,ACTTGACAGTCA,run4,1.360609
ham_ldos_n2_L2_nogeom_s2129768291,ham,ldos,2,2,0,2129768291,12,ATATATATATAT,run1,2.908660
ham_ldos_n2_L2_nogeom_s2129768291,ham,ldos,2,2,0,2129768291,12,ATATATATATAT,run2,2.304872
ham_ldos_n2_L2_nogeom_s2129768291,ham,ldos,2,2,0,2129768291,12,ATATATATATAT,run3,3.337139
ham_ldos_n2_L2_nogeom_s2129768291,ham,ldos,2,2,0,2129768291,12,ATATATATATAT,run4,2.393034
ham_ldos_n2_L2_nogeom_s2129768291,ham,ldos,2,2,0,2129768291,12,GGGGGGGGGGGG,run1,4.620257
ham_ldos_n2_L2_nogeom_s2129768291,ham,ldos,2,2,0,2129768291,12,GGGGGGGGGGGG,run2,4.268262
ham_ldos_n2_L2_nogeom_s2129768291,ham,ldos,2,2,0,2129768291,12,GGGGGGGGGGGG,run3,3.874954
ham_ldos_n2_L2_nogeom_s2129768291,ham,ldos,2,2,0,2129768291,12,GGGGGGGGGGGG,run4,3.639068
ham_ldos_n2_L2_nogeom_s2129768291,ham,ldos,2,2,0,2129768291,12,GTCAGGATCTGA,run1,1.685000
ham_ldos_n2_L2_nogeom_s2129768291,ham,ldos,2,2,0,2129768291,12,GTCAGGATCTGA,run2,1.581864
ham_ldos_n2_L2_nogeom_s2129768291,ham,ldos,2,2,0,2129768291,12,GTCAGGATCTGA,run3,1.499171
ham_ldos_n2_L2_nogeom_s2129768291,ham,ldos,2,2,0,2129768291,12,GTCAGGATCTGA,run4,1.485958
ham_ldos_n2_L2_nogeom_s2129768291,ham,ldos,2,2,0,2129768291,16,GGATAGGCTTAGAATT,run1,0.932887
ham_ldos_n2_L2_nogeom_s2129768291,ham,ldos,2,2,0,2129768291,16,GGATAGGCTTAGAATT,run2,0.863167
ham_ldos_n2_L2_nogeom_s2129768291,ham,ldos,2,2,0,2129768291,16,GGATAGGCTTAGAATT,run3,1.061600
ham_ldos_n2_L2_nogeom_s2129768291,ham,ldos,2,2,0,2129768291,16,GGATAGGCTTAGAATT,run4,1.007478
ham_ldos_n2_L2_nogeom_s2129768291,ham,ldos,2,2,0,2129768291,16,GGGGGGGGGGGGGGGG,run1,6.424692
ham_ldos_n2_L2_nogeom_s2129768291,ham,ldos,2,2,0,2129768291,16,GGGGGGGGGGGGGGGG,run2,5.939640
ham_ldos_n2_L2_nogeom_s2129768291,ham,ldos,2,2,0,2129768291,16,GGGGGGGGGGGGGGGG,run3,5.862286
ham_ldos_n2_L2_nogeom_s2129768291,ham,ldos,2,2,0,2129768291,16,GGGGGGGGGGGGGGGG,run4,5.536571
ham_ldos_n2_L2_nogeom_s2129768291,ham,ldos,2,2,0,2129768291,16,GTCAGGATCTGACAGT,run1,1.914350
ham_ldos_n2_L2_nogeom_s2129768291,ham,ldos,2,2,0,2129768291,16,GTCAGGATCTGACAGT,run2,1.783858
ham_ldos_n2_L2_nogeom_s2129768291,ham,ldos,2,2,0,2129768291,16,GTCAGGATCTGACAGT,run3,2.096780
ham_ldos_n2_L2_nogeom_s2129768291,ham,ldos,2,2,0,2129768291,16,GTCAGGATCTGACAGT,run4,1.733678
ham_ldos_n2_L2_nogeom_s2129768291,ham,ldos,2,2,0,2129768291,16,TCAGTGCTAAGTCATG,run1,1.424807
ham_ldos_n2_L2_nogeom_s2129768291,ham,ldos,2,2,0,2129768291,16,TCAGTGCTAAGTCATG,run2,1.216695
ham_ldos_n2_L2_nogeom_s2129768291,ham,ldos,2,2,0,2129768291,16,TCAGTGCTAAGTCATG,run3,1.465773
ham_ldos_n2_L2_nogeom_s2129768291,ham,ldos,2,2,0,2129768291,16,TCAGTGCTAAGTCATG,run4,1.363693
ham_ldos_n2_L2_nogeom_s3731635825,ham,ldos,2,2,0,3731635825,12,ACTTGACAGTCA,run1,0.648865
ham_ldos_n2_L2_nogeom_s3731635825,ham,ldos,2,2,0,3731635825,12,ACTTGACAGTCA,run2,0.696124
ham_ldos_n2_L2_nogeom_s3731635825,ham,ldos,2,2,0,3731635825,12,ACTTGACAGTCA,run3,1.049373
ham_ldos_n2_L2_nogeom_s3731635825,ham,ldos,2,2,0,3731635825,12,ACTTGACAGTCA,run4,1.084768
ham_ldos_n2_L2_nogeom_s3731635825,ham,ldos,2,2,0,3731635825,12,ATATATATATAT,run1,4.571711
ham_ldos_n2_L2_nogeom_s3731635825,ham,ldos,2,2,0,3731635825,12,ATATATATATAT,run2,4.414688
ham_ldos_n2_L2_nogeom_s3731635825,ham,ldos,2,2,0,3731635825,12,ATATATATATAT,run3,4.555460
ham_ldos_n2_L2_nogeom_s3731635825,ham,ldos,2,2,0,3731635825,12,ATATATATATAT,run4,4.275892
ham_ldos_n2_L2_nogeom_s3731635825,ham,ldos,2,2,0,3731635825,12,GGGGGGGGGGGG,run1,3.503802
ham_ldos_n2_L2_nogeom_s3731635825,ham,ldos,2,2,0,3731635825,12,GGGGGGGGGGGG,run2,3.379914
ham_ldos_n2_L2_nogeom_s3731635825,ham,ldos,2,2,0,3731635825,12,GGGGGGGGGGGG,run3,2.917720
ham_ldos_n2_L2_nogeom_s3731635825,ham,ldos,2,2,0,3731635825,12,GGGGGGGGGGGG,run4,3.223429
ham_ldos_n2_L2_nogeom_s3731635825,ham,ldos,2,2,0,3731635825,12,GTCAGGATCTGA,run1,1.425489
ham_ldos_n2_L2_nogeom_s3731635825,ham,ldos,2,2,0,3731635825,12,GTCAGGATCTGA,run2,1.249974
ham_ldos_n2_L2_nogeom_s3731635825,ham,ldos,2,2,0,3731635825,12,GTCAGGATCTGA,run3,1.572945
ham_ldos_n2_L2_nogeom_s3731635825,ham,ldos,2,2,0,3731635825,12,GTCAGGATCTGA,run4,1.609203
ham_ldos_n2_L2_nogeom_s3731635825,ham,ldos,2,2,0,3731635825,16,GGATAGGCTTAGAATT,run1,1.079024
ham_ldos_n2_L2_nogeom_s3731635825,ham,ldos,2,2,0,3731635825,16,GGATAGGCTTAGAATT,run2,0.988893
ham_ldos_n2_L2_nogeom_s3731635825,ham,ldos,2,2,0,3731635825,16,GGATAGGCTTAGAATT,run3,0.971570
ham_ldos_n2_L2_nogeom_s3731635825,ham,ldos,2,2,0,3731635825,16,GGATAGGCTTAGAATT,run4,1.015630
ham_ldos_n2_L2_nogeom_s3731635825,ham,ldos,2,2,0,3731635825,16,GGGGGGGGGGGGGGGG,run1,4.603872
ham_ldos_n2_L2_nogeom_s3731635825,ham,ldos,2,2,0,3731635825,16,GGGGGGGGGGGGGGGG,run2,4.299437
ham_ldos_n2_L2_nogeom_s3731635825,ham,ldos,2,2,0,3731635825,16,GGGGGGGGGGGGGGGG,run3,4.247744
ham_ldos_n2_L2_nogeom_s3731635825,ham,ldos,2,2,0,3731635825,16,GGGGGGGGGGGGGGGG,run4,4.365182
ham_ldos_n2_L2_nogeom_s3731635825,ham,ldos,2,2,0,3731635825,16,GTCAGGATCTGACAGT,run1,1.393707
ham_ldos_n2_L2_nogeom_s3731635825,ham,ldos,2,2,0,3731635825,16,GTCAGGATCTGACAGT,run2,1.295650
ham_ldos_n2_L2_nogeom_s3731635825,ham,ldos,2,2,0,3731635825,16,GTCAGGATCTGACAGT,run3,1.780894
ham_ldos_n2_L2_nogeom_s3731635825,ham,ldos,2,2,0,3731635825,16,GTCAGGATCTGACAGT,run4,1.494490
ham_ldos_n2_L2_nogeom_s3731635825,ham,ldos,2,2,0,3731635825,16,TCAGTGCTAAGTCATG,run1,1.133006
ham_ldos_n2_L2_nogeom_s3731635825,ham,ldos,2,2,0,3731635825,16,TCAGTGCTAAGTCATG,run2,1.060608
ham_ldos_n2_L2_nogeom_s3731635825,ham,ldos,2,2,0,3731635825,16,TCAGTGCTAAGTCATG,run3,1.329872
ham_ldos_n2_L2_nogeom_s3731635825,ham,ldos,2,2,0,3731635825,16,TCAGTGCTAAGTCATG,run4,1.120163
ham_ldos_n2_L4_geom_s1179027592,ham,ldos,2,4,1,1179027592,12,ACTTGACAGTCA,run1,1.543619
ham_ldos_n2_L4_geom_s1179027592,ham,ldos,2,4,1,1179027592,12,ACTTGACAGTCA,run2,1.570177
ham_ldos_n2_L4_geom_s1179027592,ham,ldos,2,4,1,1179027592,12,ACTTGACAGTCA,run3,1.669878
ham_ldos_n2_L4_geom_s1179027592,ham,ldos,2,4,1,1179027592,12,ACTTGACAGTCA,run4,1.647486
ham_ldos_n2_L4_geom_s1179027592,ham,ldos,2,4,1,1179027592,12,ATATATATATAT,run1,2.279944
ham_ldos_n2_L4_geom_s1179027592,ham,ldos,2,4,1,1179027592,12,ATATATATATAT,run2,1.977223
ham_ldos_n2_L4_geom_s1179027592,ham,ldos,2,4,1,1179027592,12,ATATATATATAT,run3,2.065939
ham_ldos_n2_L4_geom_s1179027592,ham,ldos,2,4,1,1179027592,12,ATATATATATAT,run4,2.016622
ham_ldos_n2_L4_geom_s1179027592,ham,ldos,2,4,1,1179027592,12,GGGGGGGGGGGG,run1,4.206724
ham_ldos_n2_L4_geom_s1179027592,ham,ldos,2,4,1,1179027592,12,GGGGGGGGGGGG,run2,3.830390
ham_ldos_n2_L4_geom_s1179027592,ham,ldos,2,4,1,1179027592,12,GGGGGGGGGGGG,run3,3.431751
ham_ldos_n2_L4_geom_s1179027592,ham,ldos,2,4,1,1179027592,12,GGGGGGGGGGGG,run4,3.473202
ham_ldos_n2_L4_geom_s1179027592,ham,ldos,2,4,1,1179027592,12,GTCAGGATCTGA,run1,1.631074
ham_ldos_n2_L4_geom_s1179027592,ham,ldos,2,4,1,1179027592,12,GTCAGGATCTGA,run2,1.684165
ham_ldos_n2_L4_geom_s1179027592,ham,ldos,2,4,1,1179027592,12,GTCAGGATCTGA,run3,1.717591
ham_ldos_n2_L4_geom_s1179027592,ham,ldos,2,4,1,1179027592,12,GTCAGGATCTGA,run4,1.883961
ham_ldos_n2_L4_geom_s1179027592,ham,ldos,2,4,1,1179027592,16,GGATAGGCTTAGAATT,run1,1.438418
ham_ldos_n2_L4_geom_s1179027592,ham,ldos,2,4,1,1179027592,16,GGATAGGCTTAGAATT,run2,1.194251
ham_ldos_n2_L4_geom_s1179027592,ham,ldos,2,4,1,1179027592,16,GGATAGGCTTAGAATT,run3,1.384718
ham_ldos_n2_L4_geom_s1179027592,ham,ldos,2,4,1,1179027592,16,GGATAGGCTTAGAATT,run4,1.190155
ham_ldos_n2_L4_geom_s1179027592,ham,ldos,2,4,1,1179027592,16,GGGGGGGGGGGGGGGG,run1,5.826981
ham_ldos_n2_L4_geom_s1179027592,ham,ldos,2,4,1,1179027592,16,GGGGGGGGGGGGGGGG,run2,5.346193
ham_ldos_n2_L4_geom_s1179027592,ham,ldos,2,4,1,1179027592,16,GGGGGGGGGGGGGGGG,run3,5.393281
ham_ldos_n2_L4_geom_s1179027592,ham,ldos,2,4,1,1179027592,16,GGGGGGGGGGGGGGGG,run4,5.439483
ham_ldos_n2_L4_geom_s1179027592,ham,ldos,2,4,1,1179027592,16,GTCAGGATCTGACAGT,run1,2.369696
ham_ldos_n2_L4_geom_s1179027592,ham,ldos,2,4,1,1179027592,16,GTCAGGATCTGACAGT,run2,2.274335
ham_ldos_n2_L4_geom_s1179027592,ham,ldos,2,4,1,1179027592,16,GTCAGGATCTGACAGT,run3,2.764753
ham_ldos_n2_L4_geom_s1179027592,ham,ldos,2,4,1,1179027592,16,GTCAGGATCTGACAGT,run4,2.426069
ham_ldos_n2_L4_geom_s1179027592,ham,ldos,2,4,1,1179027592,16,TCAGTGCTAAGTCATG,run1,1.910255
ham_ldos_n2_L4_geom_s1179027592,ham,ldos,2,4,1,1179027592,16,TCAGTGCTAAGTCATG,run2,1.585290
ham_ldos_n2_L4_geom_s1179027592,ham,ldos,2,4,1,1179027592,16,TCAGTGCTAAGTCATG,run3,2.048139
ham_ldos_n2_L4_geom_s1179027592,ham,ldos,2,4,1,1179027592,16,TCAGTGCTAAGTCATG,run4,1.906586
ham_ldos_n2_L4_geom_s2129768291,ham,ldos,2,4,1,2129768291,12,ACTTGACAGTCA,run1,0.912960
ham_ldos_n2_L4_geom_s2129768291,ham,ldos,2,4,1,2129768291,12,ACTTGACAGTCA,run2,0.926908
ham_ldos_n2_L4_geom_s2129768291,ham,ldos,2,4,1,2129768291,12,ACTTGACAGTCA,run3,0.930894
ham_ldos_n2_L4_geom_s2129768291,ham,ldos,2,4,1,2129768291,12,ACTTGACAGTCA,run4,0.851300
ham_ldos_n2_L4_geom_s2129768291,ham,ldos,2,4,1,2129768291,12,ATATATATATAT,run1,3.736693
ham_ldos_n2_L4_geom_s2129768291,ham,ldos,2,4,1,2129768291,12,ATATATATATAT,run2,3.315979
ham_ldos_n2_L4_geom_s2129768291,ham,ldos,2,4,1,2129768291,12,ATATATATATAT,run3,3.334112
ham_ldos_n2_L4_geom_s2129768291,ham,ldos,2,4,1,2129768291,12,ATATATATATAT,run4,2.906999
ham_ldos_n2_L4_geom_s2129768291,ham,ldos,2,4,1,2129768291,12,GGGGGGGGGGGG,run1,4.021652
ham_ldos_n2_L4_geom_s2129768291,ham,ldos,2,4,1,2129768291,12,GGGGGGGGGGGG,run2,3.928552
ham_ldos_n2_L4_geom_s2129768291,ham,ldos,2,4,1,2129768291,12,GGGGGGGGGGGG,run3,3.759332
ham_ldos_n2_L4_geom_s2129768291,ham,ldos,2,4,1,2129768291,12,GGGGGGGGGGGG,run4,3.541235
ham_ldos_n2_L4_geom_s2129768291,ham,ldos,2,4,1,2129768291,12,GTCAGGATCTGA,run1,1.676293
ham_ldos_n2_L4_geom_s2129768291,ham,ldos,2,4,1,2129768291,12,GTCAGGATCTGA,run2,1.431567
ham_ldos_n2_L4_geom_s2129768291,ham,ldos,2,4,1,2129768291,12,GTCAGGATCTGA,run3,1.681264
ham_ldos_n2_L4_geom_s2129768291,ham,ldos,2,4,1,2129768291,12,GTCAGGATCTGA,run4,1.729050
ham_ldos_n2_L4_geom_s2129768291,ham,ldos,2,4,1,2129768291,16,GGATAGGCTTAGAATT,run1,1.022341
ham_ldos_n2_L4_geom_s2129768291,ham,ldos,2,4,1,2129768291,16,GGATAGGCTTAGAATT,run2,0.855542
ham_ldos_n2_L4_geom_s2129768291,ham,ldos,2,4,1,2129768291,16,GGATAGGCTTAGAATT,run3,1.027267
ham_ldos_n2_L4_geom_s2129768291,ham,ldos,2,4,1,2129768291,16,GGATAGGCTTAGAATT,run4,0.966044
ham_ldos_n2_L4_geom_s2129768291,ham,ldos,2,4,1,2129768291,16,GGGGGGGGGGGGGGGG,run1,5.299066
ham_ldos_n2_L4_geom_s2129768291,ham,ldos,2,4,1,2129768291,16,GGGGGGGGGGGGGGGG,run2,5.295027
ham_ldos_n2_L4_geom_s2129768291,ham,ldos,2,4,1,2129768291,16,GGGGGGGGGGGGGGGG,run3,5.206932
ham_ldos_n2_L4_geom_s2129768291,ham,ldos,2,4,1,2129768291,16,GGGGGGGGGGGGGGGG,run4,5.149085
ham_ldos_n2_L4_geom_s2129768291,ham,ldos,2,4,1,2129768291,16,GTCAGGATCTGACAGT,run1,1.419649
ham_ldos_n2_L4_geom_s2129768291,ham,ldos,2,4,1,2129768291,16,GTCAGGATCTGACAGT,run2,1.308835
ham_ldos_n2_L4_geom_s2129768291,ham,ldos,2,4,1,2129768291,16,GTCAGGATCTGACAGT,run3,1.706554
ham_ldos_n2_L4_geom_s2129768291,ham,ldos,2,4,1,2129768291,16,GTCAGGATCTGACAGT,run4,1.582190
ham_ldos_n2_L4_geom_s2129768291,ham,ldos,2,4,1,2129768291,16,TCAGTGCTAAGTCATG,run1,0.932200
ham_ldos_n2_L4_geom_s2129768291,ham,ldos,2,4,1,2129768291,16,TCAGTGCTAAGTCATG,run2,0.778915
ham_ldos_n2_L4_geom_s2129768291,ham,ldos,2,4,1,2129768291,16,TCAGTGCTAAGTCATG,run3,1.011345
ham_ldos_n2_L4_geom_s2129768291,ham,ldos,2,4,1,2129768291,16,TCAGTGCTAAGTCATG,run4,0.906595
ham_ldos_n2_L4_geom_s3731635825,ham,ldos,2,4,1,3731635825,12,ACTTGACAGTCA,run1,0.965250
ham_ldos_n2_L4_geom_s3731635825,ham,ldos,2,4,1,3731635825,12,ACTTGACAGTCA,run2,1.044786
ham_ldos_n2_L4_geom_s3731635825,ham,ldos,2,4,1,3731635825,12,ACTTGACAGTCA,run3,1.125432
ham_ldos_n2_L4_geom_s3731635825,ham,ldos,2,4,1,3731635825,12,ACTTGACAGTCA,run4,1.015230
ham_ldos_n2_L4_geom_s3731635825,ham,ldos,2,4,1,3731635825,12,ATATATATATAT,run1,4.196815
ham_ldos_n2_L4_geom_s3731635825,ham,ldos,2,4,1,3731635825,12,ATATATATATAT,run2,3.883514
ham_ldos_n2_L4_geom_s3731635825,ham,ldos,2,4,1,3731635825,12,ATATATATATAT,run3,3.452139
ham_ldos_n2_L4_geom_s3731635825,ham,ldos,2,4,1,3731635825,12,ATATATATATAT,run4,3.510947
ham_ldos_n2_L4_geom_s3731635825,ham,ldos,2,4,1,3731635825,12,GGGGGGGGGGGG,run1,3.256677
ham_ldos_n2_L4_geom_s3731635825,ham,ldos,2,4,1,3731635825,12,GGGGGGGGGGGG,run2,3.246518
ham_ldos_n2_L4_geom_s3731635825,ham,ldos,2,4,1,3731635825,12,GGGGGGGGGGGG,run3,3.427264
ham_ldos_n2_L4_geom_s3731635825,ham,ldos,2,4,1,3731635825,12,GGGGGGGGGGGG,run4,3.089943
ham_ldos_n2_L4_geom_s3731635825,ham,ldos,2,4,1,3731635825,12,GTCAGGATCTGA,run1,1.470466
ham_ldos_n2_L4_geom_s3731635825,ham,ldos,2,4,1,3731635825,12,GTCAGGATCTGA,run2,1.326964
ham_ldos_n2_L4_geom_s3731635825,ham,ldos,2,4,1,3731635825,12,GTCAGGATCTGA,run3,1.577920
ham_ldos_n2_L4_geom_s3731635825,ham,ldos,2,4,1,3731635825,12,GTCAGGATCTGA,run4,1.531983
ham_ldos_n2_L4_geom_s3731635825,ham,ldos,2,4,1,3731635825,16,GGATAGGCTTAGAATT,run1,1.082494
ham_ldos_n2_L4_geom_s3731635825,ham,ldos,2,4,1,3731635825,16,GGATAGGCTTAGAATT,run2,0.841715
ham_ldos_n2_L4_geom_s3731635825,ham,ldos,2,4,1,3731635825,16,GGATAGGCTTAGAATT,run3,1.116590
ham_ldos_n2_L4_geom_s3731635825,ham,ldos,2,4,1,3731635825,16,GGATAGGCTTAGAATT,run4,1.028095
ham_ldos_n2_L4_geom_s3731635825,ham,ldos,2,4,1,3731635825,16,GGGGGGGGGGGGGGGG,run1,4.353606
ham_ldos_n2_L4_geom_s3731635825,ham,ldos,2,4,1,3731635825,16,GGGGGGGGGGGGGGGG,run2,4.166141
ham_ldos_n2_L4_geom_s3731635825,ham,ldos,2,4,1,3731635825,16,GGGGGGGGGGGGGGGG,run3,4.636386
ham_ldos_n2_L4_geom_s3731635825,ham,ldos,2,4,1,3731635825,16,GGGGGGGGGGGGGGGG,run4,4.315694
ham_ldos_n2_L4_geom_s3731635825,ham,ldos,2,4,1,3731635825,16,GTCAGGATCTGACAGT,run1,1.440123
ham_ldos_n2_L4_geom_s3731635825,ham,ldos,2,4,1,3731635825,16,GTCAGGATCTGACAGT,run2,1.408415
ham_ldos_n2_L4_geom_s3731635825,ham,ldos,2,4,1,3731635825,16,GTCAGGATCTGACAGT,run3,1.763020
ham_ldos_n2_L4_geom_s3731635825,ham,ldos,2,4,1,3731635825,16,GTCAGGATCTGACAGT,run4,1.540321
ham_ldos_n2_L4_geom_s3731635825,ham,ldos,2,4,1,3731635825,16,TCAGTGCTAAGTCATG,run1,1.193822
ham_ldos_n2_L4_geom_s3731635825,ham,ldos,2,4,1,3731635825,16,TCAGTGCTAAGTCATG,run2,1.054793
ham_ldos_n2_L4_geom_s3731635825,ham,ldos,2,4,1,3731635825,16,TCAGTGCTAAGTCATG,run3,1.344001
ham_ldos_n2_L4_geom_s3731635825,ham,ldos,2,4,1,3731635825,16,TCAGTGCTAAGTCATG,run4,1.168261
ham_ldos_n2_L4_nogeom_s1179027592,ham,ldos,2,4,0,1179027592,12,ACTTGACAGTCA,run1,0.763279
ham_ldos_n2_L4_nogeom_s1179027592,ham,ldos,2,4,0,1179027592,12,ACTTGACAGTCA,run2,0.845762
ham_ldos_n2_L4_nogeom_s1179027592,ham,ldos,2,4,0,1179027592,12,ACTTGACAGTCA,run3,0.912189
ham_ldos_n2_L4_nogeom_s1179027592,ham,ldos,2,4,0,1179027592,12,ACTTGACAGTCA,run4,0.882431
ham_ldos_n2_L4_nogeom_s1179027592,ham,ldos,2,4,0,1179027592,12,ATATATATATAT,run1,4.779038
ham_ldos_n2_L4_nogeom_s1179027592,ham,ldos,2,4,0,1179027592,12,ATATATATATAT,run2,4.816679
ham_ldos_n2_L4_nogeom_s1179027592,ham,ldos,2,4,0,1179027592,12,ATATATATATAT,run3,4.489152
ham_ldos_n2_L4_nogeom_s1179027592,ham,ldos,2,4,0,1179027592,12,ATATATATATAT,run4,4.509095
ham_ldos_n2_L4_nogeom_s1179027592,ham,ldos,2,4,0,1179027592,12,GGGGGGGGGGGG,run1,3.432022
ham_ldos_n2_L4_nogeom_s1179027592,ham,ldos,2,4,0,1179027592,12,GGGGGGGGGGGG,run2,3.409374
ham_ldos_n2_L4_nogeom_s1179027592,ham,ldos,2,4,0,1179027592,12,GGGGGGGGGGGG,run3,2.918415
ham_ldos_n2_L4_nogeom_s1179027592,ham,ldos,2,4,0,1179027592,12,GGGGGGGGGGGG,run4,2.993609
ham_ldos_n2_L4_nogeom_s1179027592,ham,ldos,2,4,0,1179027592,12,GTCAGGATCTGA,run1,1.313997
ham_ldos_n2_L4_nogeom_s1179027592,ham,ldos,2,4,0,1179027592,12,GTCAGGATCTGA,run2,1.311596
ham_ldos_n2_L4_nogeom_s1179027592,ham,ldos,2,4,0,1179027592,12,GTCAGGATCTGA,run3,1.341570
ham_ldos_n2_L4_nogeom_s1179027592,ham,ldos,2,4,0,1179027592,12,GTCAGGATCTGA,run4,1.520593
ham_ldos_n2_L4_nogeom_s1179027592,ham,ldos,2,4,0,1179027592,16,GGATAGGCTTAGAATT,run1,0.996772
ham_ldos_n2_L4_nogeom_s1179027592,ham,ldos,2,4,0,1179027592,16,GGATAGGCTTAGAATT,run2,0.912758
ham_ldos_n2_L4_nogeom_s1179027592,ham,ldos,2,4,0,1179027592,16,GGATAGGCTTAGAATT,run3,1.127551
ham_ldos_n2_L4_nogeom_s1179027592,ham,ldos,2,4,0,1179027592,16,GGATAGGCTTAGAATT,run4,1.156071
ham_ldos_n2_L4_nogeom_s1179027592,ham,ldos,2,4,0,1179027592,16,GGGGGGGGGGGGGGGG,run1,4.811874
ham_ldos_n2_L4_nogeom_s1179027592,ham,ldos,2,4,0,1179027592,16,GGGGGGGGGGGGGGGG,run2,4.511912
ham_ldos_n2_L4_nogeom_s1179027592,ham,ldos,2,4,0,1179027592,16,GGGGGGGGGGGGGGGG,run3,4.308389
ham_ldos_n2_L4_nogeom_s1179027592,ham,ldos,2,4,0,1179027592,16,GGGGGGGGGGGGGGGG,run4,4.216501
ham_ldos_n2_L4_nogeom_s1179027592,ham,ldos,2,4,0,1179027592,16,GTCAGGATCTGACAGT,run1,1.294811
ham_ldos_n2_L4_nogeom_s1179027592,ham,ldos,2,4,0,1179027592,16,GTCAGGATCTGACAGT,run2,1.284414
ham_ldos_n2_L4_nogeom_s1179027592,ham,ldos,2,4,0,1179027592,16,GTCAGGATCTGACAGT,run3,1.612035
ham_ldos_n2_L4_nogeom_s1179027592,ham,ldos,2,4,0,1179027592,16,GTCAGGATCTGACAGT,run4,1.463885
ham_ldos_n2_L4_nogeom_s1179027592,ham,ldos,2,4,0,1179027592,16,TCAGTGCTAAGTCATG,run1,1.014391
ham_ldos_n2_L4_nogeom_s1179027592,ham,ldos,2,4,0,1179027592,16,TCAGTGCTAAGTCATG,run2,0.974046
ham_ldos_n2_L4_nogeom_s1179027592,ham,ldos,2,4,0,1179027592,16,TCAGTGCTAAGTCATG,run3,1.183403
ham_ldos_n2_L4_nogeom_s1179027592,ham,ldos,2,4,0,1179027592,16,TCAGTGCTAAGTCATG,run4,1.118649
ham_ldos_n2_L4_nogeom_s2129768291,ham,ldos,2,4,0,2129768291,12,ACTTGACAGTCA,run1,0.875470
ham_ldos_n2_L4_nogeom_s2129768291,ham,ldos,2,4,0,2129768291,12,ACTTGACAGTCA,run2,1.131114
ham_ldos_n2_L4_nogeom_s2129768291,ham,ldos,2,4,0,2129768291,12,ACTTGACAGTCA,run3,1.045278
ham_ldos_n2_L4_nogeom_s2129768291,ham,ldos,2,4,0,2129768291,12,ACTTGACAGTCA,run4,1.261025
ham_ldos_n2_L4_nogeom_s2129768291,ham,ldos,2,4,0,2129768291,12,ATATATATATAT,run1,1.986527
ham_ldos_n2_L4_nogeom_s2129768291,ham,ldos,2,4,0,2129768291,12,ATATATATATAT,run2,2.467694
ham_ldos_n2_L4_nogeom_s2129768291,ham,ldos,2,4,0,2129768291,12,ATATATATATAT,run3,1.948438
ham_ldos_n2_L4_nogeom_s2129768291,ham,ldos,2,4,0,2129768291,12,ATATATATATAT,run4,2.432999
ham_ldos_n2_L4_nogeom_s2129768291,ham,ldos,2,4,0,2129768291,12,GGGGGGGGGGGG,run1,4.348961
ham_ldos_n2_L4_nogeom_s2129768291,ham,ldos,2,4,0,2129768291,12,GGGGGGGGGGGG,run2,4.010337
ham_ldos_n2_L4_nogeom_s2129768291,ham,ldos,2,4,0,2129768291,12,GGGGGGGGGGGG,run3,3.868044
ham_ldos_n2_L4_nogeom_s2129768291,ham,ldos,2,4,0,2129768291,12,GGGGGGGGGGGG,run4,3.443245
ham_ldos_n2_L4_nogeom_s2129768291,ham,ldos,2,4,0,2129768291,12,GTCAGGATCTGA,run1,1.591067
ham_ldos_n2_L4_nogeom_s2129768291,ham,ldos,2,4,0,2129768291,12,GTCAGGATCTGA,run2,1.502567
ham_ldos_n2_L4_nogeom_s2129768291,ham,ldos,2,4,0,2129768291,12,GTCAGGATCTGA,run3,1.632845
ham_ldos_n2_L4_nogeom_s2129768291,ham,ldos,2,4,0,2129768291,12,GTCAGGATCTGA,run4,1.686030
ham_ldos_n2_L4_nogeom_s2129768291,ham,ldos,2,4,0,2129768291,16,GGATAGGCTTAGAATT,run1,1.183899
ham_ldos_n2_L4_nogeom_s2129768291,ham,ldos,2,4,0,2129768291,16,GGATAGGCTTAGAATT,run2,1.018076
ham_ldos_n2_L4_nogeom_s2129768291,ham,ldos,2,4,0,2129768291,16,GGATAGGCTTAGAATT,run3,1.185395
ham_ldos_n2_L4_nogeom_s2129768291,ham,ldos,2,4,0,2129768291,16,GGATAGGCTTAGAATT,run4,1.101872
ham_ldos_n2_L4_nogeom_s2129768291,ham,ldos,2,4,0,2129768291,16,GGGGGGGGGGGGGGGG,run1,6.111914
ham_ldos_n2_L4_nogeom_s2129768291,ham,ldos,2,4,0,2129768291,16,GGGGGGGGGGGGGGGG,run2,5.658896
ham_ldos_n2_L4_nogeom_s2129768291,ham,ldos,2,4,0,2129768291,16,GGGGGGGGGGGGGGGG,run3,5.856318
ham_ldos_n2_L4_nogeom_s2129768291,ham,ldos,2,4,0,2129768291,16,GGGGGGGGGGGGGGGG,run4,5.440336
ham_ldos_n2_L4_nogeom_s2129768291,ham,ldos,2,4,0,2129768291,16,GTCAGGATCTGACAGT,run1,1.630361
ham_ldos_n2_L4_nogeom_s2129768291,ham,ldos,2,4,0,2129768291,16,GTCAGGATCTGACAGT,run2,1.521105
ham_ldos_n2_L4_nogeom_s2129768291,ham,ldos,2,4,0,2129768291,16,GTCAGGATCTGACAGT,run3,1.923948
ham_ldos_n2_L4_nogeom_s2129768291,ham,ldos,2,4,0,2129768291,16,GTCAGGATCTGACAGT,run4,1.657085
ham_ldos_n2_L4_nogeom_s2129768291,ham,ldos,2,4,0,2129768291,16,TCAGTGCTAAGTCATG,run1,1.259246
ham_ldos_n2_L4_nogeom_s2129768291,ham,ldos,2,4,0,2129768291,16,TCAGTGCTAAGTCATG,run2,1.295334
ham_ldos_n2_L4_nogeom_s2129768291,ham,ldos,2,4,0,2129768291,16,TCAGTGCTAAGTCATG,run3,1.387402
ham_ldos_n2_L4_nogeom_s2129768291,ham,ldos,2,4,0,2129768291,16,TCAGTGCTAAGTCATG,run4,1.423807
ham_ldos_n2_L4_nogeom_s3731635825,ham,ldos,2,4,0,3731635825,12,ACTTGACAGTCA,run1,0.980004
ham_ldos_n2_L4_nogeom_s3731635825,ham,ldos,2,4,0,3731635825,12,ACTTGACAGTCA,run2,1.080054
ham_ldos_n2_L4_nogeom_s3731635825,ham,ldos,2,4,0,3731635825,12,ACTTGACAGTCA,run3,1.169299
ham_ldos_n2_L4_nogeom_s3731635825,ham,ldos,2,4,0,3731635825,12,ACTTGACAGTCA,run4,1.168928
ham_ldos_n2_L4_nogeom_s3731635825,ham,ldos,2,4,0,3731635825,12,ATATATATATAT,run1,2.298728
ham_ldos_n2_L4_nogeom_s3731635825,ham,ldos,2,4,0,3731635825,12,ATATATATATAT,run2,2.183049
ham_ldos_n2_L4_nogeom_s3731635825,ham,ldos,2,4,0,3731635825,12,ATATATATATAT,run3,2.588797
ham_ldos_n2_L4_nogeom_s3731635825,ham,ldos,2,4,0,3731635825,12,ATATATATATAT,run4,2.122693
ham_ldos_n2_L4_nogeom_s3731635825,ham,ldos,2,4,0,3731635825,12,GGGGGGGGGGGG,run1,4.354222
ham_ldos_n2_L4_nogeom_s3731635825,ham,ldos,2,4,0,3731635825,12,GGGGGGGGGGGG,run2,3.955766
ham_ldos_n2_L4_nogeom_s3731635825,ham,ldos,2,4,0,3731635825,12,GGGGGGGGGGGG,run3,3.648156
ham_ldos_n2_L4_nogeom_s3731635825,ham,ldos,2,4,0,3731635825,12,GGGGGGGGGGGG,run4,3.345377
ham_ldos_n2_L4_nogeom_s3731635825,ham,ldos,2,4,0,3731635825,12,GTCAGGATCTGA,run1,1.560279
ham_ldos_n2_L4_nogeom_s3731635825,ham,ldos,2,4,0,3731635825,12,GTCAGGATCTGA,run2,1.453784
ham_ldos_n2_L4_nogeom_s3731635825,ham,ldos,2,4,0,3731635825,12,GTCAGGATCTGA,run3,1.507163
ham_ldos_n2_L4_nogeom_s3731635825,ham,ldos,2,4,0,3731635825,12,GTCAGGATCTGA,run4,1.648215
ham_ldos_n2_L4_nogeom_s3731635825,ham,ldos,2,4,0,3731635825,16,GGATAGGCTTAGAATT,run1,1.195922
ham_ldos_n2_L4_nogeom_s3731635825,ham,ldos,2,4,0,3731635825,16,GGATAGGCTTAGAATT,run2,0.912976
ham_ldos_n2_L4_nogeom_s3731635825,ham,ldos,2,4,0,3731635825,16,GGATAGGCTTAGAATT,run3,1.179974
ham_ldos_n2_L4_nogeom_s3731635825,ham,ldos,2,4,0,3731635825,16,GGATAGGCTTAGAATT,run4,0.991066
ham_ldos_n2_L4_nogeom_s3731635825,ham,ldos,2,4,0,3731635825,16,GGGGGGGGGGGGGGGG,run1,6.134978
ham_ldos_n2_L4_nogeom_s3731635825,ham,ldos,2,4,0,3731635825,16,GGGGGGGGGGGGGGGG,run2,5.623544
ham_ldos_n2_L4_nogeom_s3731635825,ham,ldos,2,4,0,3731635825,16,GGGGGGGGGGGGGGGG,run3,5.604932
ham_ldos_n2_L4_nogeom_s3731635825,ham,ldos,2,4,0,3731635825,16,GGGGGGGGGGGGGGGG,run4,5.460043
ham_ldos_n2_L4_nogeom_s3731635825,ham,ldos,2,4,0,3731635825,16,GTCAGGATCTGACAGT,run1,1.676027
ham_ldos_n2_L4_nogeom_s3731635825,ham,ldos,2,4,0,3731635825,16,GTCAGGATCTGACAGT,run2,1.560622
ham_ldos_n2_L4_nogeom_s3731635825,ham,ldos,2,4,0,3731635825,16,GTCAGGATCTGACAGT,run3,1.866002
ham_ldos_n2_L4_nogeom_s3731635825,ham,ldos,2,4,0,3731635825,16,GTCAGGATCTGACAGT,run4,1.651983
ham_ldos_n2_L4_nogeom_s3731635825,ham,ldos,2,4,0,3731635825,16,TCAGTGCTAAGTCATG,run1,1.499327
ham_ldos_n2_L4_nogeom_s3731635825,ham,ldos,2,4,0,3731635825,16,TCAGTGCTAAGTCATG,run2,1.327841
ham_ldos_n2_L4_nogeom_s3731635825,ham,ldos,2,4,0,3731635825,16,TCAGTGCTAAGTCATG,run3,1.567150
ham_ldos_n2_L4_nogeom_s3731635825,ham,ldos,2,4,0,3731635825,16,TCAGTGCTAAGTCATG,run4,1.515818
ham_ldosonly_n1_L2_geom_s1179027592,ham,ldosonly,1,2,1,1179027592,12,ACTTGACAGTCA,run1,1.136280
ham_ldosonly_n1_L2_geom_s1179027592,ham,ldosonly,1,2,1,1179027592,12,ACTTGACAGTCA,run2,1.081865
ham_ldosonly_n1_L2_geom_s1179027592,ham,ldosonly,1,2,1,1179027592,12,ACTTGACAGTCA,run3,1.344075
ham_ldosonly_n1_L2_geom_s1179027592,ham,ldosonly,1,2,1,1179027592,12,ACTTGACAGTCA,run4,1.359414
ham_ldosonly_n1_L2_geom_s1179027592,ham,ldosonly,1,2,1,1179027592,12,ATATATATATAT,run1,2.932282
ham_ldosonly_n1_L2_geom_s1179027592,ham,ldosonly,1,2,1,1179027592,12,ATATATATATAT,run2,2.749292
ham_ldosonly_n1_L2_geom_s1179027592,ham,ldosonly,1,2,1,1179027592,12,ATATATATATAT,run3,2.962552
ham_ldosonly_n1_L2_geom_s1179027592,ham,ldosonly,1,2,1,1179027592,12,ATATATATATAT,run4,2.750237
ham_ldosonly_n1_L2_geom_s1179027592,ham,ldosonly,1,2,1,1179027592,12,GGGGGGGGGGGG,run1,4.342183
ham_ldosonly_n1_L2_geom_s1179027592,ham,ldosonly,1,2,1,1179027592,12,GGGGGGGGGGGG,run2,3.988958
ham_ldosonly_n1_L2_geom_s1179027592,ham,ldosonly,1,2,1,1179027592,12,GGGGGGGGGGGG,run3,4.476376
ham_ldosonly_n1_L2_geom_s1179027592,ham,ldosonly,1,2,1,1179027592,12,GGGGGGGGGGGG,run4,4.310907
ham_ldosonly_n1_L2_geom_s1179027592,ham,ldosonly,1,2,1,1179027592,12,GTCAGGATCTGA,run1,1.321602
ham_ldosonly_n1_L2_geom_s1179027592,ham,ldosonly,1,2,1,1179027592,12,GTCAGGATCTGA,run2,1.419279
ham_ldosonly_n1_L2_geom_s1179027592,ham,ldosonly,1,2,1,1179027592,12,GTCAGGATCTGA,run3,1.524140
ham_ldosonly_n1_L2_geom_s1179027592,ham,ldosonly,1,2,1,1179027592,12,GTCAGGATCTGA,run4,1.529379
ham_ldosonly_n1_L2_geom_s1179027592,ham,ldosonly,1,2,1,1179027592,16,GGATAGGCTTAGAATT,run1,1.048083
ham_ldosonly_n1_L2_geom_s1179027592,ham,ldosonly,1,2,1,1179027592,16,GGATAGGCTTAGAATT,run2,0.910409
ham_ldosonly_n1_L2_geom_s1179027592,ham,ldosonly,1,2,1,1179027592,16,GGATAGGCTTAGAATT,run3,1.244768
ham_ldosonly_n1_L2_geom_s1179027592,ham,ldosonly,1,2,1,1179027592,16,GGATAGGCTTAGAATT,run4,1.057587
ham_ldosonly_n1_L2_geom_s1179027592,ham,ldosonly,1,2,1,1179027592,16,GGGGGGGGGGGGGGGG,run1,5.727884
ham_ldosonly_n1_L2_geom_s1179027592,ham,ldosonly,1,2,1,1179027592,16,GGGGGGGGGGGGGGGG,run2,5.394254
ham_ldosonly_n1_L2_geom_s1179027592,ham,ldosonly,1,2,1,1179027592,16,GGGGGGGGGGGGGGGG,run3,5.919937
ham_ldosonly_n1_L2_geom_s1179027592,ham,ldosonly,1,2,1,1179027592,16,GGGGGGGGGGGGGGGG,run4,5.903424
ham_ldosonly_n1_L2_geom_s1179027592,ham,ldosonly,1,2,1,1179027592,16,GTCAGGATCTGACAGT,run1,1.618527
ham_ldosonly_n1_L2_geom_s1179027592,ham,ldosonly,1,2,1,1179027592,16,GTCAGGATCTGACAGT,run2,1.550605
ham_ldosonly_n1_L2_geom_s1179027592,ham,ldosonly,1,2,1,1179027592,16,GTCAGGATCTGACAGT,run3,2.094736
ham_ldosonly_n1_L2_geom_s1179027592,ham,ldosonly,1,2,1,1179027592,16,GTCAGGATCTGACAGT,run4,1.763104
ham_ldosonly_n1_L2_geom_s1179027592,ham,ldosonly,1,2,1,1179027592,16,TCAGTGCTAAGTCATG,run1,1.144756
ham_ldosonly_n1_L2_geom_s1179027592,ham,ldosonly,1,2,1,1179027592,16,TCAGTGCTAAGTCATG,run2,1.082166
ham_ldosonly_n1_L2_geom_s1179027592,ham,ldosonly,1,2,1,1179027592,16,TCAGTGCTAAGTCATG,run3,1.421997
ham_ldosonly_n1_L2_geom_s1179027592,ham,ldosonly,1,2,1,1179027592,16,TCAGTGCTAAGTCATG,run4,1.407268
ham_ldosonly_n1_L2_geom_s2129768291,ham,ldosonly,1,2,1,2129768291,12,ACTTGACAGTCA,run1,1.351772
ham_ldosonly_n1_L2_geom_s2129768291,ham,ldosonly,1,2,1,2129768291,12,ACTTGACAGTCA,run2,1.279834
ham_ldosonly_n1_L2_geom_s2129768291,ham,ldosonly,1,2,1,2129768291,12,ACTTGACAGTCA,run3,1.541723
ham_ldosonly_n1_L2_geom_s2129768291,ham,ldosonly,1,2,1,2129768291,12,ACTTGACAGTCA,run4,1.492808
ham_ldosonly_n1_L2_geom_s2129768291,ham,ldosonly,1,2,1,2129768291,12,ATATATATATAT,run1,4.652317
ham_ldosonly_n1_L2_geom_s2129768291,ham,ldosonly,1,2,1,2129768291,12,ATATATATATAT,run2,3.824004
ham_ldosonly_n1_L2_geom_s2129768291,ham,ldosonly,1,2,1,2129768291,12,ATATATATATAT,run3,4.737632
ham_ldosonly_n1_L2_geom_s2129768291,ham,ldosonly,1,2,1,2129768291,12,ATATATATATAT,run4,3.951573
ham_ldosonly_n1_L2_geom_s2129768291,ham,ldosonly,1,2,1,2129768291,12,GGGGGGGGGGGG,run1,4.328806
ham_ldosonly_n1_L2_geom_s2129768291,ham,ldosonly,1,2,1,2129768291,12,GGGGGGGGGGGG,run2,4.019241
ham_ldosonly_n1_L2_geom_s2129768291,ham,ldosonly,1,2,1,2129768291,12,GGGGGGGGGGGG,run3,4.476141
ham_ldosonly_n1_L2_geom_s2129768291,ham,ldosonly,1,2,1,2129768291,12,GGGGGGGGGGGG,run4,4.351002
ham_ldosonly_n1_L2_geom_s2129768291,ham,ldosonly,1,2,1,2129768291,12,GTCAGGATCTGA,run1,1.656096
ham_ldosonly_n1_L2_geom_s2129768291,ham,ldosonly,1,2,1,2129768291,12,GTCAGGATCTGA,run2,1.413956
ham_ldosonly_n1_L2_geom_s2129768291,ham,ldosonly,1,2,1,2129768291,12,GTCAGGATCTGA,run3,1.717943
ham_ldosonly_n1_L2_geom_s2129768291,ham,ldosonly,1,2,1,2129768291,12,GTCAGGATCTGA,run4,1.582803
ham_ldosonly_n1_L2_geom_s2129768291,ham,ldosonly,1,2,1,2129768291,16,GGATAGGCTTAGAATT,run1,0.806873
ham_ldosonly_n1_L2_geom_s2129768291,ham,ldosonly,1,2,1,2129768291,16,GGATAGGCTTAGAATT,run2,0.697088
ham_ldosonly_n1_L2_geom_s2129768291,ham,ldosonly,1,2,1,2129768291,16,GGATAGGCTTAGAATT,run3,1.080304
ham_ldosonly_n1_L2_geom_s2129768291,ham,ldosonly,1,2,1,2129768291,16,GGATAGGCTTAGAATT,run4,0.902100
ham_ldosonly_n1_L2_geom_s2129768291,ham,ldosonly,1,2,1,2129768291,16,GGGGGGGGGGGGGGGG,run1,5.678954
ham_ldosonly_n1_L2_geom_s2129768291,ham,ldosonly,1,2,1,2129768291,16,GGGGGGGGGGGGGGGG,run2,5.341101
ham_ldosonly_n1_L2_geom_s2129768291,ham,ldosonly,1,2,1,2129768291,16,GGGGGGGGGGGGGGGG,run3,5.897456
ham_ldosonly_n1_L2_geom_s2129768291,ham,ldosonly,1,2,1,2129768291,16,GGGGGGGGGGGGGGGG,run4,5.816284
ham_ldosonly_n1_L2_geom_s2129768291,ham,ldosonly,1,2,1,2129768291,16,GTCAGGATCTGACAGT,run1,1.979254
ham_ldosonly_n1_L2_geom_s2129768291,ham,ldosonly,1,2,1,2129768291,16,GTCAGGATCTGACAGT,run2,1.724222
ham_ldosonly_n1_L2_geom_s2129768291,ham,ldosonly,1,2,1,2129768291,16,GTCAGGATCTGACAGT,run3,2.379054
ham_ldosonly_n1_L2_geom_s2129768291,ham,ldosonly,1,2,1,2129768291,16,GTCAGGATCTGACAGT,run4,1.955191
ham_ldosonly_n1_L2_geom_s2129768291,ham,ldosonly,1,2,1,2129768291,16,TCAGTGCTAAGTCATG,run1,1.143364
ham_ldosonly_n1_L2_geom_s2129768291,ham,ldosonly,1,2,1,2129768291,16,TCAGTGCTAAGTCATG,run2,0.976014
ham_ldosonly_n1_L2_geom_s2129768291,ham,ldosonly,1,2,1,2129768291,16,TCAGTGCTAAGTCATG,run3,1.371340
ham_ldosonly_n1_L2_geom_s2129768291,ham,ldosonly,1,2,1,2129768291,16,TCAGTGCTAAGTCATG,run4,1.306203
ham_ldosonly_n1_L2_geom_s3731635825,ham,ldosonly,1,2,1,3731635825,12,ACTTGACAGTCA,run1,1.143055
ham_ldosonly_n1_L2_geom_s3731635825,ham,ldosonly,1,2,1,3731635825,12,ACTTGACAGTCA,run2,1.232963
ham_ldosonly_n1_L2_geom_s3731635825,ham,ldosonly,1,2,1,3731635825,12,ACTTGACAGTCA,run3,1.299971
ham_ldosonly_n1_L2_geom_s3731635825,ham,ldosonly,1,2,1,3731635825,12,ACTTGACAGTCA,run4,1.386200
ham_ldosonly_n1_L2_geom_s3731635825,ham,ldosonly,1,2,1,3731635825,12,ATATATATATAT,run1,2.851604
ham_ldosonly_n1_L2_geom_s3731635825,ham,ldosonly,1,2,1,3731635825,12,ATATATATATAT,run2,2.870812
ham_ldosonly_n1_L2_geom_s3731635825,ham,ldosonly,1,2,1,3731635825,12,ATATATATATAT,run3,2.685821
ham_ldosonly_n1_L2_geom_s3731635825,ham,ldosonly,1,2,1,3731635825,12,ATATATATATAT,run4,2.847028
ham_ldosonly_n1_L2_geom_s3731635825,ham,ldosonly,1,2,1,3731635825,12,GGGGGGGGGGGG,run1,4.416510
ham_ldosonly_n1_L2_geom_s3731635825,ham,ldosonly,1,2,1,3731635825,12,GGGGGGGGGGGG,run2,3.986500
ham_ldosonly_n1_L2_geom_s3731635825,ham,ldosonly,1,2,1,3731635825,12,GGGGGGGGGGGG,run3,4.506228
ham_ldosonly_n1_L2_geom_s3731635825,ham,ldosonly,1,2,1,3731635825,12,GGGGGGGGGGGG,run4,4.290043
ham_ldosonly_n1_L2_geom_s3731635825,ham,ldosonly,1,2,1,3731635825,12,GTCAGGATCTGA,run1,1.760490
ham_ldosonly_n1_L2_geom_s3731635825,ham,ldosonly,1,2,1,3731635825,12,GTCAGGATCTGA,run2,1.548606
ham_ldosonly_n1_L2_geom_s3731635825,ham,ldosonly,1,2,1,3731635825,12,GTCAGGATCTGA,run3,1.792882
ham_ldosonly_n1_L2_geom_s3731635825,ham,ldosonly,1,2,1,3731635825,12,GTCAGGATCTGA,run4,1.703406
ham_ldosonly_n1_L2_geom_s3731635825,ham,ldosonly,1,2,1,3731635825,16,GGATAGGCTTAGAATT,run1,1.015627
ham_ldosonly_n1_L2_geom_s3731635825,ham,ldosonly,1,2,1,3731635825,16,GGATAGGCTTAGAATT,run2,0.825948
ham_ldosonly_n1_L2_geom_s3731635825,ham,ldosonly,1,2,1,3731635825,16,GGATAGGCTTAGAATT,run3,1.266463
ham_ldosonly_n1_L2_geom_s3731635825,ham,ldosonly,1,2,1,3731635825,16,GGATAGGCTTAGAATT,run4,1.021595
ham_ldosonly_n1_L2_geom_s3731635825,ham,ldosonly,1,2,1,3731635825,16,GGGGGGGGGGGGGGGG,run1,6.162256
ham_ldosonly_n1_L2_geom_s3731635825,ham,ldosonly,1,2,1,3731635825,16,GGGGGGGGGGGGGGGG,run2,5.545928
ham_ldosonly_n1_L2_geom_s3731635825,ham,ldosonly,1,2,1,3731635825,16,GGGGGGGGGGGGGGGG,run3,6.401719
ham_ldosonly_n1_L2_geom_s3731635825,ham,ldosonly,1,2,1,3731635825,16,GGGGGGGGGGGGGGGG,run4,6.103160
ham_ldosonly_n1_L2_geom_s3731635825,ham,ldosonly,1,2,1,3731635825,16,GTCAGGATCTGACAGT,run1,2.085483
ham_ldosonly_n1_L2_geom_s3731635825,ham,ldosonly,1,2,1,3731635825,16,GTCAGGATCTGACAGT,run2,1.776179
ham_ldosonly_n1_L2_geom_s3731635825,ham,ldosonly,1,2,1,3731635825,16,GTCAGGATCTGACAGT,run3,2.415471
ham_ldosonly_n1_L2_geom_s3731635825,ham,ldosonly,1,2,1,3731635825,16,GTCAGGATCTGACAGT,run4,1.949418
ham_ldosonly_n1_L2_geom_s3731635825,ham,ldosonly,1,2,1,3731635825,16,TCAGTGCTAAGTCATG,run1,1.005492
ham_ldosonly_n1_L2_geom_s3731635825,ham,ldosonly,1,2,1,3731635825,16,TCAGTGCTAAGTCATG,run2,0.757375
ham_ldosonly_n1_L2_geom_s3731635825,ham,ldosonly,1,2,1,3731635825,16,TCAGTGCTAAGTCATG,run3,1.152406
ham_ldosonly_n1_L2_geom_s3731635825,ham,ldosonly,1,2,1,3731635825,16,TCAGTGCTAAGTCATG,run4,0.962971
ham_ldosonly_n1_L2_nogeom_s1179027592,ham,ldosonly,1,2,0,1179027592,12,ACTTGACAGTCA,run1,1.131342
ham_ldosonly_n1_L2_nogeom_s1179027592,ham,ldosonly,1,2,0,1179027592,12,ACTTGACAGTCA,run2,1.180224
ham_ldosonly_n1_L2_nogeom_s1179027592,ham,ldosonly,1,2,0,1179027592,12,ACTTGACAGTCA,run3,1.299189
ham_ldosonly_n1_L2_nogeom_s1179027592,ham,ldosonly,1,2,0,1179027592,12,ACTTGACAGTCA,run4,1.365761
ham_ldosonly_n1_L2_nogeom_s1179027592,ham,ldosonly,1,2,0,1179027592,12,ATATATATATAT,run1,3.995974
ham_ldosonly_n1_L2_nogeom_s1179027592,ham,ldosonly,1,2,0,1179027592,12,ATATATATATAT,run2,3.284272
ham_ldosonly_n1_L2_nogeom_s1179027592,ham,ldosonly,1,2,0,1179027592,12,ATATATATATAT,run3,4.018276
ham_ldosonly_n1_L2_nogeom_s1179027592,ham,ldosonly,1,2,0,1179027592,12,ATATATATATAT,run4,3.380941
ham_ldosonly_n1_L2_nogeom_s1179027592,ham,ldosonly,1,2,0,1179027592,12,GGGGGGGGGGGG,run1,4.462952
ham_ldosonly_n1_L2_nogeom_s1179027592,ham,ldosonly,1,2,0,1179027592,12,GGGGGGGGGGGG,run2,4.043124
ham_ldosonly_n1_L2_nogeom_s1179027592,ham,ldosonly,1,2,0,1179027592,12,GGGGGGGGGGGG,run3,4.539785
ham_ldosonly_n1_L2_nogeom_s1179027592,ham,ldosonly,1,2,0,1179027592,12,GGGGGGGGGGGG,run4,4.330463
ham_ldosonly_n1_L2_nogeom_s1179027592,ham,ldosonly,1,2,0,1179027592,12,GTCAGGATCTGA,run1,1.483283
ham_ldosonly_n1_L2_nogeom_s1179027592,ham,ldosonly,1,2,0,1179027592,12,GTCAGGATCTGA,run2,1.633536
ham_ldosonly_n1_L2_nogeom_s1179027592,ham,ldosonly,1,2,0,1179027592,12,GTCAGGATCTGA,run3,1.773247
ham_ldosonly_n1_L2_nogeom_s1179027592,ham,ldosonly,1,2,0,1179027592,12,GTCAGGATCTGA,run4,1.781627
ham_ldosonly_n1_L2_nogeom_s1179027592,ham,ldosonly,1,2,0,1179027592,16,GGATAGGCTTAGAATT,run1,0.752411
ham_ldosonly_n1_L2_nogeom_s1179027592,ham,ldosonly,1,2,0,1179027592,16,GGATAGGCTTAGAATT,run2,0.534153
ham_ldosonly_n1_L2_nogeom_s1179027592,ham,ldosonly,1,2,0,1179027592,16,GGATAGGCTTAGAATT,run3,1.017493
ham_ldosonly_n1_L2_nogeom_s1179027592,ham,ldosonly,1,2,0,1179027592,16,GGATAGGCTTAGAATT,run4,0.785450
ham_ldosonly_n1_L2_nogeom_s1179027592,ham,ldosonly,1,2,0,1179027592,16,GGGGGGGGGGGGGGGG,run1,6.203582
ham_ldosonly_n1_L2_nogeom_s1179027592,ham,ldosonly,1,2,0,1179027592,16,GGGGGGGGGGGGGGGG,run2,5.580164
ham_ldosonly_n1_L2_nogeom_s1179027592,ham,ldosonly,1,2,0,1179027592,16,GGGGGGGGGGGGGGGG,run3,6.450536
ham_ldosonly_n1_L2_nogeom_s1179027592,ham,ldosonly,1,2,0,1179027592,16,GGGGGGGGGGGGGGGG,run4,6.126244
ham_ldosonly_n1_L2_nogeom_s1179027592,ham,ldosonly,1,2,0,1179027592,16,GTCAGGATCTGACAGT,run1,1.772013
ham_ldosonly_n1_L2_nogeom_s1179027592,ham,ldosonly,1,2,0,1179027592,16,GTCAGGATCTGACAGT,run2,1.726582
ham_ldosonly_n1_L2_nogeom_s1179027592,ham,ldosonly,1,2,0,1179027592,16,GTCAGGATCTGACAGT,run3,2.244495
ham_ldosonly_n1_L2_nogeom_s1179027592,ham,ldosonly,1,2,0,1179027592,16,GTCAGGATCTGACAGT,run4,1.914147
ham_ldosonly_n1_L2_nogeom_s1179027592,ham,ldosonly,1,2,0,1179027592,16,TCAGTGCTAAGTCATG,run1,1.280052
ham_ldosonly_n1_L2_nogeom_s1179027592,ham,ldosonly,1,2,0,1179027592,16,TCAGTGCTAAGTCATG,run2,1.198965
ham_ldosonly_n1_L2_nogeom_s1179027592,ham,ldosonly,1,2,0,1179027592,16,TCAGTGCTAAGTCATG,run3,1.485830
ham_ldosonly_n1_L2_nogeom_s1179027592,ham,ldosonly,1,2,0,1179027592,16,TCAGTGCTAAGTCATG,run4,1.445730
ham_ldosonly_n1_L2_nogeom_s2129768291,ham,ldosonly,1,2,0,2129768291,12,ACTTGACAGTCA,run1,1.157581
ham_ldosonly_n1_L2_nogeom_s2129768291,ham,ldosonly,1,2,0,2129768291,12,ACTTGACAGTCA,run2,1.263439
ham_ldosonly_n1_L2_nogeom_s2129768291,ham,ldosonly,1,2,0,2129768291,12,ACTTGACAGTCA,run3,1.280123
ham_ldosonly_n1_L2_nogeom_s2129768291,ham,ldosonly,1,2,0,2129768291,12,ACTTGACAGTCA,run4,1.412530
ham_ldosonly_n1_L2_nogeom_s2129768291,ham,ldosonly,1,2,0,2129768291,12,ATATATATATAT,run1,4.498831
ham_ldosonly_n1_L2_nogeom_s2129768291,ham,ldosonly,1,2,0,2129768291,12,ATATATATATAT,run2,3.840517
ham_ldosonly_n1_L2_nogeom_s2129768291,ham,ldosonly,1,2,0,2129768291,12,ATATATATATAT,run3,4.607674
ham_ldosonly_n1_L2_nogeom_s2129768291,ham,ldosonly,1,2,0,2129768291,12,ATATATATATAT,run4,4.107986
ham_ldosonly_n1_L2_nogeom_s2129768291,ham,ldosonly,1,2,0,2129768291,12,GGGGGGGGGGGG,run1,4.426687
ham_ldosonly_n1_L2_nogeom_s2129768291,ham,ldosonly,1,2,0,2129768291,12,GGGGGGGGGGGG,run2,4.569002
ham_ldosonly_n1_L2_nogeom_s2129768291,ham,ldosonly,1,2,0,2129768291,12,GGGGGGGGGGGG,run3,4.497221
ham_ldosonly_n1_L2_nogeom_s2129768291,ham,ldosonly,1,2,0,2129768291,12,GGGGGGGGGGGG,run4,4.359787
ham_ldosonly_n1_L2_nogeom_s2129768291,ham,ldosonly,1,2,0,2129768291,12,GTCAGGATCTGA,run1,2.048851
ham_ldosonly_n1_L2_nogeom_s2129768291,ham,ldosonly,1,2,0,2129768291,12,GTCAGGATCTGA,run2,1.741225
ham_ldosonly_n1_L2_nogeom_s2129768291,ham,ldosonly,1,2,0,2129768291,12,GTCAGGATCTGA,run3,2.170328
ham_ldosonly_n1_L2_nogeom_s2129768291,ham,ldosonly,1,2,0,2129768291,12,GTCAGGATCTGA,run4,1.907508
ham_ldosonly_n1_L2_nogeom_s2129768291,ham,ldosonly,1,2,0,2129768291,16,GGATAGGCTTAGAATT,run1,0.776174
ham_ldosonly_n1_L2_nogeom_s2129768291,ham,ldosonly,1,2,0,2129768291,16,GGATAGGCTTAGAATT,run2,0.620257
ham_ldosonly_n1_L2_nogeom_s2129768291,ham,ldosonly,1,2,0,2129768291,16,GGATAGGCTTAGAATT,run3,0.956179
ham_ldosonly_n1_L2_nogeom_s2129768291,ham,ldosonly,1,2,0,2129768291,16,GGATAGGCTTAGAATT,run4,0.823478
ham_ldosonly_n1_L2_nogeom_s2129768291,ham,ldosonly,1,2,0,2129768291,16,GGGGGGGGGGGGGGGG,run1,6.197455
ham_ldosonly_n1_L2_nogeom_s2129768291,ham,ldosonly,1,2,0,2129768291,16,GGGGGGGGGGGGGGGG,run2,6.134001
ham_ldosonly_n1_L2_nogeom_s2129768291,ham,ldosonly,1,2,0,2129768291,16,GGGGGGGGGGGGGGGG,run3,6.412720
ham_ldosonly_n1_L2_nogeom_s2129768291,ham,ldosonly,1,2,0,2129768291,16,GGGGGGGGGGGGGGGG,run4,6.327903
ham_ldosonly_n1_L2_nogeom_s2129768291,ham,ldosonly,1,2,0,2129768291,16,GTCAGGATCTGACAGT,run1,1.960396
ham_ldosonly_n1_L2_nogeom_s2129768291,ham,ldosonly,1,2,0,2129768291,16,GTCAGGATCTGACAGT,run2,1.782235
ham_ldosonly_n1_L2_nogeom_s2129768291,ham,ldosonly,1,2,0,2129768291,16,GTCAGGATCTGACAGT,run3,2.277052
ham_ldosonly_n1_L2_nogeom_s2129768291,ham,ldosonly,1,2,0,2129768291,16,GTCAGGATCTGACAGT,run4,1.899951
ham_ldosonly_n1_L2_nogeom_s2129768291,ham,ldosonly,1,2,0,2129768291,16,TCAGTGCTAAGTCATG,run1,1.157631
ham_ldosonly_n1_L2_nogeom_s2129768291,ham,ldosonly,1,2,0,2129768291,16,TCAGTGCTAAGTCATG,run2,1.157193
ham_ldosonly_n1_L2_nogeom_s2129768291,ham,ldosonly,1,2,0,2129768291,16,TCAGTGCTAAGTCATG,run3,1.382263
ham_ldosonly_n1_L2_nogeom_s2129768291,ham,ldosonly,1,2,0,2129768291,16,TCAGTGCTAAGTCATG,run4,1.476418
ham_ldosonly_n1_L2_nogeom_s3731635825,ham,ldosonly,1,2,0,3731635825,12,ACTTGACAGTCA,run1,1.193827
ham_ldosonly_n1_L2_nogeom_s3731635825,ham,ldosonly,1,2,0,3731635825,12,ACTTGACAGTCA,run2,1.378313
ham_ldosonly_n1_L2_nogeom_s3731635825,ham,ldosonly,1,2,0,3731635825,12,ACTTGACAGTCA,run3,1.414033
ham_ldosonly_n1_L2_nogeom_s3731635825,ham,ldosonly,1,2,0,3731635825,12,ACTTGACAGTCA,run4,1.523945
ham_ldosonly_n1_L2_nogeom_s3731635825,ham,ldosonly,1,2,0,3731635825,12,ATATATATATAT,run1,3.713878
ham_ldosonly_n1_L2_nogeom_s3731635825,ham,ldosonly,1,2,0,3731635825,12,ATATATATATAT,run2,3.619576
ham_ldosonly_n1_L2_nogeom_s3731635825,ham,ldosonly,1,2,0,3731635825,12,ATATATATATAT,run3,3.896190
ham_ldosonly_n1_L2_nogeom_s3731635825,ham,ldosonly,1,2,0,3731635825,12,ATATATATATAT,run4,3.754099
ham_ldosonly_n1_L2_nogeom_s3731635825,ham,ldosonly,1,2,0,3731635825,12,GGGGGGGGGGGG,run1,4.318897
ham_ldosonly_n1_L2_nogeom_s3731635825,ham,ldosonly,1,2,0,3731635825,12,GGGGGGGGGGGG,run2,4.012569
ham_ldosonly_n1_L2_nogeom_s3731635825,ham,ldosonly,1,2,0,3731635825,12,GGGGGGGGGGGG,run3,4.439437
ham_ldosonly_n1_L2_nogeom_s3731635825,ham,ldosonly,1,2,0,3731635825,12,GGGGGGGGGGGG,run4,4.337542
ham_ldosonly_n1_L2_nogeom_s3731635825,ham,ldosonly,1,2,0,3731635825,12,GTCAGGATCTGA,run1,1.393376
ham_ldosonly_n1_L2_nogeom_s3731635825,ham,ldosonly,1,2,0,3731635825,12,GTCAGGATCTGA,run2,1.360991
ham_ldosonly_n1_L2_nogeom_s3731635825,ham,ldosonly,1,2,0,3731635825,12,GTCAGGATCTGA,run3,1.512836
ham_ldosonly_n1_L2_nogeom_s3731635825,ham,ldosonly,1,2,0,3731635825,12,GTCAGGATCTGA,run4,1.465916
ham_ldosonly_n1_L2_nogeom_s3731635825,ham,ldosonly,1,2,0,3731635825,16,GGATAGGCTTAGAATT,run1,0.854518
ham_ldosonly_n1_L2_nogeom_s3731635825,ham,ldosonly,1,2,0,3731635825,16,GGATAGGCTTAGAATT,run2,0.671591
ham_ldosonly_n1_L2_nogeom_s3731635825,ham,ldosonly,1,2,0,3731635825,16,GGATAGGCTTAGAATT,run3,1.035420
ham_ldosonly_n1_L2_nogeom_s3731635825,ham,ldosonly,1,2,0,3731635825,16,GGATAGGCTTAGAATT,run4,0.857376
ham_ldosonly_n1_L2_nogeom_s3731635825,ham,ldosonly,1,2,0,3731635825,16,GGGGGGGGGGGGGGGG,run1,5.779651
ham_ldosonly_n1_L2_nogeom_s3731635825,ham,ldosonly,1,2,0,3731635825,16,GGGGGGGGGGGGGGGG,run2,5.442436
ham_ldosonly_n1_L2_nogeom_s3731635825,ham,ldosonly,1,2,0,3731635825,16,GGGGGGGGGGGGGGGG,run3,5.962884
ham_ldosonly_n1_L2_nogeom_s3731635825,ham,ldosonly,1,2,0,3731635825,16,GGGGGGGGGGGGGGGG,run4,5.982265
ham_ldosonly_n1_L2_nogeom_s3731635825,ham,ldosonly,1,2,0,3731635825,16,GTCAGGATCTGACAGT,run1,1.645906
ham_ldosonly_n1_L2_nogeom_s3731635825,ham,ldosonly,1,2,0,3731635825,16,GTCAGGATCTGACAGT,run2,1.621711
ham_ldosonly_n1_L2_nogeom_s3731635825,ham,ldosonly,1,2,0,3731635825,16,GTCAGGATCTGACAGT,run3,2.044551
ham_ldosonly_n1_L2_nogeom_s3731635825,ham,ldosonly,1,2,0,3731635825,16,GTCAGGATCTGACAGT,run4,1.720178
ham_ldosonly_n1_L2_nogeom_s3731635825,ham,ldosonly,1,2,0,3731635825,16,TCAGTGCTAAGTCATG,run1,1.200809
ham_ldosonly_n1_L2_nogeom_s3731635825,ham,ldosonly,1,2,0,3731635825,16,TCAGTGCTAAGTCATG,run2,1.073618
ham_ldosonly_n1_L2_nogeom_s3731635825,ham,ldosonly,1,2,0,3731635825,16,TCAGTGCTAAGTCATG,run3,1.436375
ham_ldosonly_n1_L2_nogeom_s3731635825,ham,ldosonly,1,2,0,3731635825,16,TCAGTGCTAAGTCATG,run4,1.395340
ham_ldosonly_n1_L4_geom_s1179027592,ham,ldosonly,1,4,1,1179027592,12,ACTTGACAGTCA,run1,1.399600
ham_ldosonly_n1_L4_geom_s1179027592,ham,ldosonly,1,4,1,1179027592,12,ACTTGACAGTCA,run2,1.477546
ham_ldosonly_n1_L4_geom_s1179027592,ham,ldosonly,1,4,1,1179027592,12,ACTTGACAGTCA,run3,1.574920
ham_ldosonly_n1_L4_geom_s1179027592,ham,ldosonly,1,4,1,1179027592,12,ACTTGACAGTCA,run4,1.736341
ham_ldosonly_n1_L4_geom_s1179027592,ham,ldosonly,1,4,1,1179027592,12,ATATATATATAT,run1,2.262124
ham_ldosonly_n1_L4_geom_s1179027592,ham,ldosonly,1,4,1,1179027592,12,ATATATATATAT,run2,2.090286
ham_ldosonly_n1_L4_geom_s1179027592,ham,ldosonly,1,4,1,1179027592,12,ATATATATATAT,run3,2.300234
ham_ldosonly_n1_L4_geom_s1179027592,ham,ldosonly,1,4,1,1179027592,12,ATATATATATAT,run4,2.150794
ham_ldosonly_n1_L4_geom_s1179027592,ham,ldosonly,1,4,1,1179027592,12,GGGGGGGGGGGG,run1,4.637088
ham_ldosonly_n1_L4_geom_s1179027592,ham,ldosonly,1,4,1,1179027592,12,GGGGGGGGGGGG,run2,4.263212
ham_ldosonly_n1_L4_geom_s1179027592,ham,ldosonly,1,4,1,1179027592,12,GGGGGGGGGGGG,run3,4.581495
ham_ldosonly_n1_L4_geom_s1179027592,ham,ldosonly,1,4,1,1179027592,12,GGGGGGGGGGGG,run4,4.417061
ham_ldosonly_n1_L4_geom_s1179027592,ham,ldosonly,1,4,1,1179027592,12,GTCAGGATCTGA,run1,1.964746
ham_ldosonly_n1_L4_geom_s1179027592,ham,ldosonly,1,4,1,1179027592,12,GTCAGGATCTGA,run2,1.623533
ham_ldosonly_n1_L4_geom_s1179027592,ham,ldosonly,1,4,1,1179027592,12,GTCAGGATCTGA,run3,1.745747
ham_ldosonly_n1_L4_geom_s1179027592,ham,ldosonly,1,4,1,1179027592,12,GTCAGGATCTGA,run4,1.566015
ham_ldosonly_n1_L4_geom_s1179027592,ham,ldosonly,1,4,1,1179027592,16,GGATAGGCTTAGAATT,run1,1.189125
ham_ldosonly_n1_L4_geom_s1179027592,ham,ldosonly,1,4,1,1179027592,16,GGATAGGCTTAGAATT,run2,1.001656
ham_ldosonly_n1_L4_geom_s1179027592,ham,ldosonly,1,4,1,1179027592,16,GGATAGGCTTAGAATT,run3,1.217271
ham_ldosonly_n1_L4_geom_s1179027592,ham,ldosonly,1,4,1,1179027592,16,GGATAGGCTTAGAATT,run4,1.002794
ham_ldosonly_n1_L4_geom_s1179027592,ham,ldosonly,1,4,1,1179027592,16,GGGGGGGGGGGGGGGG,run1,6.546198
ham_ldosonly_n1_L4_geom_s1179027592,ham,ldosonly,1,4,1,1179027592,16,GGGGGGGGGGGGGGGG,run2,6.000367
ham_ldosonly_n1_L4_geom_s1179027592,ham,ldosonly,1,4,1,1179027592,16,GGGGGGGGGGGGGGGG,run3,6.740585
ham_ldosonly_n1_L4_geom_s1179027592,ham,ldosonly,1,4,1,1179027592,16,GGGGGGGGGGGGGGGG,run4,6.569363
ham_ldosonly_n1_L4_geom_s1179027592,ham,ldosonly,1,4,1,1179027592,16,GTCAGGATCTGACAGT,run1,2.138426
ham_ldosonly_n1_L4_geom_s1179027592,ham,ldosonly,1,4,1,1179027592,16,GTCAGGATCTGACAGT,run2,1.877804
ham_ldosonly_n1_L4_geom_s1179027592,ham,ldosonly,1,4,1,1179027592,16,GTCAGGATCTGACAGT,run3,2.482005
ham_ldosonly_n1_L4_geom_s1179027592,ham,ldosonly,1,4,1,1179027592,16,GTCAGGATCTGACAGT,run4,2.059053
ham_ldosonly_n1_L4_geom_s1179027592,ham,ldosonly,1,4,1,1179027592,16,TCAGTGCTAAGTCATG,run1,1.092412
ham_ldosonly_n1_L4_geom_s1179027592,ham,ldosonly,1,4,1,1179027592,16,TCAGTGCTAAGTCATG,run2,1.013707
ham_ldosonly_n1_L4_geom_s1179027592,ham,ldosonly,1,4,1,1179027592,16,TCAGTGCTAAGTCATG,run3,1.328905
ham_ldosonly_n1_L4_geom_s1179027592,ham,ldosonly,1,4,1,1179027592,16,TCAGTGCTAAGTCATG,run4,1.295938
ham_ldosonly_n1_L4_geom_s2129768291,ham,ldosonly,1,4,1,2129768291,12,ACTTGACAGTCA,run1,2.224465
ham_ldosonly_n1_L4_geom_s2129768291,ham,ldosonly,1,4,1,2129768291,12,ACTTGACAGTCA,run2,2.440467
ham_ldosonly_n1_L4_geom_s2129768291,ham,ldosonly,1,4,1,2129768291,12,ACTTGACAGTCA,run3,2.473239
ham_ldosonly_n1_L4_geom_s2129768291,ham,ldosonly,1,4,1,2129768291,12,ACTTGACAGTCA,run4,2.767487
ham_ldosonly_n1_L4_geom_s2129768291,ham,ldosonly,1,4,1,2129768291,12,ATATATATATAT,run1,4.907317
ham_ldosonly_n1_L4_geom_s2129768291,ham,ldosonly,1,4,1,2129768291,12,ATATATATATAT,run2,4.932387
ham_ldosonly_n1_L4_geom_s2129768291,ham,ldosonly,1,4,1,2129768291,12,ATATATATATAT,run3,4.948378
ham_ldosonly_n1_L4_geom_s2129768291,ham,ldosonly,1,4,1,2129768291,12,ATATATATATAT,run4,4.885766
ham_ldosonly_n1_L4_geom_s2129768291,ham,ldosonly,1,4,1,2129768291,12,GGGGGGGGGGGG,run1,4.601430
ham_ldosonly_n1_L4_geom_s2129768291,ham,ldosonly,1,4,1,2129768291,12,GGGGGGGGGGGG,run2,4.481782
ham_ldosonly_n1_L4_geom_s2129768291,ham,ldosonly,1,4,1,2129768291,12,GGGGGGGGGGGG,run3,4.551275
ham_ldosonly_n1_L4_geom_s2129768291,ham,ldosonly,1,4,1,2129768291,12,GGGGGGGGGGGG,run4,4.507799
ham_ldosonly_n1_L4_geom_s2129768291,ham,ldosonly,1,4,1,2129768291,12,GTCAGGATCTGA,run1,1.359159
ham_ldosonly_n1_L4_geom_s2129768291,ham,ldosonly,1,4,1,2129768291,12,GTCAGGATCTGA,run2,1.462595
ham_ldosonly_n1_L4_geom_s2129768291,ham,ldosonly,1,4,1,2129768291,12,GTCAGGATCTGA,run3,1.579631
ham_ldosonly_n1_L4_geom_s2129768291,ham,ldosonly,1,4,1,2129768291,12,GTCAGGATCTGA,run4,1.711773
ham_ldosonly_n1_L4_geom_s2129768291,ham,ldosonly,1,4,1,2129768291,16,GGATAGGCTTAGAATT,run1,1.008187
ham_ldosonly_n1_L4_geom_s2129768291,ham,ldosonly,1,4,1,2129768291,16,GGATAGGCTTAGAATT,run2,0.825523
ham_ldosonly_n1_L4_geom_s2129768291,ham,ldosonly,1,4,1,2129768291,16,GGATAGGCTTAGAATT,run3,1.024829
ham_ldosonly_n1_L4_geom_s2129768291,ham,ldosonly,1,4,1,2129768291,16,GGATAGGCTTAGAATT,run4,0.843855
ham_ldosonly_n1_L4_geom_s2129768291,ham,ldosonly,1,4,1,2129768291,16,GGGGGGGGGGGGGGGG,run1,6.611854
ham_ldosonly_n1_L4_geom_s2129768291,ham,ldosonly,1,4,1,2129768291,16,GGGGGGGGGGGGGGGG,run2,6.217554
ham_ldosonly_n1_L4_geom_s2129768291,ham,ldosonly,1,4,1,2129768291,16,GGGGGGGGGGGGGGGG,run3,6.815519
ham_ldosonly_n1_L4_geom_s2129768291,ham,ldosonly,1,4,1,2129768291,16,GGGGGGGGGGGGGGGG,run4,6.687607
ham_ldosonly_n1_L4_geom_s2129768291,ham,ldosonly,1,4,1,2129768291,16,GTCAGGATCTGACAGT,run1,2.195002
ham_ldosonly_n1_L4_geom_s2129768291,ham,ldosonly,1,4,1,2129768291,16,GTCAGGATCTGACAGT,run2,2.198055
ham_ldosonly_n1_L4_geom_s2129768291,ham,ldosonly,1,4,1,2129768291,16,GTCAGGATCTGACAGT,run3,2.779507
ham_ldosonly_n1_L4_geom_s2129768291,ham,ldosonly,1,4,1,2129768291,16,GTCAGGATCTGACAGT,run4,2.363867
ham_ldosonly_n1_L4_geom_s2129768291,ham,ldosonly,1,4,1,2129768291,16,TCAGTGCTAAGTCATG,run1,1.220099
ham_ldosonly_n1_L4_geom_s2129768291,ham,ldosonly,1,4,1,2129768291,16,TCAGTGCTAAGTCATG,run2,1.176798
ham_ldosonly_n1_L4_geom_s2129768291,ham,ldosonly,1,4,1,2129768291,16,TCAGTGCTAAGTCATG,run3,1.397837
ham_ldosonly_n1_L4_geom_s2129768291,ham,ldosonly,1,4,1,2129768291,16,TCAGTGCTAAGTCATG,run4,1.384274
ham_ldosonly_n1_L4_geom_s3731635825,ham,ldosonly,1,4,1,3731635825,12,ACTTGACAGTCA,run1,1.833799
ham_ldosonly_n1_L4_geom_s3731635825,ham,ldosonly,1,4,1,3731635825,12,ACTTGACAGTCA,run2,1.955700
ham_ldosonly_n1_L4_geom_s3731635825,ham,ldosonly,1,4,1,3731635825,12,ACTTGACAGTCA,run3,2.071064
ham_ldosonly_n1_L4_geom_s3731635825,ham,ldosonly,1,4,1,3731635825,12,ACTTGACAGTCA,run4,2.157035
ham_ldosonly_n1_L4_geom_s3731635825,ham,ldosonly,1,4,1,3731635825,12,ATATATATATAT,run1,2.582381
ham_ldosonly_n1_L4_geom_s3731635825,ham,ldosonly,1,4,1,3731635825,12,ATATATATATAT,run2,2.108990
ham_ldosonly_n1_L4_geom_s3731635825,ham,ldosonly,1,4,1,3731635825,12,ATATATATATAT,run3,2.798574
ham_ldosonly_n1_L4_geom_s3731635825,ham,ldosonly,1,4,1,3731635825,12,ATATATATATAT,run4,2.120595
ham_ldosonly_n1_L4_geom_s3731635825,ham,ldosonly,1,4,1,3731635825,12,GGGGGGGGGGGG,run1,4.349880
ham_ldosonly_n1_L4_geom_s3731635825,ham,ldosonly,1,4,1,3731635825,12,GGGGGGGGGGGG,run2,4.151194
ham_ldosonly_n1_L4_geom_s3731635825,ham,ldosonly,1,4,1,3731635825,12,GGGGGGGGGGGG,run3,4.255083
ham_ldosonly_n1_L4_geom_s3731635825,ham,ldosonly,1,4,1,3731635825,12,GGGGGGGGGGGG,run4,4.280704
ham_ldosonly_n1_L4_geom_s3731635825,ham,ldosonly,1,4,1,3731635825,12,GTCAGGATCTGA,run1,2.440007
ham_ldosonly_n1_L4_geom_s3731635825,ham,ldosonly,1,4,1,3731635825,12,GTCAGGATCTGA,run2,2.113983
ham_ldosonly_n1_L4_geom_s3731635825,ham,ldosonly,1,4,1,3731635825,12,GTCAGGATCTGA,run3,2.495146
ham_ldosonly_n1_L4_geom_s3731635825,ham,ldosonly,1,4,1,3731635825,12,GTCAGGATCTGA,run4,2.346520
ham_ldosonly_n1_L4_geom_s3731635825,ham,ldosonly,1,4,1,3731635825,16,GGATAGGCTTAGAATT,run1,1.252801
ham_ldosonly_n1_L4_geom_s3731635825,ham,ldosonly,1,4,1,3731635825,16,GGATAGGCTTAGAATT,run2,1.002600
ham_ldosonly_n1_L4_geom_s3731635825,ham,ldosonly,1,4,1,3731635825,16,GGATAGGCTTAGAATT,run3,1.310500
ham_ldosonly_n1_L4_geom_s3731635825,ham,ldosonly,1,4,1,3731635825,16,GGATAGGCTTAGAATT,run4,1.103144
ham_ldosonly_n1_L4_geom_s3731635825,ham,ldosonly,1,4,1,3731635825,16,GGGGGGGGGGGGGGGG,run1,6.058187
ham_ldosonly_n1_L4_geom_s3731635825,ham,ldosonly,1,4,1,3731635825,16,GGGGGGGGGGGGGGGG,run2,5.847584
ham_ldosonly_n1_L4_geom_s3731635825,ham,ldosonly,1,4,1,3731635825,16,GGGGGGGGGGGGGGGG,run3,6.151400
ham_ldosonly_n1_L4_geom_s3731635825,ham,ldosonly,1,4,1,3731635825,16,GGGGGGGGGGGGGGGG,run4,6.333136
ham_ldosonly_n1_L4_geom_s3731635825,ham,ldosonly,1,4,1,3731635825,16,GTCAGGATCTGACAGT,run1,2.656005
ham_ldosonly_n1_L4_geom_s3731635825,ham,ldosonly,1,4,1,3731635825,16,GTCAGGATCTGACAGT,run2,2.472906
ham_ldosonly_n1_L4_geom_s3731635825,ham,ldosonly,1,4,1,3731635825,16,GTCAGGATCTGACAGT,run3,3.139190
ham_ldosonly_n1_L4_geom_s3731635825,ham,ldosonly,1,4,1,3731635825,16,GTCAGGATCTGACAGT,run4,2.752481
ham_ldosonly_n1_L4_geom_s3731635825,ham,ldosonly,1,4,1,3731635825,16,TCAGTGCTAAGTCATG,run1,1.744643
ham_ldosonly_n1_L4_geom_s3731635825,ham,ldosonly,1,4,1,3731635825,16,TCAGTGCTAAGTCATG,run2,1.556253
ham_ldosonly_n1_L4_geom_s3731635825,ham,ldosonly,1,4,1,3731635825,16,TCAGTGCTAAGTCATG,run3,1.994458
ham_ldosonly_n1_L4_geom_s3731635825,ham,ldosonly,1,4,1,3731635825,16,TCAGTGCTAAGTCATG,run4,1.925231
ham_ldosonly_n1_L4_nogeom_s1179027592,ham,ldosonly,1,4,0,1179027592,12,ACTTGACAGTCA,run1,1.602814
ham_ldosonly_n1_L4_nogeom_s1179027592,ham,ldosonly,1,4,0,1179027592,12,ACTTGACAGTCA,run2,1.725043
ham_ldosonly_n1_L4_nogeom_s1179027592,ham,ldosonly,1,4,0,1179027592,12,ACTTGACAGTCA,run3,1.755286
ham_ldosonly_n1_L4_nogeom_s1179027592,ham,ldosonly,1,4,0,1179027592,12,ACTTGACAGTCA,run4,1.931819
ham_ldosonly_n1_L4_nogeom_s1179027592,ham,ldosonly,1,4,0,1179027592,12,ATATATATATAT,run1,3.296628
ham_ldosonly_n1_L4_nogeom_s1179027592,ham,ldosonly,1,4,0,1179027592,12,ATATATATATAT,run2,2.457058
ham_ldosonly_n1_L4_nogeom_s1179027592,ham,ldosonly,1,4,0,1179027592,12,ATATATATATAT,run3,3.412770
ham_ldosonly_n1_L4_nogeom_s1179027592,ham,ldosonly,1,4,0,1179027592,12,ATATATATATAT,run4,2.602777
ham_ldosonly_n1_L4_nogeom_s1179027592,ham,ldosonly,1,4,0,1179027592,12,GGGGGGGGGGGG,run1,4.646707
ham_ldosonly_n1_L4_nogeom_s1179027592,ham,ldosonly,1,4,0,1179027592,12,GGGGGGGGGGGG,run2,4.437311
ham_ldosonly_n1_L4_nogeom_s1179027592,ham,ldosonly,1,4,0,1179027592,12,GGGGGGGGGGGG,run3,4.568827
ham_ldosonly_n1_L4_nogeom_s1179027592,ham,ldosonly,1,4,0,1179027592,12,GGGGGGGGGGGG,run4,4.362955
ham_ldosonly_n1_L4_nogeom_s1179027592,ham,ldosonly,1,4,0,1179027592,12,GTCAGGATCTGA,run1,1.635337
ham_ldosonly_n1_L4_nogeom_s1179027592,ham,ldosonly,1,4,0,1179027592,12,GTCAGGATCTGA,run2,1.574991
ham_ldosonly_n1_L4_nogeom_s1179027592,ham,ldosonly,1,4,0,1179027592,12,GTCAGGATCTGA,run3,1.689178
ham_ldosonly_n1_L4_nogeom_s1179027592,ham,ldosonly,1,4,0,1179027592,12,GTCAGGATCTGA,run4,1.790038
ham_ldosonly_n1_L4_nogeom_s1179027592,ham,ldosonly,1,4,0,1179027592,16,GGATAGGCTTAGAATT,run1,1.127411
ham_ldosonly_n1_L4_nogeom_s1179027592,ham,ldosonly,1,4,0,1179027592,16,GGATAGGCTTAGAATT,run2,0.815921
ham_ldosonly_n1_L4_nogeom_s1179027592,ham,ldosonly,1,4,0,1179027592,16,GGATAGGCTTAGAATT,run3,1.182594
ham_ldosonly_n1_L4_nogeom_s1179027592,ham,ldosonly,1,4,0,1179027592,16,GGATAGGCTTAGAATT,run4,0.904851
ham_ldosonly_n1_L4_nogeom_s1179027592,ham,ldosonly,1,4,0,1179027592,16,GGGGGGGGGGGGGGGG,run1,6.705834
ham_ldosonly_n1_L4_nogeom_s1179027592,ham,ldosonly,1,4,0,1179027592,16,GGGGGGGGGGGGGGGG,run2,6.220237
ham_ldosonly_n1_L4_nogeom_s1179027592,ham,ldosonly,1,4,0,1179027592,16,GGGGGGGGGGGGGGGG,run3,6.882200
ham_ldosonly_n1_L4_nogeom_s1179027592,ham,ldosonly,1,4,0,1179027592,16,GGGGGGGGGGGGGGGG,run4,6.630259
ham_ldosonly_n1_L4_nogeom_s1179027592,ham,ldosonly,1,4,0,1179027592,16,GTCAGGATCTGACAGT,run1,1.881717
ham_ldosonly_n1_L4_nogeom_s1179027592,ham,ldosonly,1,4,0,1179027592,16,GTCAGGATCTGACAGT,run2,1.848527
ham_ldosonly_n1_L4_nogeom_s1179027592,ham,ldosonly,1,4,0,1179027592,16,GTCAGGATCTGACAGT,run3,2.312314
ham_ldosonly_n1_L4_nogeom_s1179027592,ham,ldosonly,1,4,0,1179027592,16,GTCAGGATCTGACAGT,run4,2.040697
ham_ldosonly_n1_L4_nogeom_s1179027592,ham,ldosonly,1,4,0,1179027592,16,TCAGTGCTAAGTCATG,run1,1.598739
ham_ldosonly_n1_L4_nogeom_s1179027592,ham,ldosonly,1,4,0,1179027592,16,TCAGTGCTAAGTCATG,run2,1.448535
ham_ldosonly_n1_L4_nogeom_s1179027592,ham,ldosonly,1,4,0,1179027592,16,TCAGTGCTAAGTCATG,run3,1.750947
ham_ldosonly_n1_L4_nogeom_s1179027592,ham,ldosonly,1,4,0,1179027592,16,TCAGTGCTAAGTCATG,run4,1.700479
ham_ldosonly_n1_L4_nogeom_s2129768291,ham,ldosonly,1,4,0,2129768291,12,ACTTGACAGTCA,run1,1.209478
ham_ldosonly_n1_L4_nogeom_s2129768291,ham,ldosonly,1,4,0,2129768291,12,ACTTGACAGTCA,run2,1.409865
ham_ldosonly_n1_L4_nogeom_s2129768291,ham,ldosonly,1,4,0,2129768291,12,ACTTGACAGTCA,run3,1.255161
ham_ldosonly_n1_L4_nogeom_s2129768291,ham,ldosonly,1,4,0,2129768291,12,ACTTGACAGTCA,run4,1.574815
ham_ldosonly_n1_L4_nogeom_s2129768291,ham,ldosonly,1,4,0,2129768291,12,ATATATATATAT,run1,1.083543
ham_ldosonly_n1_L4_nogeom_s2129768291,ham,ldosonly,1,4,0,2129768291,12,ATATATATATAT,run2,1.523299
ham_ldosonly_n1_L4_nogeom_s2129768291,ham,ldosonly,1,4,0,2129768291,12,ATATATATATAT,run3,0.892454
ham_ldosonly_n1_L4_nogeom_s2129768291,ham,ldosonly,1,4,0,2129768291,12,ATATATATATAT,run4,1.382862
ham_ldosonly_n1_L4_nogeom_s2129768291,ham,ldosonly,1,4,0,2129768291,12,GGGGGGGGGGGG,run1,4.405887
ham_ldosonly_n1_L4_nogeom_s2129768291,ham,ldosonly,1,4,0,2129768291,12,GGGGGGGGGGGG,run2,4.045058
ham_ldosonly_n1_L4_nogeom_s2129768291,ham,ldosonly,1,4,0,2129768291,12,GGGGGGGGGGGG,run3,4.343990
ham_ldosonly_n1_L4_nogeom_s2129768291,ham,ldosonly,1,4,0,2129768291,12,GGGGGGGGGGGG,run4,4.232291
ham_ldosonly_n1_L4_nogeom_s2129768291,ham,ldosonly,1,4,0,2129768291,12,GTCAGGATCTGA,run1,2.035193
ham_ldosonly_n1_L4_nogeom_s2129768291,ham,ldosonly,1,4,0,2129768291,12,GTCAGGATCTGA,run2,1.689051
ham_ldosonly_n1_L4_nogeom_s2129768291,ham,ldosonly,1,4,0,2129768291,12,GTCAGGATCTGA,run3,1.866236
ham_ldosonly_n1_L4_nogeom_s2129768291,ham,ldosonly,1,4,0,2129768291,12,GTCAGGATCTGA,run4,1.715289
ham_ldosonly_n1_L4_nogeom_s2129768291,ham,ldosonly,1,4,0,2129768291,16,GGATAGGCTTAGAATT,run1,1.213177
ham_ldosonly_n1_L4_nogeom_s2129768291,ham,ldosonly,1,4,0,2129768291,16,GGATAGGCTTAGAATT,run2,1.008657
ham_ldosonly_n1_L4_nogeom_s2129768291,ham,ldosonly,1,4,0,2129768291,16,GGATAGGCTTAGAATT,run3,1.297319
ham_ldosonly_n1_L4_nogeom_s2129768291,ham,ldosonly,1,4,0,2129768291,16,GGATAGGCTTAGAATT,run4,1.033584
ham_ldosonly_n1_L4_nogeom_s2129768291,ham,ldosonly,1,4,0,2129768291,16,GGGGGGGGGGGGGGGG,run1,6.059965
ham_ldosonly_n1_L4_nogeom_s2129768291,ham,ldosonly,1,4,0,2129768291,16,GGGGGGGGGGGGGGGG,run2,5.646316
ham_ldosonly_n1_L4_nogeom_s2129768291,ham,ldosonly,1,4,0,2129768291,16,GGGGGGGGGGGGGGGG,run3,6.151216
ham_ldosonly_n1_L4_nogeom_s2129768291,ham,ldosonly,1,4,0,2129768291,16,GGGGGGGGGGGGGGGG,run4,6.147664
ham_ldosonly_n1_L4_nogeom_s2129768291,ham,ldosonly,1,4,0,2129768291,16,GTCAGGATCTGACAGT,run1,2.155318
ham_ldosonly_n1_L4_nogeom_s2129768291,ham,ldosonly,1,4,0,2129768291,16,GTCAGGATCTGACAGT,run2,1.941668
ham_ldosonly_n1_L4_nogeom_s2129768291,ham,ldosonly,1,4,0,2129768291,16,GTCAGGATCTGACAGT,run3,2.458720
ham_ldosonly_n1_L4_nogeom_s2129768291,ham,ldosonly,1,4,0,2129768291,16,GTCAGGATCTGACAGT,run4,2.076121
ham_ldosonly_n1_L4_nogeom_s2129768291,ham,ldosonly,1,4,0,2129768291,16,TCAGTGCTAAGTCATG,run1,1.743095
ham_ldosonly_n1_L4_nogeom_s2129768291,ham,ldosonly,1,4,0,2129768291,16,TCAGTGCTAAGTCATG,run2,1.491476
ham_ldosonly_n1_L4_nogeom_s2129768291,ham,ldosonly,1,4,0,2129768291,16,TCAGTGCTAAGTCATG,run3,1.994670
ham_ldosonly_n1_L4_nogeom_s2129768291,ham,ldosonly,1,4,0,2129768291,16,TCAGTGCTAAGTCATG,run4,1.861680
ham_ldosonly_n1_L4_nogeom_s3731635825,ham,ldosonly,1,4,0,3731635825,12,ACTTGACAGTCA,run1,2.123345
ham_ldosonly_n1_L4_nogeom_s3731635825,ham,ldosonly,1,4,0,3731635825,12,ACTTGACAGTCA,run2,2.280853
ham_ldosonly_n1_L4_nogeom_s3731635825,ham,ldosonly,1,4,0,3731635825,12,ACTTGACAGTCA,run3,2.365791
ham_ldosonly_n1_L4_nogeom_s3731635825,ham,ldosonly,1,4,0,3731635825,12,ACTTGACAGTCA,run4,2.612002
ham_ldosonly_n1_L4_nogeom_s3731635825,ham,ldosonly,1,4,0,3731635825,12,ATATATATATAT,run1,2.817879
ham_ldosonly_n1_L4_nogeom_s3731635825,ham,ldosonly,1,4,0,3731635825,12,ATATATATATAT,run2,2.559003
ham_ldosonly_n1_L4_nogeom_s3731635825,ham,ldosonly,1,4,0,3731635825,12,ATATATATATAT,run3,2.802438
ham_ldosonly_n1_L4_nogeom_s3731635825,ham,ldosonly,1,4,0,3731635825,12,ATATATATATAT,run4,2.640081
ham_ldosonly_n1_L4_nogeom_s3731635825,ham,ldosonly,1,4,0,3731635825,12,GGGGGGGGGGGG,run1,4.662533
ham_ldosonly_n1_L4_nogeom_s3731635825,ham,ldosonly,1,4,0,3731635825,12,GGGGGGGGGGGG,run2,4.852490
ham_ldosonly_n1_L4_nogeom_s3731635825,ham,ldosonly,1,4,0,3731635825,12,GGGGGGGGGGGG,run3,4.582000
ham_ldosonly_n1_L4_nogeom_s3731635825,ham,ldosonly,1,4,0,3731635825,12,GGGGGGGGGGGG,run4,4.439613
ham_ldosonly_n1_L4_nogeom_s3731635825,ham,ldosonly,1,4,0,3731635825,12,GTCAGGATCTGA,run1,2.017538
ham_ldosonly_n1_L4_nogeom_s3731635825,ham,ldosonly,1,4,0,3731635825,12,GTCAGGATCTGA,run2,1.698817
ham_ldosonly_n1_L4_nogeom_s3731635825,ham,ldosonly,1,4,0,3731635825,12,GTCAGGATCTGA,run3,2.153388
ham_ldosonly_n1_L4_nogeom_s3731635825,ham,ldosonly,1,4,0,3731635825,12,GTCAGGATCTGA,run4,1.932541
ham_ldosonly_n1_L4_nogeom_s3731635825,ham,ldosonly,1,4,0,3731635825,16,GGATAGGCTTAGAATT,run1,1.558493
ham_ldosonly_n1_L4_nogeom_s3731635825,ham,ldosonly,1,4,0,3731635825,16,GGATAGGCTTAGAATT,run2,1.233015
ham_ldosonly_n1_L4_nogeom_s3731635825,ham,ldosonly,1,4,0,3731635825,16,GGATAGGCTTAGAATT,run3,1.635700
ham_ldosonly_n1_L4_nogeom_s3731635825,ham,ldosonly,1,4,0,3731635825,16,GGATAGGCTTAGAATT,run4,1.357172
ham_ldosonly_n1_L4_nogeom_s3731635825,ham,ldosonly,1,4,0,3731635825,16,GGGGGGGGGGGGGGGG,run1,6.821566
ham_ldosonly_n1_L4_nogeom_s3731635825,ham,ldosonly,1,4,0,3731635825,16,GGGGGGGGGGGGGGGG,run2,6.565744
ham_ldosonly_n1_L4_nogeom_s3731635825,ham,ldosonly,1,4,0,3731635825,16,GGGGGGGGGGGGGGGG,run3,7.035112
ham_ldosonly_n1_L4_nogeom_s3731635825,ham,ldosonly,1,4,0,3731635825,16,GGGGGGGGGGGGGGGG,run4,6.880389
ham_ldosonly_n1_L4_nogeom_s3731635825,ham,ldosonly,1,4,0,3731635825,16,GTCAGGATCTGACAGT,run1,2.783764
ham_ldosonly_n1_L4_nogeom_s3731635825,ham,ldosonly,1,4,0,3731635825,16,GTCAGGATCTGACAGT,run2,2.738436
ham_ldosonly_n1_L4_nogeom_s3731635825,ham,ldosonly,1,4,0,3731635825,16,GTCAGGATCTGACAGT,run3,3.216255
ham_ldosonly_n1_L4_nogeom_s3731635825,ham,ldosonly,1,4,0,3731635825,16,GTCAGGATCTGACAGT,run4,2.958063
ham_ldosonly_n1_L4_nogeom_s3731635825,ham,ldosonly,1,4,0,3731635825,16,TCAGTGCTAAGTCATG,run1,2.403638
ham_ldosonly_n1_L4_nogeom_s3731635825,ham,ldosonly,1,4,0,3731635825,16,TCAGTGCTAAGTCATG,run2,2.147583
ham_ldosonly_n1_L4_nogeom_s3731635825,ham,ldosonly,1,4,0,3731635825,16,TCAGTGCTAAGTCATG,run3,2.527365
ham_ldosonly_n1_L4_nogeom_s3731635825,ham,ldosonly,1,4,0,3731635825,16,TCAGTGCTAAGTCATG,run4,2.541053
ham_ldosonly_n2_L2_geom_s1179027592,ham,ldosonly,2,2,1,1179027592,12,ACTTGACAGTCA,run1,1.049977
ham_ldosonly_n2_L2_geom_s1179027592,ham,ldosonly,2,2,1,1179027592,12,ACTTGACAGTCA,run2,1.287398
ham_ldosonly_n2_L2_geom_s1179027592,ham,ldosonly,2,2,1,1179027592,12,ACTTGACAGTCA,run3,1.314413
ham_ldosonly_n2_L2_geom_s1179027592,ham,ldosonly,2,2,1,1179027592,12,ACTTGACAGTCA,run4,1.405088
ham_ldosonly_n2_L2_geom_s1179027592,ham,ldosonly,2,2,1,1179027592,12,ATATATATATAT,run1,4.202749
ham_ldosonly_n2_L2_geom_s1179027592,ham,ldosonly,2,2,1,1179027592,12,ATATATATATAT,run2,3.926887
ham_ldosonly_n2_L2_geom_s1179027592,ham,ldosonly,2,2,1,1179027592,12,ATATATATATAT,run3,4.081622
ham_ldosonly_n2_L2_geom_s1179027592,ham,ldosonly,2,2,1,1179027592,12,ATATATATATAT,run4,3.855500
ham_ldosonly_n2_L2_geom_s1179027592,ham,ldosonly,2,2,1,1179027592,12,GGGGGGGGGGGG,run1,4.461163
ham_ldosonly_n2_L2_geom_s1179027592,ham,ldosonly,2,2,1,1179027592,12,GGGGGGGGGGGG,run2,4.618556
ham_ldosonly_n2_L2_geom_s1179027592,ham,ldosonly,2,2,1,1179027592,12,GGGGGGGGGGGG,run3,3.850928
ham_ldosonly_n2_L2_geom_s1179027592,ham,ldosonly,2,2,1,1179027592,12,GGGGGGGGGGGG,run4,3.972171
ham_ldosonly_n2_L2_geom_s1179027592,ham,ldosonly,2,2,1,1179027592,12,GTCAGGATCTGA,run1,2.069949
ham_ldosonly_n2_L2_geom_s1179027592,ham,ldosonly,2,2,1,1179027592,12,GTCAGGATCTGA,run2,1.535774
ham_ldosonly_n2_L2_geom_s1179027592,ham,ldosonly,2,2,1,1179027592,12,GTCAGGATCTGA,run3,2.004998
ham_ldosonly_n2_L2_geom_s1179027592,ham,ldosonly,2,2,1,1179027592,12,GTCAGGATCTGA,run4,1.704620
ham_ldosonly_n2_L2_geom_s1179027592,ham,ldosonly,2,2,1,1179027592,16,GGATAGGCTTAGAATT,run1,0.855857
ham_ldosonly_n2_L2_geom_s1179027592,ham,ldosonly,2,2,1,1179027592,16,GGATAGGCTTAGAATT,run2,0.743446
ham_ldosonly_n2_L2_geom_s1179027592,ham,ldosonly,2,2,1,1179027592,16,GGATAGGCTTAGAATT,run3,0.912525
ham_ldosonly_n2_L2_geom_s1179027592,ham,ldosonly,2,2,1,1179027592,16,GGATAGGCTTAGAATT,run4,0.892309
ham_ldosonly_n2_L2_geom_s1179027592,ham,ldosonly,2,2,1,1179027592,16,GGGGGGGGGGGGGGGG,run1,5.705161
ham_ldosonly_n2_L2_geom_s1179027592,ham,ldosonly,2,2,1,1179027592,16,GGGGGGGGGGGGGGGG,run2,5.878650
ham_ldosonly_n2_L2_geom_s1179027592,ham,ldosonly,2,2,1,1179027592,16,GGGGGGGGGGGGGGGG,run3,5.288631
ham_ldosonly_n2_L2_geom_s1179027592,ham,ldosonly,2,2,1,1179027592,16,GGGGGGGGGGGGGGGG,run4,5.407761
ham_ldosonly_n2_L2_geom_s1179027592,ham,ldosonly,2,2,1,1179027592,16,GTCAGGATCTGACAGT,run1,1.811003
ham_ldosonly_n2_L2_geom_s1179027592,ham,ldosonly,2,2,1,1179027592,16,GTCAGGATCTGACAGT,run2,1.489564
ham_ldosonly_n2_L2_geom_s1179027592,ham,ldosonly,2,2,1,1179027592,16,GTCAGGATCTGACAGT,run3,2.014641
ham_ldosonly_n2_L2_geom_s1179027592,ham,ldosonly,2,2,1,1179027592,16,GTCAGGATCTGACAGT,run4,1.658348
ham_ldosonly_n2_L2_geom_s1179027592,ham,ldosonly,2,2,1,1179027592,16,TCAGTGCTAAGTCATG,run1,1.462712
ham_ldosonly_n2_L2_geom_s1179027592,ham,ldosonly,2,2,1,1179027592,16,TCAGTGCTAAGTCATG,run2,1.271365
ham_ldosonly_n2_L2_geom_s1179027592,ham,ldosonly,2,2,1,1179027592,16,TCAGTGCTAAGTCATG,run3,1.528814
ham_ldosonly_n2_L2_geom_s1179027592,ham,ldosonly,2,2,1,1179027592,16,TCAGTGCTAAGTCATG,run4,1.532863
ham_ldosonly_n2_L2_geom_s2129768291,ham,ldosonly,2,2,1,2129768291,12,ACTTGACAGTCA,run1,1.202445
ham_ldosonly_n2_L2_geom_s2129768291,ham,ldosonly,2,2,1,2129768291,12,ACTTGACAGTCA,run2,1.053947
ham_ldosonly_n2_L2_geom_s2129768291,ham,ldosonly,2,2,1,2129768291,12,ACTTGACAGTCA,run3,1.333834
ham_ldosonly_n2_L2_geom_s2129768291,ham,ldosonly,2,2,1,2129768291,12,ACTTGACAGTCA,run4,1.181485
ham_ldosonly_n2_L2_geom_s2129768291,ham,ldosonly,2,2,1,2129768291,12,ATATATATATAT,run1,4.916608
ham_ldosonly_n2_L2_geom_s2129768291,ham,ldosonly,2,2,1,2129768291,12,ATATATATATAT,run2,4.480410
ham_ldosonly_n2_L2_geom_s2129768291,ham,ldosonly,2,2,1,2129768291,12,ATATATATATAT,run3,4.644048
ham_ldosonly_n2_L2_geom_s2129768291,ham,ldosonly,2,2,1,2129768291,12,ATATATATATAT,run4,4.450095
ham_ldosonly_n2_L2_geom_s2129768291,ham,ldosonly,2,2,1,2129768291,12,GGGGGGGGGGGG,run1,4.327023
ham_ldosonly_n2_L2_geom_s2129768291,ham,ldosonly,2,2,1,2129768291,12,GGGGGGGGGGGG,run2,3.809181
ham_ldosonly_n2_L2_geom_s2129768291,ham,ldosonly,2,2,1,2129768291,12,GGGGGGGGGGGG,run3,3.890528
ham_ldosonly_n2_L2_geom_s2129768291,ham,ldosonly,2,2,1,2129768291,12,GGGGGGGGGGGG,run4,3.833286
ham_ldosonly_n2_L2_geom_s2129768291,ham,ldosonly,2,2,1,2129768291,12,GTCAGGATCTGA,run1,1.800650
ham_ldosonly_n2_L2_geom_s2129768291,ham,ldosonly,2,2,1,2129768291,12,GTCAGGATCTGA,run2,1.607961
ham_ldosonly_n2_L2_geom_s2129768291,ham,ldosonly,2,2,1,2129768291,12,GTCAGGATCTGA,run3,1.783385
ham_ldosonly_n2_L2_geom_s2129768291,ham,ldosonly,2,2,1,2129768291,12,GTCAGGATCTGA,run4,1.790198
ham_ldosonly_n2_L2_geom_s2129768291,ham,ldosonly,2,2,1,2129768291,16,GGATAGGCTTAGAATT,run1,1.252401
ham_ldosonly_n2_L2_geom_s2129768291,ham,ldosonly,2,2,1,2129768291,16,GGATAGGCTTAGAATT,run2,1.212570
ham_ldosonly_n2_L2_geom_s2129768291,ham,ldosonly,2,2,1,2129768291,16,GGATAGGCTTAGAATT,run3,1.333657
ham_ldosonly_n2_L2_geom_s2129768291,ham,ldosonly,2,2,1,2129768291,16,GGATAGGCTTAGAATT,run4,1.372588
ham_ldosonly_n2_L2_geom_s2129768291,ham,ldosonly,2,2,1,2129768291,16,GGGGGGGGGGGGGGGG,run1,5.357111
ham_ldosonly_n2_L2_geom_s2129768291,ham,ldosonly,2,2,1,2129768291,16,GGGGGGGGGGGGGGGG,run2,4.913108
ham_ldosonly_n2_L2_geom_s2129768291,ham,ldosonly,2,2,1,2129768291,16,GGGGGGGGGGGGGGGG,run3,5.029537
ham_ldosonly_n2_L2_geom_s2129768291,ham,ldosonly,2,2,1,2129768291,16,GGGGGGGGGGGGGGGG,run4,5.119111
ham_ldosonly_n2_L2_geom_s2129768291,ham,ldosonly,2,2,1,2129768291,16,GTCAGGATCTGACAGT,run1,1.556946
ham_ldosonly_n2_L2_geom_s2129768291,ham,ldosonly,2,2,1,2129768291,16,GTCAGGATCTGACAGT,run2,1.499022
ham_ldosonly_n2_L2_geom_s2129768291,ham,ldosonly,2,2,1,2129768291,16,GTCAGGATCTGACAGT,run3,2.030106
ham_ldosonly_n2_L2_geom_s2129768291,ham,ldosonly,2,2,1,2129768291,16,GTCAGGATCTGACAGT,run4,1.693110
ham_ldosonly_n2_L2_geom_s2129768291,ham,ldosonly,2,2,1,2129768291,16,TCAGTGCTAAGTCATG,run1,1.092991
ham_ldosonly_n2_L2_geom_s2129768291,ham,ldosonly,2,2,1,2129768291,16,TCAGTGCTAAGTCATG,run2,0.999558
ham_ldosonly_n2_L2_geom_s2129768291,ham,ldosonly,2,2,1,2129768291,16,TCAGTGCTAAGTCATG,run3,1.374188
ham_ldosonly_n2_L2_geom_s2129768291,ham,ldosonly,2,2,1,2129768291,16,TCAGTGCTAAGTCATG,run4,1.196316
ham_ldosonly_n2_L2_geom_s3731635825,ham,ldosonly,2,2,1,3731635825,12,ACTTGACAGTCA,run1,1.156738
ham_ldosonly_n2_L2_geom_s3731635825,ham,ldosonly,2,2,1,3731635825,12,ACTTGACAGTCA,run2,1.090064
ham_ldosonly_n2_L2_geom_s3731635825,ham,ldosonly,2,2,1,3731635825,12,ACTTGACAGTCA,run3,1.586228
ham_ldosonly_n2_L2_geom_s3731635825,ham,ldosonly,2,2,1,3731635825,12,ACTTGACAGTCA,run4,1.562017
ham_ldosonly_n2_L2_geom_s3731635825,ham,ldosonly,2,2,1,3731635825,12,ATATATATATAT,run1,4.355286
ham_ldosonly_n2_L2_geom_s3731635825,ham,ldosonly,2,2,1,3731635825,12,ATATATATATAT,run2,5.406263
ham_ldosonly_n2_L2_geom_s3731635825,ham,ldosonly,2,2,1,3731635825,12,ATATATATATAT,run3,4.130153
ham_ldosonly_n2_L2_geom_s3731635825,ham,ldosonly,2,2,1,3731635825,12,ATATATATATAT,run4,5.091709
ham_ldosonly_n2_L2_geom_s3731635825,ham,ldosonly,2,2,1,3731635825,12,GGGGGGGGGGGG,run1,3.290402
ham_ldosonly_n2_L2_geom_s3731635825,ham,ldosonly,2,2,1,3731635825,12,GGGGGGGGGGGG,run2,3.436112
ham_ldosonly_n2_L2_geom_s3731635825,ham,ldosonly,2,2,1,3731635825,12,GGGGGGGGGGGG,run3,3.364148
ham_ldosonly_n2_L2_geom_s3731635825,ham,ldosonly,2,2,1,3731635825,12,GGGGGGGGGGGG,run4,3.485486
ham_ldosonly_n2_L2_geom_s3731635825,ham,ldosonly,2,2,1,3731635825,12,GTCAGGATCTGA,run1,1.388056
ham_ldosonly_n2_L2_geom_s3731635825,ham,ldosonly,2,2,1,3731635825,12,GTCAGGATCTGA,run2,1.216688
ham_ldosonly_n2_L2_geom_s3731635825,ham,ldosonly,2,2,1,3731635825,12,GTCAGGATCTGA,run3,1.588758
ham_ldosonly_n2_L2_geom_s3731635825,ham,ldosonly,2,2,1,3731635825,12,GTCAGGATCTGA,run4,1.572895
ham_ldosonly_n2_L2_geom_s3731635825,ham,ldosonly,2,2,1,3731635825,16,GGATAGGCTTAGAATT,run1,1.192861
ham_ldosonly_n2_L2_geom_s3731635825,ham,ldosonly,2,2,1,3731635825,16,GGATAGGCTTAGAATT,run2,1.049116
ham_ldosonly_n2_L2_geom_s3731635825,ham,ldosonly,2,2,1,3731635825,16,GGATAGGCTTAGAATT,run3,1.356301
ham_ldosonly_n2_L2_geom_s3731635825,ham,ldosonly,2,2,1,3731635825,16,GGATAGGCTTAGAATT,run4,1.206618
ham_ldosonly_n2_L2_geom_s3731635825,ham,ldosonly,2,2,1,3731635825,16,GGGGGGGGGGGGGGGG,run1,4.720292
ham_ldosonly_n2_L2_geom_s3731635825,ham,ldosonly,2,2,1,3731635825,16,GGGGGGGGGGGGGGGG,run2,4.993242
ham_ldosonly_n2_L2_geom_s3731635825,ham,ldosonly,2,2,1,3731635825,16,GGGGGGGGGGGGGGGG,run3,4.870324
ham_ldosonly_n2_L2_geom_s3731635825,ham,ldosonly,2,2,1,3731635825,16,GGGGGGGGGGGGGGGG,run4,5.136461
ham_ldosonly_n2_L2_geom_s3731635825,ham,ldosonly,2,2,1,3731635825,16,GTCAGGATCTGACAGT,run1,1.469658
ham_ldosonly_n2_L2_geom_s3731635825,ham,ldosonly,2,2,1,3731635825,16,GTCAGGATCTGACAGT,run2,1.279518
ham_ldosonly_n2_L2_geom_s3731635825,ham,ldosonly,2,2,1,3731635825,16,GTCAGGATCTGACAGT,run3,1.807062
ham_ldosonly_n2_L2_geom_s3731635825,ham,ldosonly,2,2,1,3731635825,16,GTCAGGATCTGACAGT,run4,1.527299
ham_ldosonly_n2_L2_geom_s3731635825,ham,ldosonly,2,2,1,3731635825,16,TCAGTGCTAAGTCATG,run1,1.112563
ham_ldosonly_n2_L2_geom_s3731635825,ham,ldosonly,2,2,1,3731635825,16,TCAGTGCTAAGTCATG,run2,1.032982
ham_ldosonly_n2_L2_geom_s3731635825,ham,ldosonly,2,2,1,3731635825,16,TCAGTGCTAAGTCATG,run3,1.396477
ham_ldosonly_n2_L2_geom_s3731635825,ham,ldosonly,2,2,1,3731635825,16,TCAGTGCTAAGTCATG,run4,1.239987
ham_ldosonly_n2_L2_nogeom_s1179027592,ham,ldosonly,2,2,0,1179027592,12,ACTTGACAGTCA,run1,1.190711
ham_ldosonly_n2_L2_nogeom_s1179027592,ham,ldosonly,2,2,0,1179027592,12,ACTTGACAGTCA,run2,1.136337
ham_ldosonly_n2_L2_nogeom_s1179027592,ham,ldosonly,2,2,0,1179027592,12,ACTTGACAGTCA,run3,1.267042
ham_ldosonly_n2_L2_nogeom_s1179027592,ham,ldosonly,2,2,0,1179027592,12,ACTTGACAGTCA,run4,1.230052
ham_ldosonly_n2_L2_nogeom_s1179027592,ham,ldosonly,2,2,0,1179027592,12,ATATATATATAT,run1,3.909341
ham_ldosonly_n2_L2_nogeom_s1179027592,ham,ldosonly,2,2,0,1179027592,12,ATATATATATAT,run2,3.934906
ham_ldosonly_n2_L2_nogeom_s1179027592,ham,ldosonly,2,2,0,1179027592,12,ATATATATATAT,run3,3.826277
ham_ldosonly_n2_L2_nogeom_s1179027592,ham,ldosonly,2,2,0,1179027592,12,ATATATATATAT,run4,3.925916
ham_ldosonly_n2_L2_nogeom_s1179027592,ham,ldosonly,2,2,0,1179027592,12,GGGGGGGGGGGG,run1,4.322963
ham_ldosonly_n2_L2_nogeom_s1179027592,ham,ldosonly,2,2,0,1179027592,12,GGGGGGGGGGGG,run2,3.790129
ham_ldosonly_n2_L2_nogeom_s1179027592,ham,ldosonly,2,2,0,1179027592,12,GGGGGGGGGGGG,run3,3.747460
ham_ldosonly_n2_L2_nogeom_s1179027592,ham,ldosonly,2,2,0,1179027592,12,GGGGGGGGGGGG,run4,3.587059
ham_ldosonly_n2_L2_nogeom_s1179027592,ham,ldosonly,2,2,0,1179027592,12,GTCAGGATCTGA,run1,1.703659
ham_ldosonly_n2_L2_nogeom_s1179027592,ham,ldosonly,2,2,0,1179027592,12,GTCAGGATCTGA,run2,1.541523
ham_ldosonly_n2_L2_nogeom_s1179027592,ham,ldosonly,2,2,0,1179027592,12,GTCAGGATCTGA,run3,1.598003
ham_ldosonly_n2_L2_nogeom_s1179027592,ham,ldosonly,2,2,0,1179027592,12,GTCAGGATCTGA,run4,1.667849
ham_ldosonly_n2_L2_nogeom_s1179027592,ham,ldosonly,2,2,0,1179027592,16,GGATAGGCTTAGAATT,run1,0.968868
ham_ldosonly_n2_L2_nogeom_s1179027592,ham,ldosonly,2,2,0,1179027592,16,GGATAGGCTTAGAATT,run2,0.884408
ham_ldosonly_n2_L2_nogeom_s1179027592,ham,ldosonly,2,2,0,1179027592,16,GGATAGGCTTAGAATT,run3,0.898318
ham_ldosonly_n2_L2_nogeom_s1179027592,ham,ldosonly,2,2,0,1179027592,16,GGATAGGCTTAGAATT,run4,0.893870
ham_ldosonly_n2_L2_nogeom_s1179027592,ham,ldosonly,2,2,0,1179027592,16,GGGGGGGGGGGGGGGG,run1,5.500796
ham_ldosonly_n2_L2_nogeom_s1179027592,ham,ldosonly,2,2,0,1179027592,16,GGGGGGGGGGGGGGGG,run2,5.234026
ham_ldosonly_n2_L2_nogeom_s1179027592,ham,ldosonly,2,2,0,1179027592,16,GGGGGGGGGGGGGGGG,run3,5.136981
ham_ldosonly_n2_L2_nogeom_s1179027592,ham,ldosonly,2,2,0,1179027592,16,GGGGGGGGGGGGGGGG,run4,5.261113
ham_ldosonly_n2_L2_nogeom_s1179027592,ham,ldosonly,2,2,0,1179027592,16,GTCAGGATCTGACAGT,run1,1.680458
ham_ldosonly_n2_L2_nogeom_s1179027592,ham,ldosonly,2,2,0,1179027592,16,GTCAGGATCTGACAGT,run2,1.606814
ham_ldosonly_n2_L2_nogeom_s1179027592,ham,ldosonly,2,2,0,1179027592,16,GTCAGGATCTGACAGT,run3,2.015042
ham_ldosonly_n2_L2_nogeom_s1179027592,ham,ldosonly,2,2,0,1179027592,16,GTCAGGATCTGACAGT,run4,1.793249
ham_ldosonly_n2_L2_nogeom_s1179027592,ham,ldosonly,2,2,0,1179027592,16,TCAGTGCTAAGTCATG,run1,1.297403
ham_ldosonly_n2_L2_nogeom_s1179027592,ham,ldosonly,2,2,0,1179027592,16,TCAGTGCTAAGTCATG,run2,1.171964
ham_ldosonly_n2_L2_nogeom_s1179027592,ham,ldosonly,2,2,0,1179027592,16,TCAGTGCTAAGTCATG,run3,1.399867
ham_ldosonly_n2_L2_nogeom_s1179027592,ham,ldosonly,2,2,0,1179027592,16,TCAGTGCTAAGTCATG,run4,1.232729
ham_ldosonly_n2_L2_nogeom_s2129768291,ham,ldosonly,2,2,0,2129768291,12,ACTTGACAGTCA,run1,1.738894
ham_ldosonly_n2_L2_nogeom_s2129768291,ham,ldosonly,2,2,0,2129768291,12,ACTTGACAGTCA,run2,1.499136
ham_ldosonly_n2_L2_nogeom_s2129768291,ham,ldosonly,2,2,0,2129768291,12,ACTTGACAGTCA,run3,1.848161
ham_ldosonly_n2_L2_nogeom_s2129768291,ham,ldosonly,2,2,0,2129768291,12,ACTTGACAGTCA,run4,1.591567
ham_ldosonly_n2_L2_nogeom_s2129768291,ham,ldosonly,2,2,0,2129768291,12,ATATATATATAT,run1,3.882339
ham_ldosonly_n2_L2_nogeom_s2129768291,ham,ldosonly,2,2,0,2129768291,12,ATATATATATAT,run2,3.739923
ham_ldosonly_n2_L2_nogeom_s2129768291,ham,ldosonly,2,2,0,2129768291,12,ATATATATATAT,run3,3.634034
ham_ldosonly_n2_L2_nogeom_s2129768291,ham,ldosonly,2,2,0,2129768291,12,ATATATATATAT,run4,3.739336
ham_ldosonly_n2_L2_nogeom_s2129768291,ham,ldosonly,2,2,0,2129768291,12,GGGGGGGGGGGG,run1,3.837500
ham_ldosonly_n2_L2_nogeom_s2129768291,ham,ldosonly,2,2,0,2129768291,12,GGGGGGGGGGGG,run2,3.559133
ham_ldosonly_n2_L2_nogeom_s2129768291,ham,ldosonly,2,2,0,2129768291,12,GGGGGGGGGGGG,run3,3.899369
ham_ldosonly_n2_L2_nogeom_s2129768291,ham,ldosonly,2,2,0,2129768291,12,GGGGGGGGGGGG,run4,3.871674
ham_ldosonly_n2_L2_nogeom_s2129768291,ham,ldosonly,2,2,0,2129768291,12,GTCAGGATCTGA,run1,1.852748
ham_ldosonly_n2_L2_nogeom_s2129768291,ham,ldosonly,2,2,0,2129768291,12,GTCAGGATCTGA,run2,1.566025
ham_ldosonly_n2_L2_nogeom_s2129768291,ham,ldosonly,2,2,0,2129768291,12,GTCAGGATCTGA,run3,1.893827
ham_ldosonly_n2_L2_nogeom_s2129768291,ham,ldosonly,2,2,0,2129768291,12,GTCAGGATCTGA,run4,1.791919
ham_ldosonly_n2_L2_nogeom_s2129768291,ham,ldosonly,2,2,0,2129768291,16,GGATAGGCTTAGAATT,run1,1.164710
ham_ldosonly_n2_L2_nogeom_s2129768291,ham,ldosonly,2,2,0,2129768291,16,GGATAGGCTTAGAATT,run2,1.069612
ham_ldosonly_n2_L2_nogeom_s2129768291,ham,ldosonly,2,2,0,2129768291,16,GGATAGGCTTAGAATT,run3,1.304580
ham_ldosonly_n2_L2_nogeom_s2129768291,ham,ldosonly,2,2,0,2129768291,16,GGATAGGCTTAGAATT,run4,1.256938
ham_ldosonly_n2_L2_nogeom_s2129768291,ham,ldosonly,2,2,0,2129768291,16,GGGGGGGGGGGGGGGG,run1,4.766349
ham_ldosonly_n2_L2_nogeom_s2129768291,ham,ldosonly,2,2,0,2129768291,16,GGGGGGGGGGGGGGGG,run2,4.543059
ham_ldosonly_n2_L2_nogeom_s2129768291,ham,ldosonly,2,2,0,2129768291,16,GGGGGGGGGGGGGGGG,run3,4.978613
ham_ldosonly_n2_L2_nogeom_s2129768291,ham,ldosonly,2,2,0,2129768291,16,GGGGGGGGGGGGGGGG,run4,5.017215
ham_ldosonly_n2_L2_nogeom_s2129768291,ham,ldosonly,2,2,0,2129768291,16,GTCAGGATCTGACAGT,run1,2.064184
ham_ldosonly_n2_L2_nogeom_s2129768291,ham,ldosonly,2,2,0,2129768291,16,GTCAGGATCTGACAGT,run2,1.922337
ham_ldosonly_n2_L2_nogeom_s2129768291,ham,ldosonly,2,2,0,2129768291,16,GTCAGGATCTGACAGT,run3,2.404755
ham_ldosonly_n2_L2_nogeom_s2129768291,ham,ldosonly,2,2,0,2129768291,16,GTCAGGATCTGACAGT,run4,1.958269
ham_ldosonly_n2_L2_nogeom_s2129768291,ham,ldosonly,2,2,0,2129768291,16,TCAGTGCTAAGTCATG,run1,1.613540
ham_ldosonly_n2_L2_nogeom_s2129768291,ham,ldosonly,2,2,0,2129768291,16,TCAGTGCTAAGTCATG,run2,1.503048
ham_ldosonly_n2_L2_nogeom_s2129768291,ham,ldosonly,2,2,0,2129768291,16,TCAGTGCTAAGTCATG,run3,1.817039
ham_ldosonly_n2_L2_nogeom_s2129768291,ham,ldosonly,2,2,0,2129768291,16,TCAGTGCTAAGTCATG,run4,1.718466
ham_ldosonly_n2_L2_nogeom_s3731635825,ham,ldosonly,2,2,0,3731635825,12,ACTTGACAGTCA,run1,1.025534
ham_ldosonly_n2_L2_nogeom_s3731635825,ham,ldosonly,2,2,0,3731635825,12,ACTTGACAGTCA,run2,1.074772
ham_ldosonly_n2_L2_nogeom_s3731635825,ham,ldosonly,2,2,0,3731635825,12,ACTTGACAGTCA,run3,1.066793
ham_ldosonly_n2_L2_nogeom_s3731635825,ham,ldosonly,2,2,0,3731635825,12,ACTTGACAGTCA,run4,1.205741
ham_ldosonly_n2_L2_nogeom_s3731635825,ham,ldosonly,2,2,0,3731635825,12,ATATATATATAT,run1,4.494260
ham_ldosonly_n2_L2_nogeom_s3731635825,ham,ldosonly,2,2,0,3731635825,12,ATATATATATAT,run2,4.688234
ham_ldosonly_n2_L2_nogeom_s3731635825,ham,ldosonly,2,2,0,3731635825,12,ATATATATATAT,run3,4.182678
ham_ldosonly_n2_L2_nogeom_s3731635825,ham,ldosonly,2,2,0,3731635825,12,ATATATATATAT,run4,4.379294
ham_ldosonly_n2_L2_nogeom_s3731635825,ham,ldosonly,2,2,0,3731635825,12,GGGGGGGGGGGG,run1,4.130416
ham_ldosonly_n2_L2_nogeom_s3731635825,ham,ldosonly,2,2,0,3731635825,12,GGGGGGGGGGGG,run2,3.869970
ham_ldosonly_n2_L2_nogeom_s3731635825,ham,ldosonly,2,2,0,3731635825,12,GGGGGGGGGGGG,run3,3.909445
ham_ldosonly_n2_L2_nogeom_s3731635825,ham,ldosonly,2,2,0,3731635825,12,GGGGGGGGGGGG,run4,3.957560
ham_ldosonly_n2_L2_nogeom_s3731635825,ham,ldosonly,2,2,0,3731635825,12,GTCAGGATCTGA,run1,1.733161
ham_ldosonly_n2_L2_nogeom_s3731635825,ham,ldosonly,2,2,0,3731635825,12,GTCAGGATCTGA,run2,1.511663
ham_ldosonly_n2_L2_nogeom_s3731635825,ham,ldosonly,2,2,0,3731635825,12,GTCAGGATCTGA,run3,1.728850
ham_ldosonly_n2_L2_nogeom_s3731635825,ham,ldosonly,2,2,0,3731635825,12,GTCAGGATCTGA,run4,1.605136
ham_ldosonly_n2_L2_nogeom_s3731635825,ham,ldosonly,2,2,0,3731635825,16,GGATAGGCTTAGAATT,run1,1.196102
ham_ldosonly_n2_L2_nogeom_s3731635825,ham,ldosonly,2,2,0,3731635825,16,GGATAGGCTTAGAATT,run2,1.168605
ham_ldosonly_n2_L2_nogeom_s3731635825,ham,ldosonly,2,2,0,3731635825,16,GGATAGGCTTAGAATT,run3,1.283723
ham_ldosonly_n2_L2_nogeom_s3731635825,ham,ldosonly,2,2,0,3731635825,16,GGATAGGCTTAGAATT,run4,1.273585
ham_ldosonly_n2_L2_nogeom_s3731635825,ham,ldosonly,2,2,0,3731635825,16,GGGGGGGGGGGGGGGG,run1,5.628149
ham_ldosonly_n2_L2_nogeom_s3731635825,ham,ldosonly,2,2,0,3731635825,16,GGGGGGGGGGGGGGGG,run2,5.311564
ham_ldosonly_n2_L2_nogeom_s3731635825,ham,ldosonly,2,2,0,3731635825,16,GGGGGGGGGGGGGGGG,run3,5.473040
ham_ldosonly_n2_L2_nogeom_s3731635825,ham,ldosonly,2,2,0,3731635825,16,GGGGGGGGGGGGGGGG,run4,5.607321
ham_ldosonly_n2_L2_nogeom_s3731635825,ham,ldosonly,2,2,0,3731635825,16,GTCAGGATCTGACAGT,run1,1.745547
ham_ldosonly_n2_L2_nogeom_s3731635825,ham,ldosonly,2,2,0,3731635825,16,GTCAGGATCTGACAGT,run2,1.540752
ham_ldosonly_n2_L2_nogeom_s3731635825,ham,ldosonly,2,2,0,3731635825,16,GTCAGGATCTGACAGT,run3,1.984751
ham_ldosonly_n2_L2_nogeom_s3731635825,ham,ldosonly,2,2,0,3731635825,16,GTCAGGATCTGACAGT,run4,1.690514
ham_ldosonly_n2_L2_nogeom_s3731635825,ham,ldosonly,2,2,0,3731635825,16,TCAGTGCTAAGTCATG,run1,1.056982
ham_ldosonly_n2_L2_nogeom_s3731635825,ham,ldosonly,2,2,0,3731635825,16,TCAGTGCTAAGTCATG,run2,0.983076
ham_ldosonly_n2_L2_nogeom_s3731635825,ham,ldosonly,2,2,0,3731635825,16,TCAGTGCTAAGTCATG,run3,1.378164
ham_ldosonly_n2_L2_nogeom_s3731635825,ham,ldosonly,2,2,0,3731635825,16,TCAGTGCTAAGTCATG,run4,1.258446
ham_ldosonly_n2_L4_geom_s1179027592,ham,ldosonly,2,4,1,1179027592,12,ACTTGACAGTCA,run1,1.125539
ham_ldosonly_n2_L4_geom_s1179027592,ham,ldosonly,2,4,1,1179027592,12,ACTTGACAGTCA,run2,1.280197
ham_ldosonly_n2_L4_geom_s1179027592,ham,ldosonly,2,4,1,1179027592,12,ACTTGACAGTCA,run3,1.127244
ham_ldosonly_n2_L4_geom_s1179027592,ham,ldosonly,2,4,1,1179027592,12,ACTTGACAGTCA,run4,1.100196
ham_ldosonly_n2_L4_geom_s1179027592,ham,ldosonly,2,4,1,1179027592,12,ATATATATATAT,run1,0.852518
ham_ldosonly_n2_L4_geom_s1179027592,ham,ldosonly,2,4,1,1179027592,12,ATATATATATAT,run2,0.701425
ham_ldosonly_n2_L4_geom_s1179027592,ham,ldosonly,2,4,1,1179027592,12,ATATATATATAT,run3,0.856974
ham_ldosonly_n2_L4_geom_s1179027592,ham,ldosonly,2,4,1,1179027592,12,ATATATATATAT,run4,0.637745
ham_ldosonly_n2_L4_geom_s1179027592,ham,ldosonly,2,4,1,1179027592,12,GGGGGGGGGGGG,run1,3.548539
ham_ldosonly_n2_L4_geom_s1179027592,ham,ldosonly,2,4,1,1179027592,12,GGGGGGGGGGGG,run2,3.809698
ham_ldosonly_n2_L4_geom_s1179027592,ham,ldosonly,2,4,1,1179027592,12,GGGGGGGGGGGG,run3,3.360197
ham_ldosonly_n2_L4_geom_s1179027592,ham,ldosonly,2,4,1,1179027592,12,GGGGGGGGGGGG,run4,3.287132
ham_ldosonly_n2_L4_geom_s1179027592,ham,ldosonly,2,4,1,1179027592,12,GTCAGGATCTGA,run1,1.603706
ham_ldosonly_n2_L4_geom_s1179027592,ham,ldosonly,2,4,1,1179027592,12,GTCAGGATCTGA,run2,1.319206
ham_ldosonly_n2_L4_geom_s1179027592,ham,ldosonly,2,4,1,1179027592,12,GTCAGGATCTGA,run3,1.756069
ham_ldosonly_n2_L4_geom_s1179027592,ham,ldosonly,2,4,1,1179027592,12,GTCAGGATCTGA,run4,1.528965
ham_ldosonly_n2_L4_geom_s1179027592,ham,ldosonly,2,4,1,1179027592,16,GGATAGGCTTAGAATT,run1,1.049723
ham_ldosonly_n2_L4_geom_s1179027592,ham,ldosonly,2,4,1,1179027592,16,GGATAGGCTTAGAATT,run2,1.027663
ham_ldosonly_n2_L4_geom_s1179027592,ham,ldosonly,2,4,1,1179027592,16,GGATAGGCTTAGAATT,run3,1.113475
ham_ldosonly_n2_L4_geom_s1179027592,ham,ldosonly,2,4,1,1179027592,16,GGATAGGCTTAGAATT,run4,1.143117
ham_ldosonly_n2_L4_geom_s1179027592,ham,ldosonly,2,4,1,1179027592,16,GGGGGGGGGGGGGGGG,run1,5.848776
ham_ldosonly_n2_L4_geom_s1179027592,ham,ldosonly,2,4,1,1179027592,16,GGGGGGGGGGGGGGGG,run2,5.442747
ham_ldosonly_n2_L4_geom_s1179027592,ham,ldosonly,2,4,1,1179027592,16,GGGGGGGGGGGGGGGG,run3,5.920554
ham_ldosonly_n2_L4_geom_s1179027592,ham,ldosonly,2,4,1,1179027592,16,GGGGGGGGGGGGGGGG,run4,5.429006
ham_ldosonly_n2_L4_geom_s1179027592,ham,ldosonly,2,4,1,1179027592,16,GTCAGGATCTGACAGT,run1,1.586477
ham_ldosonly_n2_L4_geom_s1179027592,ham,ldosonly,2,4,1,1179027592,16,GTCAGGATCTGACAGT,run2,1.655681
ham_ldosonly_n2_L4_geom_s1179027592,ham,ldosonly,2,4,1,1179027592,16,GTCAGGATCTGACAGT,run3,1.951329
ham_ldosonly_n2_L4_geom_s1179027592,ham,ldosonly,2,4,1,1179027592,16,GTCAGGATCTGACAGT,run4,1.831509
ham_ldosonly_n2_L4_geom_s1179027592,ham,ldosonly,2,4,1,1179027592,16,TCAGTGCTAAGTCATG,run1,1.597783
ham_ldosonly_n2_L4_geom_s1179027592,ham,ldosonly,2,4,1,1179027592,16,TCAGTGCTAAGTCATG,run2,1.345091
ham_ldosonly_n2_L4_geom_s1179027592,ham,ldosonly,2,4,1,1179027592,16,TCAGTGCTAAGTCATG,run3,1.711332
ham_ldosonly_n2_L4_geom_s1179027592,ham,ldosonly,2,4,1,1179027592,16,TCAGTGCTAAGTCATG,run4,1.606572
ham_ldosonly_n2_L4_geom_s2129768291,ham,ldosonly,2,4,1,2129768291,12,ACTTGACAGTCA,run1,0.925425
ham_ldosonly_n2_L4_geom_s2129768291,ham,ldosonly,2,4,1,2129768291,12,ACTTGACAGTCA,run2,1.106101
ham_ldosonly_n2_L4_geom_s2129768291,ham,ldosonly,2,4,1,2129768291,12,ACTTGACAGTCA,run3,1.181892
ham_ldosonly_n2_L4_geom_s2129768291,ham,ldosonly,2,4,1,2129768291,12,ACTTGACAGTCA,run4,1.168165
ham_ldosonly_n2_L4_geom_s2129768291,ham,ldosonly,2,4,1,2129768291,12,ATATATATATAT,run1,3.768174
ham_ldosonly_n2_L4_geom_s2129768291,ham,ldosonly,2,4,1,2129768291,12,ATATATATATAT,run2,3.591850
ham_ldosonly_n2_L4_geom_s2129768291,ham,ldosonly,2,4,1,2129768291,12,ATATATATATAT,run3,3.628692
ham_ldosonly_n2_L4_geom_s2129768291,ham,ldosonly,2,4,1,2129768291,12,ATATATATATAT,run4,3.454769
ham_ldosonly_n2_L4_geom_s2129768291,ham,ldosonly,2,4,1,2129768291,12,GGGGGGGGGGGG,run1,4.051016
ham_ldosonly_n2_L4_geom_s2129768291,ham,ldosonly,2,4,1,2129768291,12,GGGGGGGGGGGG,run2,3.922969
ham_ldosonly_n2_L4_geom_s2129768291,ham,ldosonly,2,4,1,2129768291,12,GGGGGGGGGGGG,run3,3.391461
ham_ldosonly_n2_L4_geom_s2129768291,ham,ldosonly,2,4,1,2129768291,12,GGGGGGGGGGGG,run4,3.538692
ham_ldosonly_n2_L4_geom_s2129768291,ham,ldosonly,2,4,1,2129768291,12,GTCAGGATCTGA,run1,1.325098
ham_ldosonly_n2_L4_geom_s2129768291,ham,ldosonly,2,4,1,2129768291,12,GTCAGGATCTGA,run2,1.340840
ham_ldosonly_n2_L4_geom_s2129768291,ham,ldosonly,2,4,1,2129768291,12,GTCAGGATCTGA,run3,1.408578
ham_ldosonly_n2_L4_geom_s2129768291,ham,ldosonly,2,4,1,2129768291,12,GTCAGGATCTGA,run4,1.635558
ham_ldosonly_n2_L4_geom_s2129768291,ham,ldosonly,2,4,1,2129768291,16,GGATAGGCTTAGAATT,run1,0.998816
ham_ldosonly_n2_L4_geom_s2129768291,ham,ldosonly,2,4,1,2129768291,16,GGATAGGCTTAGAATT,run2,0.896890
ham_ldosonly_n2_L4_geom_s2129768291,ham,ldosonly,2,4,1,2129768291,16,GGATAGGCTTAGAATT,run3,1.112252
ham_ldosonly_n2_L4_geom_s2129768291,ham,ldosonly,2,4,1,2129768291,16,GGATAGGCTTAGAATT,run4,1.089751
ham_ldosonly_n2_L4_geom_s2129768291,ham,ldosonly,2,4,1,2129768291,16,GGGGGGGGGGGGGGGG,run1,5.112640
ham_ldosonly_n2_L4_geom_s2129768291,ham,ldosonly,2,4,1,2129768291,16,GGGGGGGGGGGGGGGG,run2,4.977835
ham_ldosonly_n2_L4_geom_s2129768291,ham,ldosonly,2,4,1,2129768291,16,GGGGGGGGGGGGGGGG,run3,4.655964
ham_ldosonly_n2_L4_geom_s2129768291,ham,ldosonly,2,4,1,2129768291,16,GGGGGGGGGGGGGGGG,run4,4.562990
ham_ldosonly_n2_L4_geom_s2129768291,ham,ldosonly,2,4,1,2129768291,16,GTCAGGATCTGACAGT,run1,1.462475
ham_ldosonly_n2_L4_geom_s2129768291,ham,ldosonly,2,4,1,2129768291,16,GTCAGGATCTGACAGT,run2,1.414163
ham_ldosonly_n2_L4_geom_s2129768291,ham,ldosonly,2,4,1,2129768291,16,GTCAGGATCTGACAGT,run3,1.803121
ham_ldosonly_n2_L4_geom_s2129768291,ham,ldosonly,2,4,1,2129768291,16,GTCAGGATCTGACAGT,run4,1.646961
ham_ldosonly_n2_L4_geom_s2129768291,ham,ldosonly,2,4,1,2129768291,16,TCAGTGCTAAGTCATG,run1,1.129773
ham_ldosonly_n2_L4_geom_s2129768291,ham,ldosonly,2,4,1,2129768291,16,TCAGTGCTAAGTCATG,run2,0.918618
ham_ldosonly_n2_L4_geom_s2129768291,ham,ldosonly,2,4,1,2129768291,16,TCAGTGCTAAGTCATG,run3,1.270561
ham_ldosonly_n2_L4_geom_s2129768291,ham,ldosonly,2,4,1,2129768291,16,TCAGTGCTAAGTCATG,run4,1.086953
ham_ldosonly_n2_L4_geom_s3731635825,ham,ldosonly,2,4,1,3731635825,12,ACTTGACAGTCA,run1,1.253318
ham_ldosonly_n2_L4_geom_s3731635825,ham,ldosonly,2,4,1,3731635825,12,ACTTGACAGTCA,run2,1.052461
ham_ldosonly_n2_L4_geom_s3731635825,ham,ldosonly,2,4,1,3731635825,12,ACTTGACAGTCA,run3,1.678999
ham_ldosonly_n2_L4_geom_s3731635825,ham,ldosonly,2,4,1,3731635825,12,ACTTGACAGTCA,run4,1.519031
ham_ldosonly_n2_L4_geom_s3731635825,ham,ldosonly,2,4,1,3731635825,12,ATATATATATAT,run1,1.772218
ham_ldosonly_n2_L4_geom_s3731635825,ham,ldosonly,2,4,1,3731635825,12,ATATATATATAT,run2,1.790127
ham_ldosonly_n2_L4_geom_s3731635825,ham,ldosonly,2,4,1,3731635825,12,ATATATATATAT,run3,1.568792
ham_ldosonly_n2_L4_geom_s3731635825,ham,ldosonly,2,4,1,3731635825,12,ATATATATATAT,run4,1.756363
ham_ldosonly_n2_L4_geom_s3731635825,ham,ldosonly,2,4,1,3731635825,12,GGGGGGGGGGGG,run1,3.653957
ham_ldosonly_n2_L4_geom_s3731635825,ham,ldosonly,2,4,1,3731635825,12,GGGGGGGGGGGG,run2,3.071884
ham_ldosonly_n2_L4_geom_s3731635825,ham,ldosonly,2,4,1,3731635825,12,GGGGGGGGGGGG,run3,3.323308
ham_ldosonly_n2_L4_geom_s3731635825,ham,ldosonly,2,4,1,3731635825,12,GGGGGGGGGGGG,run4,3.045621
ham_ldosonly_n2_L4_geom_s3731635825,ham,ldosonly,2,4,1,3731635825,12,GTCAGGATCTGA,run1,1.895250
ham_ldosonly_n2_L4_geom_s3731635825,ham,ldosonly,2,4,1,3731635825,12,GTCAGGATCTGA,run2,1.899797
ham_ldosonly_n2_L4_geom_s3731635825,ham,ldosonly,2,4,1,3731635825,12,GTCAGGATCTGA,run3,2.116352
ham_ldosonly_n2_L4_geom_s3731635825,ham,ldosonly,2,4,1,3731635825,12,GTCAGGATCTGA,run4,1.980791
ham_ldosonly_n2_L4_geom_s3731635825,ham,ldosonly,2,4,1,3731635825,16,GGATAGGCTTAGAATT,run1,1.128487
ham_ldosonly_n2_L4_geom_s3731635825,ham,ldosonly,2,4,1,3731635825,16,GGATAGGCTTAGAATT,run2,0.938405
ham_ldosonly_n2_L4_geom_s3731635825,ham,ldosonly,2,4,1,3731635825,16,GGATAGGCTTAGAATT,run3,1.033961
ham_ldosonly_n2_L4_geom_s3731635825,ham,ldosonly,2,4,1,3731635825,16,GGATAGGCTTAGAATT,run4,0.891763
ham_ldosonly_n2_L4_geom_s3731635825,ham,ldosonly,2,4,1,3731635825,16,GGGGGGGGGGGGGGGG,run1,4.852573
ham_ldosonly_n2_L4_geom_s3731635825,ham,ldosonly,2,4,1,3731635825,16,GGGGGGGGGGGGGGGG,run2,4.379885
ham_ldosonly_n2_L4_geom_s3731635825,ham,ldosonly,2,4,1,3731635825,16,GGGGGGGGGGGGGGGG,run3,4.690702
ham_ldosonly_n2_L4_geom_s3731635825,ham,ldosonly,2,4,1,3731635825,16,GGGGGGGGGGGGGGGG,run4,4.516360
ham_ldosonly_n2_L4_geom_s3731635825,ham,ldosonly,2,4,1,3731635825,16,GTCAGGATCTGACAGT,run1,1.697295
ham_ldosonly_n2_L4_geom_s3731635825,ham,ldosonly,2,4,1,3731635825,16,GTCAGGATCTGACAGT,run2,1.911138
ham_ldosonly_n2_L4_geom_s3731635825,ham,ldosonly,2,4,1,3731635825,16,GTCAGGATCTGACAGT,run3,2.010371
ham_ldosonly_n2_L4_geom_s3731635825,ham,ldosonly,2,4,1,3731635825,16,GTCAGGATCTGACAGT,run4,1.967807
ham_ldosonly_n2_L4_geom_s3731635825,ham,ldosonly,2,4,1,3731635825,16,TCAGTGCTAAGTCATG,run1,1.244033
ham_ldosonly_n2_L4_geom_s3731635825,ham,ldosonly,2,4,1,3731635825,16,TCAGTGCTAAGTCATG,run2,1.150446
ham_ldosonly_n2_L4_geom_s3731635825,ham,ldosonly,2,4,1,3731635825,16,TCAGTGCTAAGTCATG,run3,1.370426
ham_ldosonly_n2_L4_geom_s3731635825,ham,ldosonly,2,4,1,3731635825,16,TCAGTGCTAAGTCATG,run4,1.273445
ham_ldosonly_n2_L4_nogeom_s1179027592,ham,ldosonly,2,4,0,1179027592,12,ACTTGACAGTCA,run1,1.286205
ham_ldosonly_n2_L4_nogeom_s1179027592,ham,ldosonly,2,4,0,1179027592,12,ACTTGACAGTCA,run2,1.013460
ham_ldosonly_n2_L4_nogeom_s1179027592,ham,ldosonly,2,4,0,1179027592,12,ACTTGACAGTCA,run3,1.397727
ham_ldosonly_n2_L4_nogeom_s1179027592,ham,ldosonly,2,4,0,1179027592,12,ACTTGACAGTCA,run4,1.095674
ham_ldosonly_n2_L4_nogeom_s1179027592,ham,ldosonly,2,4,0,1179027592,12,ATATATATATAT,run1,3.913460
ham_ldosonly_n2_L4_nogeom_s1179027592,ham,ldosonly,2,4,0,1179027592,12,ATATATATATAT,run2,3.412981
ham_ldosonly_n2_L4_nogeom_s1179027592,ham,ldosonly,2,4,0,1179027592,12,ATATATATATAT,run3,3.793880
ham_ldosonly_n2_L4_nogeom_s1179027592,ham,ldosonly,2,4,0,1179027592,12,ATATATATATAT,run4,3.403179
ham_ldosonly_n2_L4_nogeom_s1179027592,ham,ldosonly,2,4,0,1179027592,12,GGGGGGGGGGGG,run1,3.524336
ham_ldosonly_n2_L4_nogeom_s1179027592,ham,ldosonly,2,4,0,1179027592,12,GGGGGGGGGGGG,run2,4.168711
ham_ldosonly_n2_L4_nogeom_s1179027592,ham,ldosonly,2,4,0,1179027592,12,GGGGGGGGGGGG,run3,3.484291
ham_ldosonly_n2_L4_nogeom_s1179027592,ham,ldosonly,2,4,0,1179027592,12,GGGGGGGGGGGG,run4,3.844887
ham_ldosonly_n2_L4_nogeom_s1179027592,ham,ldosonly,2,4,0,1179027592,12,GTCAGGATCTGA,run1,1.812636
ham_ldosonly_n2_L4_nogeom_s1179027592,ham,ldosonly,2,4,0,1179027592,12,GTCAGGATCTGA,run2,1.783953
ham_ldosonly_n2_L4_nogeom_s1179027592,ham,ldosonly,2,4,0,1179027592,12,GTCAGGATCTGA,run3,1.716736
ham_ldosonly_n2_L4_nogeom_s1179027592,ham,ldosonly,2,4,0,1179027592,12,GTCAGGATCTGA,run4,1.912413
ham_ldosonly_n2_L4_nogeom_s1179027592,ham,ldosonly,2,4,0,1179027592,16,GGATAGGCTTAGAATT,run1,0.892438
ham_ldosonly_n2_L4_nogeom_s1179027592,ham,ldosonly,2,4,0,1179027592,16,GGATAGGCTTAGAATT,run2,1.001104
ham_ldosonly_n2_L4_nogeom_s1179027592,ham,ldosonly,2,4,0,1179027592,16,GGATAGGCTTAGAATT,run3,0.966945
ham_ldosonly_n2_L4_nogeom_s1179027592,ham,ldosonly,2,4,0,1179027592,16,GGATAGGCTTAGAATT,run4,1.127165
ham_ldosonly_n2_L4_nogeom_s1179027592,ham,ldosonly,2,4,0,1179027592,16,GGGGGGGGGGGGGGGG,run1,4.275129
ham_ldosonly_n2_L4_nogeom_s1179027592,ham,ldosonly,2,4,0,1179027592,16,GGGGGGGGGGGGGGGG,run2,4.495089
ham_ldosonly_n2_L4_nogeom_s1179027592,ham,ldosonly,2,4,0,1179027592,16,GGGGGGGGGGGGGGGG,run3,4.536166
ham_ldosonly_n2_L4_nogeom_s1179027592,ham,ldosonly,2,4,0,1179027592,16,GGGGGGGGGGGGGGGG,run4,4.225297
ham_ldosonly_n2_L4_nogeom_s1179027592,ham,ldosonly,2,4,0,1179027592,16,GTCAGGATCTGACAGT,run1,1.457471
ham_ldosonly_n2_L4_nogeom_s1179027592,ham,ldosonly,2,4,0,1179027592,16,GTCAGGATCTGACAGT,run2,1.503659
ham_ldosonly_n2_L4_nogeom_s1179027592,ham,ldosonly,2,4,0,1179027592,16,GTCAGGATCTGACAGT,run3,1.730773
ham_ldosonly_n2_L4_nogeom_s1179027592,ham,ldosonly,2,4,0,1179027592,16,GTCAGGATCTGACAGT,run4,1.561543
ham_ldosonly_n2_L4_nogeom_s1179027592,ham,ldosonly,2,4,0,1179027592,16,TCAGTGCTAAGTCATG,run1,1.198457
ham_ldosonly_n2_L4_nogeom_s1179027592,ham,ldosonly,2,4,0,1179027592,16,TCAGTGCTAAGTCATG,run2,0.913587
ham_ldosonly_n2_L4_nogeom_s1179027592,ham,ldosonly,2,4,0,1179027592,16,TCAGTGCTAAGTCATG,run3,1.310805
ham_ldosonly_n2_L4_nogeom_s1179027592,ham,ldosonly,2,4,0,1179027592,16,TCAGTGCTAAGTCATG,run4,1.086815
ham_ldosonly_n2_L4_nogeom_s2129768291,ham,ldosonly,2,4,0,2129768291,12,ACTTGACAGTCA,run1,0.916461
ham_ldosonly_n2_L4_nogeom_s2129768291,ham,ldosonly,2,4,0,2129768291,12,ACTTGACAGTCA,run2,1.119524
ham_ldosonly_n2_L4_nogeom_s2129768291,ham,ldosonly,2,4,0,2129768291,12,ACTTGACAGTCA,run3,1.066819
ham_ldosonly_n2_L4_nogeom_s2129768291,ham,ldosonly,2,4,0,2129768291,12,ACTTGACAGTCA,run4,1.291971
ham_ldosonly_n2_L4_nogeom_s2129768291,ham,ldosonly,2,4,0,2129768291,12,ATATATATATAT,run1,0.791403
ham_ldosonly_n2_L4_nogeom_s2129768291,ham,ldosonly,2,4,0,2129768291,12,ATATATATATAT,run2,0.665694
ham_ldosonly_n2_L4_nogeom_s2129768291,ham,ldosonly,2,4,0,2129768291,12,ATATATATATAT,run3,0.776073
ham_ldosonly_n2_L4_nogeom_s2129768291,ham,ldosonly,2,4,0,2129768291,12,ATATATATATAT,run4,0.765408
ham_ldosonly_n2_L4_nogeom_s2129768291,ham,ldosonly,2,4,0,2129768291,12,GGGGGGGGGGGG,run1,3.008841
ham_ldosonly_n2_L4_nogeom_s2129768291,ham,ldosonly,2,4,0,2129768291,12,GGGGGGGGGGGG,run2,3.308594
ham_ldosonly_n2_L4_nogeom_s2129768291,ham,ldosonly,2,4,0,2129768291,12,GGGGGGGGGGGG,run3,2.530829
ham_ldosonly_n2_L4_nogeom_s2129768291,ham,ldosonly,2,4,0,2129768291,12,GGGGGGGGGGGG,run4,2.961711
ham_ldosonly_n2_L4_nogeom_s2129768291,ham,ldosonly,2,4,0,2129768291,12,GTCAGGATCTGA,run1,1.236249
ham_ldosonly_n2_L4_nogeom_s2129768291,ham,ldosonly,2,4,0,2129768291,12,GTCAGGATCTGA,run2,1.165319
ham_ldosonly_n2_L4_nogeom_s2129768291,ham,ldosonly,2,4,0,2129768291,12,GTCAGGATCTGA,run3,1.398065
ham_ldosonly_n2_L4_nogeom_s2129768291,ham,ldosonly,2,4,0,2129768291,12,GTCAGGATCTGA,run4,1.418897
ham_ldosonly_n2_L4_nogeom_s2129768291,ham,ldosonly,2,4,0,2129768291,16,GGATAGGCTTAGAATT,run1,1.361499
ham_ldosonly_n2_L4_nogeom_s2129768291,ham,ldosonly,2,4,0,2129768291,16,GGATAGGCTTAGAATT,run2,1.140402
ham_ldosonly_n2_L4_nogeom_s2129768291,ham,ldosonly,2,4,0,2129768291,16,GGATAGGCTTAGAATT,run3,1.475592
ham_ldosonly_n2_L4_nogeom_s2129768291,ham,ldosonly,2,4,0,2129768291,16,GGATAGGCTTAGAATT,run4,1.223870
ham_ldosonly_n2_L4_nogeom_s2129768291,ham,ldosonly,2,4,0,2129768291,16,GGGGGGGGGGGGGGGG,run1,4.260961
ham_ldosonly_n2_L4_nogeom_s2129768291,ham,ldosonly,2,4,0,2129768291,16,GGGGGGGGGGGGGGGG,run2,4.362388
ham_ldosonly_n2_L4_nogeom_s2129768291,ham,ldosonly,2,4,0,2129768291,16,GGGGGGGGGGGGGGGG,run3,3.921127
ham_ldosonly_n2_L4_nogeom_s2129768291,ham,ldosonly,2,4,0,2129768291,16,GGGGGGGGGGGGGGGG,run4,4.284433
ham_ldosonly_n2_L4_nogeom_s2129768291,ham,ldosonly,2,4,0,2129768291,16,GTCAGGATCTGACAGT,run1,1.487951
ham_ldosonly_n2_L4_nogeom_s2129768291,ham,ldosonly,2,4,0,2129768291,16,GTCAGGATCTGACAGT,run2,1.394438
ham_ldosonly_n2_L4_nogeom_s2129768291,ham,ldosonly,2,4,0,2129768291,16,GTCAGGATCTGACAGT,run3,1.820809
ham_ldosonly_n2_L4_nogeom_s2129768291,ham,ldosonly,2,4,0,2129768291,16,GTCAGGATCTGACAGT,run4,1.598608
ham_ldosonly_n2_L4_nogeom_s2129768291,ham,ldosonly,2,4,0,2129768291,16,TCAGTGCTAAGTCATG,run1,1.070452
ham_ldosonly_n2_L4_nogeom_s2129768291,ham,ldosonly,2,4,0,2129768291,16,TCAGTGCTAAGTCATG,run2,1.004647
ham_ldosonly_n2_L4_nogeom_s2129768291,ham,ldosonly,2,4,0,2129768291,16,TCAGTGCTAAGTCATG,run3,1.238764
ham_ldosonly_n2_L4_nogeom_s2129768291,ham,ldosonly,2,4,0,2129768291,16,TCAGTGCTAAGTCATG,run4,1.120934
ham_ldosonly_n2_L4_nogeom_s3731635825,ham,ldosonly,2,4,0,3731635825,12,ACTTGACAGTCA,run1,1.102157
ham_ldosonly_n2_L4_nogeom_s3731635825,ham,ldosonly,2,4,0,3731635825,12,ACTTGACAGTCA,run2,1.205474
ham_ldosonly_n2_L4_nogeom_s3731635825,ham,ldosonly,2,4,0,3731635825,12,ACTTGACAGTCA,run3,1.264576
ham_ldosonly_n2_L4_nogeom_s3731635825,ham,ldosonly,2,4,0,3731635825,12,ACTTGACAGTCA,run4,1.136600
ham_ldosonly_n2_L4_nogeom_s3731635825,ham,ldosonly,2,4,0,3731635825,12,ATATATATATAT,run1,0.962973
ham_ldosonly_n2_L4_nogeom_s3731635825,ham,ldosonly,2,4,0,3731635825,12,ATATATATATAT,run2,0.732879
ham_ldosonly_n2_L4_nogeom_s3731635825,ham,ldosonly,2,4,0,3731635825,12,ATATATATATAT,run3,1.074098
ham_ldosonly_n2_L4_nogeom_s3731635825,ham,ldosonly,2,4,0,3731635825,12,ATATATATATAT,run4,0.712865
ham_ldosonly_n2_L4_nogeom_s3731635825,ham,ldosonly,2,4,0,3731635825,12,GGGGGGGGGGGG,run1,1.371954
ham_ldosonly_n2_L4_nogeom_s3731635825,ham,ldosonly,2,4,0,3731635825,12,GGGGGGGGGGGG,run2,1.422978
ham_ldosonly_n2_L4_nogeom_s3731635825,ham,ldosonly,2,4,0,3731635825,12,GGGGGGGGGGGG,run3,1.096125
ham_ldosonly_n2_L4_nogeom_s3731635825,ham,ldosonly,2,4,0,3731635825,12,GGGGGGGGGGGG,run4,1.512071
ham_ldosonly_n2_L4_nogeom_s3731635825,ham,ldosonly,2,4,0,3731635825,12,GTCAGGATCTGA,run1,1.685252
ham_ldosonly_n2_L4_nogeom_s3731635825,ham,ldosonly,2,4,0,3731635825,12,GTCAGGATCTGA,run2,1.406091
ham_ldosonly_n2_L4_nogeom_s3731635825,ham,ldosonly,2,4,0,3731635825,12,GTCAGGATCTGA,run3,1.597721
ham_ldosonly_n2_L4_nogeom_s3731635825,ham,ldosonly,2,4,0,3731635825,12,GTCAGGATCTGA,run4,1.640206
ham_ldosonly_n2_L4_nogeom_s3731635825,ham,ldosonly,2,4,0,3731635825,16,GGATAGGCTTAGAATT,run1,1.175541
ham_ldosonly_n2_L4_nogeom_s3731635825,ham,ldosonly,2,4,0,3731635825,16,GGATAGGCTTAGAATT,run2,0.853907
ham_ldosonly_n2_L4_nogeom_s3731635825,ham,ldosonly,2,4,0,3731635825,16,GGATAGGCTTAGAATT,run3,1.207628
ham_ldosonly_n2_L4_nogeom_s3731635825,ham,ldosonly,2,4,0,3731635825,16,GGATAGGCTTAGAATT,run4,1.150991
ham_ldosonly_n2_L4_nogeom_s3731635825,ham,ldosonly,2,4,0,3731635825,16,GGGGGGGGGGGGGGGG,run1,2.013936
ham_ldosonly_n2_L4_nogeom_s3731635825,ham,ldosonly,2,4,0,3731635825,16,GGGGGGGGGGGGGGGG,run2,2.043403
ham_ldosonly_n2_L4_nogeom_s3731635825,ham,ldosonly,2,4,0,3731635825,16,GGGGGGGGGGGGGGGG,run3,1.844401
ham_ldosonly_n2_L4_nogeom_s3731635825,ham,ldosonly,2,4,0,3731635825,16,GGGGGGGGGGGGGGGG,run4,2.366036
ham_ldosonly_n2_L4_nogeom_s3731635825,ham,ldosonly,2,4,0,3731635825,16,GTCAGGATCTGACAGT,run1,1.426810
ham_ldosonly_n2_L4_nogeom_s3731635825,ham,ldosonly,2,4,0,3731635825,16,GTCAGGATCTGACAGT,run2,1.282424
ham_ldosonly_n2_L4_nogeom_s3731635825,ham,ldosonly,2,4,0,3731635825,16,GTCAGGATCTGACAGT,run3,1.715641
ham_ldosonly_n2_L4_nogeom_s3731635825,ham,ldosonly,2,4,0,3731635825,16,GTCAGGATCTGACAGT,run4,1.534569
ham_ldosonly_n2_L4_nogeom_s3731635825,ham,ldosonly,2,4,0,3731635825,16,TCAGTGCTAAGTCATG,run1,1.221975
ham_ldosonly_n2_L4_nogeom_s3731635825,ham,ldosonly,2,4,0,3731635825,16,TCAGTGCTAAGTCATG,run2,1.017227
ham_ldosonly_n2_L4_nogeom_s3731635825,ham,ldosonly,2,4,0,3731635825,16,TCAGTGCTAAGTCATG,run3,1.402869
ham_ldosonly_n2_L4_nogeom_s3731635825,ham,ldosonly,2,4,0,3731635825,16,TCAGTGCTAAGTCATG,run4,1.272538
ham_tonly_n1_L2_geom_s1179027592,ham,tonly,1,2,1,1179027592,12,ACTTGACAGTCA,run1,1.121701
ham_tonly_n1_L2_geom_s1179027592,ham,tonly,1,2,1,1179027592,12,ACTTGACAGTCA,run2,1.283673
ham_tonly_n1_L2_geom_s1179027592,ham,tonly,1,2,1,1179027592,12,ACTTGACAGTCA,run3,1.204112
ham_tonly_n1_L2_geom_s1179027592,ham,tonly,1,2,1,1179027592,12,ACTTGACAGTCA,run4,1.439400
ham_tonly_n1_L2_geom_s1179027592,ham,tonly,1,2,1,1179027592,12,ATATATATATAT,run1,3.427120
ham_tonly_n1_L2_geom_s1179027592,ham,tonly,1,2,1,1179027592,12,ATATATATATAT,run2,2.910660
ham_tonly_n1_L2_geom_s1179027592,ham,tonly,1,2,1,1179027592,12,ATATATATATAT,run3,3.465278
ham_tonly_n1_L2_geom_s1179027592,ham,tonly,1,2,1,1179027592,12,ATATATATATAT,run4,2.952357
ham_tonly_n1_L2_geom_s1179027592,ham,tonly,1,2,1,1179027592,12,GGGGGGGGGGGG,run1,4.433436
ham_tonly_n1_L2_geom_s1179027592,ham,tonly,1,2,1,1179027592,12,GGGGGGGGGGGG,run2,4.030642
ham_tonly_n1_L2_geom_s1179027592,ham,tonly,1,2,1,1179027592,12,GGGGGGGGGGGG,run3,4.578343
ham_tonly_n1_L2_geom_s1179027592,ham,tonly,1,2,1,1179027592,12,GGGGGGGGGGGG,run4,4.383686
ham_tonly_n1_L2_geom_s1179027592,ham,tonly,1,2,1,1179027592,12,GTCAGGATCTGA,run1,1.826604
ham_tonly_n1_L2_geom_s1179027592,ham,tonly,1,2,1,1179027592,12,GTCAGGATCTGA,run2,1.584888
ham_tonly_n1_L2_geom_s1179027592,ham,tonly,1,2,1,1179027592,12,GTCAGGATCTGA,run3,1.785874
ham_tonly_n1_L2_geom_s1179027592,ham,tonly,1,2,1,1179027592,12,GTCAGGATCTGA,run4,1.654250
ham_tonly_n1_L2_geom_s1179027592,ham,tonly,1,2,1,1179027592,16,GGATAGGCTTAGAATT,run1,1.034942
ham_tonly_n1_L2_geom_s1179027592,ham,tonly,1,2,1,1179027592,16,GGATAGGCTTAGAATT,run2,0.897774
ham_tonly_n1_L2_geom_s1179027592,ham,tonly,1,2,1,1179027592,16,GGATAGGCTTAGAATT,run3,1.186978
ham_tonly_n1_L2_geom_s1179027592,ham,tonly,1,2,1,1179027592,16,GGATAGGCTTAGAATT,run4,1.060361
ham_tonly_n1_L2_geom_s1179027592,ham,tonly,1,2,1,1179027592,16,GGGGGGGGGGGGGGGG,run1,6.031496
ham_tonly_n1_L2_geom_s1179027592,ham,tonly,1,2,1,1179027592,16,GGGGGGGGGGGGGGGG,run2,5.558816
ham_tonly_n1_L2_geom_s1179027592,ham,tonly,1,2,1,1179027592,16,GGGGGGGGGGGGGGGG,run3,6.292668
ham_tonly_n1_L2_geom_s1179027592,ham,tonly,1,2,1,1179027592,16,GGGGGGGGGGGGGGGG,run4,6.188009
ham_tonly_n1_L2_geom_s1179027592,ham,tonly,1,2,1,1179027592,16,GTCAGGATCTGACAGT,run1,1.507564
ham_tonly_n1_L2_geom_s1179027592,ham,tonly,1,2,1,1179027592,16,GTCAGGATCTGACAGT,run2,1.517431
ham_tonly_n1_L2_geom_s1179027592,ham,tonly,1,2,1,1179027592,16,GTCAGGATCTGACAGT,run3,1.925013
ham_tonly_n1_L2_geom_s1179027592,ham,tonly,1,2,1,1179027592,16,GTCAGGATCTGACAGT,run4,1.639174
ham_tonly_n1_L2_geom_s1179027592,ham,tonly,1,2,1,1179027592,16,TCAGTGCTAAGTCATG,run1,1.140907
ham_tonly_n1_L2_geom_s1179027592,ham,tonly,1,2,1,1179027592,16,TCAGTGCTAAGTCATG,run2,1.071319
ham_tonly_n1_L2_geom_s1179027592,ham,tonly,1,2,1,1179027592,16,TCAGTGCTAAGTCATG,run3,1.384539
ham_tonly_n1_L2_geom_s1179027592,ham,tonly,1,2,1,1179027592,16,TCAGTGCTAAGTCATG,run4,1.298694
ham_tonly_n1_L2_geom_s2129768291,ham,tonly,1,2,1,2129768291,12,ACTTGACAGTCA,run1,0.907858
ham_tonly_n1_L2_geom_s2129768291,ham,tonly,1,2,1,2129768291,12,ACTTGACAGTCA,run2,1.181091
ham_tonly_n1_L2_geom_s2129768291,ham,tonly,1,2,1,2129768291,12,ACTTGACAGTCA,run3,1.016064
ham_tonly_n1_L2_geom_s2129768291,ham,tonly,1,2,1,2129768291,12,ACTTGACAGTCA,run4,1.273222
ham_tonly_n1_L2_geom_s2129768291,ham,tonly,1,2,1,2129768291,12,ATATATATATAT,run1,4.457241
ham_tonly_n1_L2_geom_s2129768291,ham,tonly,1,2,1,2129768291,12,ATATATATATAT,run2,4.676340
ham_tonly_n1_L2_geom_s2129768291,ham,tonly,1,2,1,2129768291,12,ATATATATATAT,run3,4.213830
ham_tonly_n1_L2_geom_s2129768291,ham,tonly,1,2,1,2129768291,12,ATATATATATAT,run4,4.446978
ham_tonly_n1_L2_geom_s2129768291,ham,tonly,1,2,1,2129768291,12,GGGGGGGGGGGG,run1,4.444687
ham_tonly_n1_L2_geom_s2129768291,ham,tonly,1,2,1,2129768291,12,GGGGGGGGGGGG,run2,4.263183
ham_tonly_n1_L2_geom_s2129768291,ham,tonly,1,2,1,2129768291,12,GGGGGGGGGGGG,run3,4.237669
ham_tonly_n1_L2_geom_s2129768291,ham,tonly,1,2,1,2129768291,12,GGGGGGGGGGGG,run4,4.265653
ham_tonly_n1_L2_geom_s2129768291,ham,tonly,1,2,1,2129768291,12,GTCAGGATCTGA,run1,1.887885
ham_tonly_n1_L2_geom_s2129768291,ham,tonly,1,2,1,2129768291,12,GTCAGGATCTGA,run2,1.659393
ham_tonly_n1_L2_geom_s2129768291,ham,tonly,1,2,1,2129768291,12,GTCAGGATCTGA,run3,1.785394
ham_tonly_n1_L2_geom_s2129768291,ham,tonly,1,2,1,2129768291,12,GTCAGGATCTGA,run4,1.699090
ham_tonly_n1_L2_geom_s2129768291,ham,tonly,1,2,1,2129768291,16,GGATAGGCTTAGAATT,run1,0.963174
ham_tonly_n1_L2_geom_s2129768291,ham,tonly,1,2,1,2129768291,16,GGATAGGCTTAGAATT,run2,0.938777
ham_tonly_n1_L2_geom_s2129768291,ham,tonly,1,2,1,2129768291,16,GGATAGGCTTAGAATT,run3,1.161209
ham_tonly_n1_L2_geom_s2129768291,ham,tonly,1,2,1,2129768291,16,GGATAGGCTTAGAATT,run4,1.148071
ham_tonly_n1_L2_geom_s2129768291,ham,tonly,1,2,1,2129768291,16,GGGGGGGGGGGGGGGG,run1,5.060972
ham_tonly_n1_L2_geom_s2129768291,ham,tonly,1,2,1,2129768291,16,GGGGGGGGGGGGGGGG,run2,4.561890
ham_tonly_n1_L2_geom_s2129768291,ham,tonly,1,2,1,2129768291,16,GGGGGGGGGGGGGGGG,run3,5.117995
ham_tonly_n1_L2_geom_s2129768291,ham,tonly,1,2,1,2129768291,16,GGGGGGGGGGGGGGGG,run4,4.574412
ham_tonly_n1_L2_geom_s2129768291,ham,tonly,1,2,1,2129768291,16,GTCAGGATCTGACAGT,run1,1.568117
ham_tonly_n1_L2_geom_s2129768291,ham,tonly,1,2,1,2129768291,16,GTCAGGATCTGACAGT,run2,1.408989
ham_tonly_n1_L2_geom_s2129768291,ham,tonly,1,2,1,2129768291,16,GTCAGGATCTGACAGT,run3,1.738261
ham_tonly_n1_L2_geom_s2129768291,ham,tonly,1,2,1,2129768291,16,GTCAGGATCTGACAGT,run4,1.489013
ham_tonly_n1_L2_geom_s2129768291,ham,tonly,1,2,1,2129768291,16,TCAGTGCTAAGTCATG,run1,0.879451
ham_tonly_n1_L2_geom_s2129768291,ham,tonly,1,2,1,2129768291,16,TCAGTGCTAAGTCATG,run2,0.898807
ham_tonly_n1_L2_geom_s2129768291,ham,tonly,1,2,1,2129768291,16,TCAGTGCTAAGTCATG,run3,1.154013
ham_tonly_n1_L2_geom_s2129768291,ham,tonly,1,2,1,2129768291,16,TCAGTGCTAAGTCATG,run4,1.076626
ham_tonly_n1_L2_geom_s3731635825,ham,tonly,1,2,1,3731635825,12,ACTTGACAGTCA,run1,1.375766
ham_tonly_n1_L2_geom_s3731635825,ham,tonly,1,2,1,3731635825,12,ACTTGACAGTCA,run2,1.468563
ham_tonly_n1_L2_geom_s3731635825,ham,tonly,1,2,1,3731635825,12,ACTTGACAGTCA,run3,1.448645
ham_tonly_n1_L2_geom_s3731635825,ham,tonly,1,2,1,3731635825,12,ACTTGACAGTCA,run4,1.530976
ham_tonly_n1_L2_geom_s3731635825,ham,tonly,1,2,1,3731635825,12,ATATATATATAT,run1,2.484674
ham_tonly_n1_L2_geom_s3731635825,ham,tonly,1,2,1,3731635825,12,ATATATATATAT,run2,2.084525
ham_tonly_n1_L2_geom_s3731635825,ham,tonly,1,2,1,3731635825,12,ATATATATATAT,run3,2.231035
ham_tonly_n1_L2_geom_s3731635825,ham,tonly,1,2,1,3731635825,12,ATATATATATAT,run4,1.924236
ham_tonly_n1_L2_geom_s3731635825,ham,tonly,1,2,1,3731635825,12,GGGGGGGGGGGG,run1,4.273860
ham_tonly_n1_L2_geom_s3731635825,ham,tonly,1,2,1,3731635825,12,GGGGGGGGGGGG,run2,4.453125
ham_tonly_n1_L2_geom_s3731635825,ham,tonly,1,2,1,3731635825,12,GGGGGGGGGGGG,run3,4.026253
ham_tonly_n1_L2_geom_s3731635825,ham,tonly,1,2,1,3731635825,12,GGGGGGGGGGGG,run4,4.389473
ham_tonly_n1_L2_geom_s3731635825,ham,tonly,1,2,1,3731635825,12,GTCAGGATCTGA,run1,1.726888
ham_tonly_n1_L2_geom_s3731635825,ham,tonly,1,2,1,3731635825,12,GTCAGGATCTGA,run2,1.617700
ham_tonly_n1_L2_geom_s3731635825,ham,tonly,1,2,1,3731635825,12,GTCAGGATCTGA,run3,1.731703
ham_tonly_n1_L2_geom_s3731635825,ham,tonly,1,2,1,3731635825,12,GTCAGGATCTGA,run4,1.762188
ham_tonly_n1_L2_geom_s3731635825,ham,tonly,1,2,1,3731635825,16,GGATAGGCTTAGAATT,run1,0.884056
ham_tonly_n1_L2_geom_s3731635825,ham,tonly,1,2,1,3731635825,16,GGATAGGCTTAGAATT,run2,0.916716
ham_tonly_n1_L2_geom_s3731635825,ham,tonly,1,2,1,3731635825,16,GGATAGGCTTAGAATT,run3,0.952937
ham_tonly_n1_L2_geom_s3731635825,ham,tonly,1,2,1,3731635825,16,GGATAGGCTTAGAATT,run4,0.958793
ham_tonly_n1_L2_geom_s3731635825,ham,tonly,1,2,1,3731635825,16,GGGGGGGGGGGGGGGG,run1,5.651555
ham_tonly_n1_L2_geom_s3731635825,ham,tonly,1,2,1,3731635825,16,GGGGGGGGGGGGGGGG,run2,5.694305
ham_tonly_n1_L2_geom_s3731635825,ham,tonly,1,2,1,3731635825,16,GGGGGGGGGGGGGGGG,run3,5.502266
ham_tonly_n1_L2_geom_s3731635825,ham,tonly,1,2,1,3731635825,16,GGGGGGGGGGGGGGGG,run4,5.875622
ham_tonly_n1_L2_geom_s3731635825,ham,tonly,1,2,1,3731635825,16,GTCAGGATCTGACAGT,run1,1.669451
ham_tonly_n1_L2_geom_s3731635825,ham,tonly,1,2,1,3731635825,16,GTCAGGATCTGACAGT,run2,1.620130
ham_tonly_n1_L2_geom_s3731635825,ham,tonly,1,2,1,3731635825,16,GTCAGGATCTGACAGT,run3,1.862857
ham_tonly_n1_L2_geom_s3731635825,ham,tonly,1,2,1,3731635825,16,GTCAGGATCTGACAGT,run4,1.678826
ham_tonly_n1_L2_geom_s3731635825,ham,tonly,1,2,1,3731635825,16,TCAGTGCTAAGTCATG,run1,1.040315
ham_tonly_n1_L2_geom_s3731635825,ham,tonly,1,2,1,3731635825,16,TCAGTGCTAAGTCATG,run2,0.796086
ham_tonly_n1_L2_geom_s3731635825,ham,tonly,1,2,1,3731635825,16,TCAGTGCTAAGTCATG,run3,1.143180
ham_tonly_n1_L2_geom_s3731635825,ham,tonly,1,2,1,3731635825,16,TCAGTGCTAAGTCATG,run4,0.959001
ham_tonly_n1_L2_nogeom_s1179027592,ham,tonly,1,2,0,1179027592,12,ACTTGACAGTCA,run1,0.982212
ham_tonly_n1_L2_nogeom_s1179027592,ham,tonly,1,2,0,1179027592,12,ACTTGACAGTCA,run2,1.169083
ham_tonly_n1_L2_nogeom_s1179027592,ham,tonly,1,2,0,1179027592,12,ACTTGACAGTCA,run3,0.966357
ham_tonly_n1_L2_nogeom_s1179027592,ham,tonly,1,2,0,1179027592,12,ACTTGACAGTCA,run4,1.167158
ham_tonly_n1_L2_nogeom_s1179027592,ham,tonly,1,2,0,1179027592,12,ATATATATATAT,run1,5.355449
ham_tonly_n1_L2_nogeom_s1179027592,ham,tonly,1,2,0,1179027592,12,ATATATATATAT,run2,4.826332
ham_tonly_n1_L2_nogeom_s1179027592,ham,tonly,1,2,0,1179027592,12,ATATATATATAT,run3,5.317547
ham_tonly_n1_L2_nogeom_s1179027592,ham,tonly,1,2,0,1179027592,12,ATATATATATAT,run4,4.587980
ham_tonly_n1_L2_nogeom_s1179027592,ham,tonly,1,2,0,1179027592,12,GGGGGGGGGGGG,run1,5.540823
ham_tonly_n1_L2_nogeom_s1179027592,ham,tonly,1,2,0,1179027592,12,GGGGGGGGGGGG,run2,5.097283
ham_tonly_n1_L2_nogeom_s1179027592,ham,tonly,1,2,0,1179027592,12,GGGGGGGGGGGG,run3,5.215435
ham_tonly_n1_L2_nogeom_s1179027592,ham,tonly,1,2,0,1179027592,12,GGGGGGGGGGGG,run4,4.996737
ham_tonly_n1_L2_nogeom_s1179027592,ham,tonly,1,2,0,1179027592,12,GTCAGGATCTGA,run1,2.090827
ham_tonly_n1_L2_nogeom_s1179027592,ham,tonly,1,2,0,1179027592,12,GTCAGGATCTGA,run2,1.750689
ham_tonly_n1_L2_nogeom_s1179027592,ham,tonly,1,2,0,1179027592,12,GTCAGGATCTGA,run3,1.957058
ham_tonly_n1_L2_nogeom_s1179027592,ham,tonly,1,2,0,1179027592,12,GTCAGGATCTGA,run4,1.739573
ham_tonly_n1_L2_nogeom_s1179027592,ham,tonly,1,2,0,1179027592,16,GGATAGGCTTAGAATT,run1,0.961935
ham_tonly_n1_L2_nogeom_s1179027592,ham,tonly,1,2,0,1179027592,16,GGATAGGCTTAGAATT,run2,0.887380
ham_tonly_n1_L2_nogeom_s1179027592,ham,tonly,1,2,0,1179027592,16,GGATAGGCTTAGAATT,run3,1.060676
ham_tonly_n1_L2_nogeom_s1179027592,ham,tonly,1,2,0,1179027592,16,GGATAGGCTTAGAATT,run4,0.965187
ham_tonly_n1_L2_nogeom_s1179027592,ham,tonly,1,2,0,1179027592,16,GGGGGGGGGGGGGGGG,run1,6.812103
ham_tonly_n1_L2_nogeom_s1179027592,ham,tonly,1,2,0,1179027592,16,GGGGGGGGGGGGGGGG,run2,6.131133
ham_tonly_n1_L2_nogeom_s1179027592,ham,tonly,1,2,0,1179027592,16,GGGGGGGGGGGGGGGG,run3,6.603749
ham_tonly_n1_L2_nogeom_s1179027592,ham,tonly,1,2,0,1179027592,16,GGGGGGGGGGGGGGGG,run4,6.287037
ham_tonly_n1_L2_nogeom_s1179027592,ham,tonly,1,2,0,1179027592,16,GTCAGGATCTGACAGT,run1,2.105227
ham_tonly_n1_L2_nogeom_s1179027592,ham,tonly,1,2,0,1179027592,16,GTCAGGATCTGACAGT,run2,1.920040
ham_tonly_n1_L2_nogeom_s1179027592,ham,tonly,1,2,0,1179027592,16,GTCAGGATCTGACAGT,run3,2.337089
ham_tonly_n1_L2_nogeom_s1179027592,ham,tonly,1,2,0,1179027592,16,GTCAGGATCTGACAGT,run4,1.953836
ham_tonly_n1_L2_nogeom_s1179027592,ham,tonly,1,2,0,1179027592,16,TCAGTGCTAAGTCATG,run1,0.993593
ham_tonly_n1_L2_nogeom_s1179027592,ham,tonly,1,2,0,1179027592,16,TCAGTGCTAAGTCATG,run2,0.795055
ham_tonly_n1_L2_nogeom_s1179027592,ham,tonly,1,2,0,1179027592,16,TCAGTGCTAAGTCATG,run3,1.109018
ham_tonly_n1_L2_nogeom_s1179027592,ham,tonly,1,2,0,1179027592,16,TCAGTGCTAAGTCATG,run4,0.909477
ham_tonly_n1_L2_nogeom_s2129768291,ham,tonly,1,2,0,2129768291,12,ACTTGACAGTCA,run1,1.155788
ham_tonly_n1_L2_nogeom_s2129768291,ham,tonly,1,2,0,2129768291,12,ACTTGACAGTCA,run2,1.393752
ham_tonly_n1_L2_nogeom_s2129768291,ham,tonly,1,2,0,2129768291,12,ACTTGACAGTCA,run3,1.219581
ham_tonly_n1_L2_nogeom_s2129768291,ham,tonly,1,2,0,2129768291,12,ACTTGACAGTCA,run4,1.522975
ham_tonly_n1_L2_nogeom_s2129768291,ham,tonly,1,2,0,2129768291,12,ATATATATATAT,run1,5.134186
ham_tonly_n1_L2_nogeom_s2129768291,ham,tonly,1,2,0,2129768291,12,ATATATATATAT,run2,4.857188
ham_tonly_n1_L2_nogeom_s2129768291,ham,tonly,1,2,0,2129768291,12,ATATATATATAT,run3,4.751473
ham_tonly_n1_L2_nogeom_s2129768291,ham,tonly,1,2,0,2129768291,12,ATATATATATAT,run4,4.427289
ham_tonly_n1_L2_nogeom_s2129768291,ham,tonly,1,2,0,2129768291,12,GGGGGGGGGGGG,run1,5.613120
ham_tonly_n1_L2_nogeom_s2129768291,ham,tonly,1,2,0,2129768291,12,GGGGGGGGGGGG,run2,5.068030
ham_tonly_n1_L2_nogeom_s2129768291,ham,tonly,1,2,0,2129768291,12,GGGGGGGGGGGG,run3,5.297003
ham_tonly_n1_L2_nogeom_s2129768291,ham,tonly,1,2,0,2129768291,12,GGGGGGGGGGGG,run4,4.964840
ham_tonly_n1_L2_nogeom_s2129768291,ham,tonly,1,2,0,2129768291,12,GTCAGGATCTGA,run1,1.937741
ham_tonly_n1_L2_nogeom_s2129768291,ham,tonly,1,2,0,2129768291,12,GTCAGGATCTGA,run2,1.634407
ham_tonly_n1_L2_nogeom_s2129768291,ham,tonly,1,2,0,2129768291,12,GTCAGGATCTGA,run3,1.916285
ham_tonly_n1_L2_nogeom_s2129768291,ham,tonly,1,2,0,2129768291,12,GTCAGGATCTGA,run4,1.815663
ham_tonly_n1_L2_nogeom_s2129768291,ham,tonly,1,2,0,2129768291,16,GGATAGGCTTAGAATT,run1,0.933327
ham_tonly_n1_L2_nogeom_s2129768291,ham,tonly,1,2,0,2129768291,16,GGATAGGCTTAGAATT,run2,0.866117
ham_tonly_n1_L2_nogeom_s2129768291,ham,tonly,1,2,0,2129768291,16,GGATAGGCTTAGAATT,run3,1.010728
ham_tonly_n1_L2_nogeom_s2129768291,ham,tonly,1,2,0,2129768291,16,GGATAGGCTTAGAATT,run4,0.943139
ham_tonly_n1_L2_nogeom_s2129768291,ham,tonly,1,2,0,2129768291,16,GGGGGGGGGGGGGGGG,run1,7.027784
ham_tonly_n1_L2_nogeom_s2129768291,ham,tonly,1,2,0,2129768291,16,GGGGGGGGGGGGGGGG,run2,6.159448
ham_tonly_n1_L2_nogeom_s2129768291,ham,tonly,1,2,0,2129768291,16,GGGGGGGGGGGGGGGG,run3,6.947095
ham_tonly_n1_L2_nogeom_s2129768291,ham,tonly,1,2,0,2129768291,16,GGGGGGGGGGGGGGGG,run4,6.358891
ham_tonly_n1_L2_nogeom_s2129768291,ham,tonly,1,2,0,2129768291,16,GTCAGGATCTGACAGT,run1,1.842457
ham_tonly_n1_L2_nogeom_s2129768291,ham,tonly,1,2,0,2129768291,16,GTCAGGATCTGACAGT,run2,1.497693
ham_tonly_n1_L2_nogeom_s2129768291,ham,tonly,1,2,0,2129768291,16,GTCAGGATCTGACAGT,run3,2.192329
ham_tonly_n1_L2_nogeom_s2129768291,ham,tonly,1,2,0,2129768291,16,GTCAGGATCTGACAGT,run4,1.688280
ham_tonly_n1_L2_nogeom_s2129768291,ham,tonly,1,2,0,2129768291,16,TCAGTGCTAAGTCATG,run1,1.280762
ham_tonly_n1_L2_nogeom_s2129768291,ham,tonly,1,2,0,2129768291,16,TCAGTGCTAAGTCATG,run2,1.117880
ham_tonly_n1_L2_nogeom_s2129768291,ham,tonly,1,2,0,2129768291,16,TCAGTGCTAAGTCATG,run3,1.495930
ham_tonly_n1_L2_nogeom_s2129768291,ham,tonly,1,2,0,2129768291,16,TCAGTGCTAAGTCATG,run4,1.410264
ham_tonly_n1_L2_nogeom_s3731635825,ham,tonly,1,2,0,3731635825,12,ACTTGACAGTCA,run1,1.392239
ham_tonly_n1_L2_nogeom_s3731635825,ham,tonly,1,2,0,3731635825,12,ACTTGACAGTCA,run2,1.683451
ham_tonly_n1_L2_nogeom_s3731635825,ham,tonly,1,2,0,3731635825,12,ACTTGACAGTCA,run3,1.349408
ham_tonly_n1_L2_nogeom_s3731635825,ham,tonly,1,2,0,3731635825,12,ACTTGACAGTCA,run4,1.657802
ham_tonly_n1_L2_nogeom_s3731635825,ham,tonly,1,2,0,3731635825,12,ATATATATATAT,run1,1.393615
ham_tonly_n1_L2_nogeom_s3731635825,ham,tonly,1,2,0,3731635825,12,ATATATATATAT,run2,1.377133
ham_tonly_n1_L2_nogeom_s3731635825,ham,tonly,1,2,0,3731635825,12,ATATATATATAT,run3,1.158514
ham_tonly_n1_L2_nogeom_s3731635825,ham,tonly,1,2,0,3731635825,12,ATATATATATAT,run4,1.127281
ham_tonly_n1_L2_nogeom_s3731635825,ham,tonly,1,2,0,3731635825,12,GGGGGGGGGGGG,run1,5.447763
ham_tonly_n1_L2_nogeom_s3731635825,ham,tonly,1,2,0,3731635825,12,GGGGGGGGGGGG,run2,5.032899
ham_tonly_n1_L2_nogeom_s3731635825,ham,tonly,1,2,0,3731635825,12,GGGGGGGGGGGG,run3,5.108337
ham_tonly_n1_L2_nogeom_s3731635825,ham,tonly,1,2,0,3731635825,12,GGGGGGGGGGGG,run4,4.918697
ham_tonly_n1_L2_nogeom_s3731635825,ham,tonly,1,2,0,3731635825,12,GTCAGGATCTGA,run1,1.857653
ham_tonly_n1_L2_nogeom_s3731635825,ham,tonly,1,2,0,3731635825,12,GTCAGGATCTGA,run2,1.612061
ham_tonly_n1_L2_nogeom_s3731635825,ham,tonly,1,2,0,3731635825,12,GTCAGGATCTGA,run3,1.897576
ham_tonly_n1_L2_nogeom_s3731635825,ham,tonly,1,2,0,3731635825,12,GTCAGGATCTGA,run4,1.737016
ham_tonly_n1_L2_nogeom_s3731635825,ham,tonly,1,2,0,3731635825,16,GGATAGGCTTAGAATT,run1,0.976703
ham_tonly_n1_L2_nogeom_s3731635825,ham,tonly,1,2,0,3731635825,16,GGATAGGCTTAGAATT,run2,0.865432
ham_tonly_n1_L2_nogeom_s3731635825,ham,tonly,1,2,0,3731635825,16,GGATAGGCTTAGAATT,run3,1.069041
ham_tonly_n1_L2_nogeom_s3731635825,ham,tonly,1,2,0,3731635825,16,GGATAGGCTTAGAATT,run4,0.972071
ham_tonly_n1_L2_nogeom_s3731635825,ham,tonly,1,2,0,3731635825,16,GGGGGGGGGGGGGGGG,run1,6.657450
ham_tonly_n1_L2_nogeom_s3731635825,ham,tonly,1,2,0,3731635825,16,GGGGGGGGGGGGGGGG,run2,6.051899
ham_tonly_n1_L2_nogeom_s3731635825,ham,tonly,1,2,0,3731635825,16,GGGGGGGGGGGGGGGG,run3,6.365050
ham_tonly_n1_L2_nogeom_s3731635825,ham,tonly,1,2,0,3731635825,16,GGGGGGGGGGGGGGGG,run4,6.152278
ham_tonly_n1_L2_nogeom_s3731635825,ham,tonly,1,2,0,3731635825,16,GTCAGGATCTGACAGT,run1,1.790104
ham_tonly_n1_L2_nogeom_s3731635825,ham,tonly,1,2,0,3731635825,16,GTCAGGATCTGACAGT,run2,1.626954
ham_tonly_n1_L2_nogeom_s3731635825,ham,tonly,1,2,0,3731635825,16,GTCAGGATCTGACAGT,run3,2.061354
ham_tonly_n1_L2_nogeom_s3731635825,ham,tonly,1,2,0,3731635825,16,GTCAGGATCTGACAGT,run4,1.731977
ham_tonly_n1_L2_nogeom_s3731635825,ham,tonly,1,2,0,3731635825,16,TCAGTGCTAAGTCATG,run1,1.076714
ham_tonly_n1_L2_nogeom_s3731635825,ham,tonly,1,2,0,3731635825,16,TCAGTGCTAAGTCATG,run2,0.965916
ham_tonly_n1_L2_nogeom_s3731635825,ham,tonly,1,2,0,3731635825,16,TCAGTGCTAAGTCATG,run3,1.245359
ham_tonly_n1_L2_nogeom_s3731635825,ham,tonly,1,2,0,3731635825,16,TCAGTGCTAAGTCATG,run4,1.125638
ham_tonly_n1_L4_geom_s1179027592,ham,tonly,1,4,1,1179027592,12,ACTTGACAGTCA,run1,1.125622
ham_tonly_n1_L4_geom_s1179027592,ham,tonly,1,4,1,1179027592,12,ACTTGACAGTCA,run2,1.139820
ham_tonly_n1_L4_geom_s1179027592,ham,tonly,1,4,1,1179027592,12,ACTTGACAGTCA,run3,1.296271
ham_tonly_n1_L4_geom_s1179027592,ham,tonly,1,4,1,1179027592,12,ACTTGACAGTCA,run4,1.293713
ham_tonly_n1_L4_geom_s1179027592,ham,tonly,1,4,1,1179027592,12,ATATATATATAT,run1,1.202119
ham_tonly_n1_L4_geom_s1179027592,ham,tonly,1,4,1,1179027592,12,ATATATATATAT,run2,1.430743
ham_tonly_n1_L4_geom_s1179027592,ham,tonly,1,4,1,1179027592,12,ATATATATATAT,run3,1.347541
ham_tonly_n1_L4_geom_s1179027592,ham,tonly,1,4,1,1179027592,12,ATATATATATAT,run4,1.639116
ham_tonly_n1_L4_geom_s1179027592,ham,tonly,1,4,1,1179027592,12,GGGGGGGGGGGG,run1,3.106629
ham_tonly_n1_L4_geom_s1179027592,ham,tonly,1,4,1,1179027592,12,GGGGGGGGGGGG,run2,3.940555
ham_tonly_n1_L4_geom_s1179027592,ham,tonly,1,4,1,1179027592,12,GGGGGGGGGGGG,run3,2.891550
ham_tonly_n1_L4_geom_s1179027592,ham,tonly,1,4,1,1179027592,12,GGGGGGGGGGGG,run4,3.884912
ham_tonly_n1_L4_geom_s1179027592,ham,tonly,1,4,1,1179027592,12,GTCAGGATCTGA,run1,1.652625
ham_tonly_n1_L4_geom_s1179027592,ham,tonly,1,4,1,1179027592,12,GTCAGGATCTGA,run2,1.413552
ham_tonly_n1_L4_geom_s1179027592,ham,tonly,1,4,1,1179027592,12,GTCAGGATCTGA,run3,1.575909
ham_tonly_n1_L4_geom_s1179027592,ham,tonly,1,4,1,1179027592,12,GTCAGGATCTGA,run4,1.398513
ham_tonly_n1_L4_geom_s1179027592,ham,tonly,1,4,1,1179027592,16,GGATAGGCTTAGAATT,run1,1.358521
ham_tonly_n1_L4_geom_s1179027592,ham,tonly,1,4,1,1179027592,16,GGATAGGCTTAGAATT,run2,1.348024
ham_tonly_n1_L4_geom_s1179027592,ham,tonly,1,4,1,1179027592,16,GGATAGGCTTAGAATT,run3,1.400957
ham_tonly_n1_L4_geom_s1179027592,ham,tonly,1,4,1,1179027592,16,GGATAGGCTTAGAATT,run4,1.385331
ham_tonly_n1_L4_geom_s1179027592,ham,tonly,1,4,1,1179027592,16,GGGGGGGGGGGGGGGG,run1,4.415274
ham_tonly_n1_L4_geom_s1179027592,ham,tonly,1,4,1,1179027592,16,GGGGGGGGGGGGGGGG,run2,5.101346
ham_tonly_n1_L4_geom_s1179027592,ham,tonly,1,4,1,1179027592,16,GGGGGGGGGGGGGGGG,run3,4.364442
ham_tonly_n1_L4_geom_s1179027592,ham,tonly,1,4,1,1179027592,16,GGGGGGGGGGGGGGGG,run4,5.244425
ham_tonly_n1_L4_geom_s1179027592,ham,tonly,1,4,1,1179027592,16,GTCAGGATCTGACAGT,run1,1.864657
ham_tonly_n1_L4_geom_s1179027592,ham,tonly,1,4,1,1179027592,16,GTCAGGATCTGACAGT,run2,1.624483
ham_tonly_n1_L4_geom_s1179027592,ham,tonly,1,4,1,1179027592,16,GTCAGGATCTGACAGT,run3,2.044385
ham_tonly_n1_L4_geom_s1179027592,ham,tonly,1,4,1,1179027592,16,GTCAGGATCTGACAGT,run4,1.631664
ham_tonly_n1_L4_geom_s1179027592,ham,tonly,1,4,1,1179027592,16,TCAGTGCTAAGTCATG,run1,1.051420
ham_tonly_n1_L4_geom_s1179027592,ham,tonly,1,4,1,1179027592,16,TCAGTGCTAAGTCATG,run2,0.865048
ham_tonly_n1_L4_geom_s1179027592,ham,tonly,1,4,1,1179027592,16,TCAGTGCTAAGTCATG,run3,1.233622
ham_tonly_n1_L4_geom_s1179027592,ham,tonly,1,4,1,1179027592,16,TCAGTGCTAAGTCATG,run4,1.043583
ham_tonly_n1_L4_geom_s2129768291,ham,tonly,1,4,1,2129768291,12,ACTTGACAGTCA,run1,1.115917
ham_tonly_n1_L4_geom_s2129768291,ham,tonly,1,4,1,2129768291,12,ACTTGACAGTCA,run2,1.331763
ham_tonly_n1_L4_geom_s2129768291,ham,tonly,1,4,1,2129768291,12,ACTTGACAGTCA,run3,1.227359
ham_tonly_n1_L4_geom_s2129768291,ham,tonly,1,4,1,2129768291,12,ACTTGACAGTCA,run4,1.462701
ham_tonly_n1_L4_geom_s2129768291,ham,tonly,1,4,1,2129768291,12,ATATATATATAT,run1,4.793723
ham_tonly_n1_L4_geom_s2129768291,ham,tonly,1,4,1,2129768291,12,ATATATATATAT,run2,4.449222
ham_tonly_n1_L4_geom_s2129768291,ham,tonly,1,4,1,2129768291,12,ATATATATATAT,run3,4.645208
ham_tonly_n1_L4_geom_s2129768291,ham,tonly,1,4,1,2129768291,12,ATATATATATAT,run4,4.536282
ham_tonly_n1_L4_geom_s2129768291,ham,tonly,1,4,1,2129768291,12,GGGGGGGGGGGG,run1,5.488786
ham_tonly_n1_L4_geom_s2129768291,ham,tonly,1,4,1,2129768291,12,GGGGGGGGGGGG,run2,5.017770
ham_tonly_n1_L4_geom_s2129768291,ham,tonly,1,4,1,2129768291,12,GGGGGGGGGGGG,run3,5.149034
ham_tonly_n1_L4_geom_s2129768291,ham,tonly,1,4,1,2129768291,12,GGGGGGGGGGGG,run4,4.898651
ham_tonly_n1_L4_geom_s2129768291,ham,tonly,1,4,1,2129768291,12,GTCAGGATCTGA,run1,1.877866
ham_tonly_n1_L4_geom_s2129768291,ham,tonly,1,4,1,2129768291,12,GTCAGGATCTGA,run2,1.657245
ham_tonly_n1_L4_geom_s2129768291,ham,tonly,1,4,1,2129768291,12,GTCAGGATCTGA,run3,1.949212
ham_tonly_n1_L4_geom_s2129768291,ham,tonly,1,4,1,2129768291,12,GTCAGGATCTGA,run4,1.755953
ham_tonly_n1_L4_geom_s2129768291,ham,tonly,1,4,1,2129768291,16,GGATAGGCTTAGAATT,run1,1.266779
ham_tonly_n1_L4_geom_s2129768291,ham,tonly,1,4,1,2129768291,16,GGATAGGCTTAGAATT,run2,1.076899
ham_tonly_n1_L4_geom_s2129768291,ham,tonly,1,4,1,2129768291,16,GGATAGGCTTAGAATT,run3,1.224793
ham_tonly_n1_L4_geom_s2129768291,ham,tonly,1,4,1,2129768291,16,GGATAGGCTTAGAATT,run4,1.143906
ham_tonly_n1_L4_geom_s2129768291,ham,tonly,1,4,1,2129768291,16,GGGGGGGGGGGGGGGG,run1,6.944715
ham_tonly_n1_L4_geom_s2129768291,ham,tonly,1,4,1,2129768291,16,GGGGGGGGGGGGGGGG,run2,6.286222
ham_tonly_n1_L4_geom_s2129768291,ham,tonly,1,4,1,2129768291,16,GGGGGGGGGGGGGGGG,run3,6.797011
ham_tonly_n1_L4_geom_s2129768291,ham,tonly,1,4,1,2129768291,16,GGGGGGGGGGGGGGGG,run4,6.528193
ham_tonly_n1_L4_geom_s2129768291,ham,tonly,1,4,1,2129768291,16,GTCAGGATCTGACAGT,run1,1.814314
ham_tonly_n1_L4_geom_s2129768291,ham,tonly,1,4,1,2129768291,16,GTCAGGATCTGACAGT,run2,1.593732
ham_tonly_n1_L4_geom_s2129768291,ham,tonly,1,4,1,2129768291,16,GTCAGGATCTGACAGT,run3,2.129090
ham_tonly_n1_L4_geom_s2129768291,ham,tonly,1,4,1,2129768291,16,GTCAGGATCTGACAGT,run4,1.700879
ham_tonly_n1_L4_geom_s2129768291,ham,tonly,1,4,1,2129768291,16,TCAGTGCTAAGTCATG,run1,1.401482
ham_tonly_n1_L4_geom_s2129768291,ham,tonly,1,4,1,2129768291,16,TCAGTGCTAAGTCATG,run2,1.324274
ham_tonly_n1_L4_geom_s2129768291,ham,tonly,1,4,1,2129768291,16,TCAGTGCTAAGTCATG,run3,1.554651
ham_tonly_n1_L4_geom_s2129768291,ham,tonly,1,4,1,2129768291,16,TCAGTGCTAAGTCATG,run4,1.468062
ham_tonly_n1_L4_geom_s3731635825,ham,tonly,1,4,1,3731635825,12,ACTTGACAGTCA,run1,1.084890
ham_tonly_n1_L4_geom_s3731635825,ham,tonly,1,4,1,3731635825,12,ACTTGACAGTCA,run2,1.161787
ham_tonly_n1_L4_geom_s3731635825,ham,tonly,1,4,1,3731635825,12,ACTTGACAGTCA,run3,1.151376
ham_tonly_n1_L4_geom_s3731635825,ham,tonly,1,4,1,3731635825,12,ACTTGACAGTCA,run4,1.348357
ham_tonly_n1_L4_geom_s3731635825,ham,tonly,1,4,1,3731635825,12,ATATATATATAT,run1,4.077930
ham_tonly_n1_L4_geom_s3731635825,ham,tonly,1,4,1,3731635825,12,ATATATATATAT,run2,4.356053
ham_tonly_n1_L4_geom_s3731635825,ham,tonly,1,4,1,3731635825,12,ATATATATATAT,run3,3.716022
ham_tonly_n1_L4_geom_s3731635825,ham,tonly,1,4,1,3731635825,12,ATATATATATAT,run4,4.073711
ham_tonly_n1_L4_geom_s3731635825,ham,tonly,1,4,1,3731635825,12,GGGGGGGGGGGG,run1,3.556033
ham_tonly_n1_L4_geom_s3731635825,ham,tonly,1,4,1,3731635825,12,GGGGGGGGGGGG,run2,4.091483
ham_tonly_n1_L4_geom_s3731635825,ham,tonly,1,4,1,3731635825,12,GGGGGGGGGGGG,run3,3.362274
ham_tonly_n1_L4_geom_s3731635825,ham,tonly,1,4,1,3731635825,12,GGGGGGGGGGGG,run4,4.040759
ham_tonly_n1_L4_geom_s3731635825,ham,tonly,1,4,1,3731635825,12,GTCAGGATCTGA,run1,1.791965
ham_tonly_n1_L4_geom_s3731635825,ham,tonly,1,4,1,3731635825,12,GTCAGGATCTGA,run2,1.500433
ham_tonly_n1_L4_geom_s3731635825,ham,tonly,1,4,1,3731635825,12,GTCAGGATCTGA,run3,1.691550
ham_tonly_n1_L4_geom_s3731635825,ham,tonly,1,4,1,3731635825,12,GTCAGGATCTGA,run4,1.585062
ham_tonly_n1_L4_geom_s3731635825,ham,tonly,1,4,1,3731635825,16,GGATAGGCTTAGAATT,run1,1.008417
ham_tonly_n1_L4_geom_s3731635825,ham,tonly,1,4,1,3731635825,16,GGATAGGCTTAGAATT,run2,0.877562
ham_tonly_n1_L4_geom_s3731635825,ham,tonly,1,4,1,3731635825,16,GGATAGGCTTAGAATT,run3,1.058879
ham_tonly_n1_L4_geom_s3731635825,ham,tonly,1,4,1,3731635825,16,GGATAGGCTTAGAATT,run4,0.991498
ham_tonly_n1_L4_geom_s3731635825,ham,tonly,1,4,1,3731635825,16,GGGGGGGGGGGGGGGG,run1,5.319990
ham_tonly_n1_L4_geom_s3731635825,ham,tonly,1,4,1,3731635825,16,GGGGGGGGGGGGGGGG,run2,5.576966
ham_tonly_n1_L4_geom_s3731635825,ham,tonly,1,4,1,3731635825,16,GGGGGGGGGGGGGGGG,run3,5.269440
ham_tonly_n1_L4_geom_s3731635825,ham,tonly,1,4,1,3731635825,16,GGGGGGGGGGGGGGGG,run4,5.830472
ham_tonly_n1_L4_geom_s3731635825,ham,tonly,1,4,1,3731635825,16,GTCAGGATCTGACAGT,run1,1.785935
ham_tonly_n1_L4_geom_s3731635825,ham,tonly,1,4,1,3731635825,16,GTCAGGATCTGACAGT,run2,1.625790
ham_tonly_n1_L4_geom_s3731635825,ham,tonly,1,4,1,3731635825,16,GTCAGGATCTGACAGT,run3,1.899440
ham_tonly_n1_L4_geom_s3731635825,ham,tonly,1,4,1,3731635825,16,GTCAGGATCTGACAGT,run4,1.652150
ham_tonly_n1_L4_geom_s3731635825,ham,tonly,1,4,1,3731635825,16,TCAGTGCTAAGTCATG,run1,1.275601
ham_tonly_n1_L4_geom_s3731635825,ham,tonly,1,4,1,3731635825,16,TCAGTGCTAAGTCATG,run2,1.130558
ham_tonly_n1_L4_geom_s3731635825,ham,tonly,1,4,1,3731635825,16,TCAGTGCTAAGTCATG,run3,1.293878
ham_tonly_n1_L4_geom_s3731635825,ham,tonly,1,4,1,3731635825,16,TCAGTGCTAAGTCATG,run4,1.298407
ham_tonly_n1_L4_nogeom_s1179027592,ham,tonly,1,4,0,1179027592,12,ACTTGACAGTCA,run1,1.186111
ham_tonly_n1_L4_nogeom_s1179027592,ham,tonly,1,4,0,1179027592,12,ACTTGACAGTCA,run2,1.182932
ham_tonly_n1_L4_nogeom_s1179027592,ham,tonly,1,4,0,1179027592,12,ACTTGACAGTCA,run3,1.219227
ham_tonly_n1_L4_nogeom_s1179027592,ham,tonly,1,4,0,1179027592,12,ACTTGACAGTCA,run4,1.357891
ham_tonly_n1_L4_nogeom_s1179027592,ham,tonly,1,4,0,1179027592,12,ATATATATATAT,run1,4.669719
ham_tonly_n1_L4_nogeom_s1179027592,ham,tonly,1,4,0,1179027592,12,ATATATATATAT,run2,3.933517
ham_tonly_n1_L4_nogeom_s1179027592,ham,tonly,1,4,0,1179027592,12,ATATATATATAT,run3,5.038368
ham_tonly_n1_L4_nogeom_s1179027592,ham,tonly,1,4,0,1179027592,12,ATATATATATAT,run4,4.080440
ham_tonly_n1_L4_nogeom_s1179027592,ham,tonly,1,4,0,1179027592,12,GGGGGGGGGGGG,run1,4.259180
ham_tonly_n1_L4_nogeom_s1179027592,ham,tonly,1,4,0,1179027592,12,GGGGGGGGGGGG,run2,4.499905
ham_tonly_n1_L4_nogeom_s1179027592,ham,tonly,1,4,0,1179027592,12,GGGGGGGGGGGG,run3,4.009751
ham_tonly_n1_L4_nogeom_s1179027592,ham,tonly,1,4,0,1179027592,12,GGGGGGGGGGGG,run4,4.421304
ham_tonly_n1_L4_nogeom_s1179027592,ham,tonly,1,4,0,1179027592,12,GTCAGGATCTGA,run1,1.508741
ham_tonly_n1_L4_nogeom_s1179027592,ham,tonly,1,4,0,1179027592,12,GTCAGGATCTGA,run2,1.503184
ham_tonly_n1_L4_nogeom_s1179027592,ham,tonly,1,4,0,1179027592,12,GTCAGGATCTGA,run3,1.592429
ham_tonly_n1_L4_nogeom_s1179027592,ham,tonly,1,4,0,1179027592,12,GTCAGGATCTGA,run4,1.587759
ham_tonly_n1_L4_nogeom_s1179027592,ham,tonly,1,4,0,1179027592,16,GGATAGGCTTAGAATT,run1,1.018396
ham_tonly_n1_L4_nogeom_s1179027592,ham,tonly,1,4,0,1179027592,16,GGATAGGCTTAGAATT,run2,0.870937
ham_tonly_n1_L4_nogeom_s1179027592,ham,tonly,1,4,0,1179027592,16,GGATAGGCTTAGAATT,run3,0.993484
ham_tonly_n1_L4_nogeom_s1179027592,ham,tonly,1,4,0,1179027592,16,GGATAGGCTTAGAATT,run4,0.955418
ham_tonly_n1_L4_nogeom_s1179027592,ham,tonly,1,4,0,1179027592,16,GGGGGGGGGGGGGGGG,run1,5.382970
ham_tonly_n1_L4_nogeom_s1179027592,ham,tonly,1,4,0,1179027592,16,GGGGGGGGGGGGGGGG,run2,5.548448
ham_tonly_n1_L4_nogeom_s1179027592,ham,tonly,1,4,0,1179027592,16,GGGGGGGGGGGGGGGG,run3,5.223664
ham_tonly_n1_L4_nogeom_s1179027592,ham,tonly,1,4,0,1179027592,16,GGGGGGGGGGGGGGGG,run4,5.669469
ham_tonly_n1_L4_nogeom_s1179027592,ham,tonly,1,4,0,1179027592,16,GTCAGGATCTGACAGT,run1,1.727749
ham_tonly_n1_L4_nogeom_s1179027592,ham,tonly,1,4,0,1179027592,16,GTCAGGATCTGACAGT,run2,1.596186
ham_tonly_n1_L4_nogeom_s1179027592,ham,tonly,1,4,0,1179027592,16,GTCAGGATCTGACAGT,run3,1.957639
ham_tonly_n1_L4_nogeom_s1179027592,ham,tonly,1,4,0,1179027592,16,GTCAGGATCTGACAGT,run4,1.680213
ham_tonly_n1_L4_nogeom_s1179027592,ham,tonly,1,4,0,1179027592,16,TCAGTGCTAAGTCATG,run1,1.038134
ham_tonly_n1_L4_nogeom_s1179027592,ham,tonly,1,4,0,1179027592,16,TCAGTGCTAAGTCATG,run2,0.826719
ham_tonly_n1_L4_nogeom_s1179027592,ham,tonly,1,4,0,1179027592,16,TCAGTGCTAAGTCATG,run3,1.245770
ham_tonly_n1_L4_nogeom_s1179027592,ham,tonly,1,4,0,1179027592,16,TCAGTGCTAAGTCATG,run4,1.013508
ham_tonly_n1_L4_nogeom_s2129768291,ham,tonly,1,4,0,2129768291,12,ACTTGACAGTCA,run1,1.323971
ham_tonly_n1_L4_nogeom_s2129768291,ham,tonly,1,4,0,2129768291,12,ACTTGACAGTCA,run2,1.047365
ham_tonly_n1_L4_nogeom_s2129768291,ham,tonly,1,4,0,2129768291,12,ACTTGACAGTCA,run3,1.368104
ham_tonly_n1_L4_nogeom_s2129768291,ham,tonly,1,4,0,2129768291,12,ACTTGACAGTCA,run4,1.185599
ham_tonly_n1_L4_nogeom_s2129768291,ham,tonly,1,4,0,2129768291,12,ATATATATATAT,run1,3.966037
ham_tonly_n1_L4_nogeom_s2129768291,ham,tonly,1,4,0,2129768291,12,ATATATATATAT,run2,4.227560
ham_tonly_n1_L4_nogeom_s2129768291,ham,tonly,1,4,0,2129768291,12,ATATATATATAT,run3,3.691441
ham_tonly_n1_L4_nogeom_s2129768291,ham,tonly,1,4,0,2129768291,12,ATATATATATAT,run4,3.892960
ham_tonly_n1_L4_nogeom_s2129768291,ham,tonly,1,4,0,2129768291,12,GGGGGGGGGGGG,run1,4.235872
ham_tonly_n1_L4_nogeom_s2129768291,ham,tonly,1,4,0,2129768291,12,GGGGGGGGGGGG,run2,4.447885
ham_tonly_n1_L4_nogeom_s2129768291,ham,tonly,1,4,0,2129768291,12,GGGGGGGGGGGG,run3,4.013279
ham_tonly_n1_L4_nogeom_s2129768291,ham,tonly,1,4,0,2129768291,12,GGGGGGGGGGGG,run4,4.381270
ham_tonly_n1_L4_nogeom_s2129768291,ham,tonly,1,4,0,2129768291,12,GTCAGGATCTGA,run1,1.629462
ham_tonly_n1_L4_nogeom_s2129768291,ham,tonly,1,4,0,2129768291,12,GTCAGGATCTGA,run2,1.643500
ham_tonly_n1_L4_nogeom_s2129768291,ham,tonly,1,4,0,2129768291,12,GTCAGGATCTGA,run3,1.582902
ham_tonly_n1_L4_nogeom_s2129768291,ham,tonly,1,4,0,2129768291,12,GTCAGGATCTGA,run4,1.740722
ham_tonly_n1_L4_nogeom_s2129768291,ham,tonly,1,4,0,2129768291,16,GGATAGGCTTAGAATT,run1,0.924417
ham_tonly_n1_L4_nogeom_s2129768291,ham,tonly,1,4,0,2129768291,16,GGATAGGCTTAGAATT,run2,0.817722
ham_tonly_n1_L4_nogeom_s2129768291,ham,tonly,1,4,0,2129768291,16,GGATAGGCTTAGAATT,run3,0.958204
ham_tonly_n1_L4_nogeom_s2129768291,ham,tonly,1,4,0,2129768291,16,GGATAGGCTTAGAATT,run4,0.858334
ham_tonly_n1_L4_nogeom_s2129768291,ham,tonly,1,4,0,2129768291,16,GGGGGGGGGGGGGGGG,run1,5.500682
ham_tonly_n1_L4_nogeom_s2129768291,ham,tonly,1,4,0,2129768291,16,GGGGGGGGGGGGGGGG,run2,5.626379
ham_tonly_n1_L4_nogeom_s2129768291,ham,tonly,1,4,0,2129768291,16,GGGGGGGGGGGGGGGG,run3,5.356401
ham_tonly_n1_L4_nogeom_s2129768291,ham,tonly,1,4,0,2129768291,16,GGGGGGGGGGGGGGGG,run4,5.796948
ham_tonly_n1_L4_nogeom_s2129768291,ham,tonly,1,4,0,2129768291,16,GTCAGGATCTGACAGT,run1,1.549555
ham_tonly_n1_L4_nogeom_s2129768291,ham,tonly,1,4,0,2129768291,16,GTCAGGATCTGACAGT,run2,1.527541
ham_tonly_n1_L4_nogeom_s2129768291,ham,tonly,1,4,0,2129768291,16,GTCAGGATCTGACAGT,run3,1.740127
ham_tonly_n1_L4_nogeom_s2129768291,ham,tonly,1,4,0,2129768291,16,GTCAGGATCTGACAGT,run4,1.609637
ham_tonly_n1_L4_nogeom_s2129768291,ham,tonly,1,4,0,2129768291,16,TCAGTGCTAAGTCATG,run1,1.177687
ham_tonly_n1_L4_nogeom_s2129768291,ham,tonly,1,4,0,2129768291,16,TCAGTGCTAAGTCATG,run2,1.088553
ham_tonly_n1_L4_nogeom_s2129768291,ham,tonly,1,4,0,2129768291,16,TCAGTGCTAAGTCATG,run3,1.361743
ham_tonly_n1_L4_nogeom_s2129768291,ham,tonly,1,4,0,2129768291,16,TCAGTGCTAAGTCATG,run4,1.279488
ham_tonly_n1_L4_nogeom_s3731635825,ham,tonly,1,4,0,3731635825,12,ACTTGACAGTCA,run1,0.936614
ham_tonly_n1_L4_nogeom_s3731635825,ham,tonly,1,4,0,3731635825,12,ACTTGACAGTCA,run2,1.062371
ham_tonly_n1_L4_nogeom_s3731635825,ham,tonly,1,4,0,3731635825,12,ACTTGACAGTCA,run3,0.952085
ham_tonly_n1_L4_nogeom_s3731635825,ham,tonly,1,4,0,3731635825,12,ACTTGACAGTCA,run4,1.095718
ham_tonly_n1_L4_nogeom_s3731635825,ham,tonly,1,4,0,3731635825,12,ATATATATATAT,run1,1.107580
ham_tonly_n1_L4_nogeom_s3731635825,ham,tonly,1,4,0,3731635825,12,ATATATATATAT,run2,1.131823
ham_tonly_n1_L4_nogeom_s3731635825,ham,tonly,1,4,0,3731635825,12,ATATATATATAT,run3,0.841708
ham_tonly_n1_L4_nogeom_s3731635825,ham,tonly,1,4,0,3731635825,12,ATATATATATAT,run4,0.968272
ham_tonly_n1_L4_nogeom_s3731635825,ham,tonly,1,4,0,3731635825,12,GGGGGGGGGGGG,run1,5.389902
ham_tonly_n1_L4_nogeom_s3731635825,ham,tonly,1,4,0,3731635825,12,GGGGGGGGGGGG,run2,5.026590
ham_tonly_n1_L4_nogeom_s3731635825,ham,tonly,1,4,0,3731635825,12,GGGGGGGGGGGG,run3,5.086294
ham_tonly_n1_L4_nogeom_s3731635825,ham,tonly,1,4,0,3731635825,12,GGGGGGGGGGGG,run4,4.918798
ham_tonly_n1_L4_nogeom_s3731635825,ham,tonly,1,4,0,3731635825,12,GTCAGGATCTGA,run1,2.338738
ham_tonly_n1_L4_nogeom_s3731635825,ham,tonly,1,4,0,3731635825,12,GTCAGGATCTGA,run2,1.977501
ham_tonly_n1_L4_nogeom_s3731635825,ham,tonly,1,4,0,3731635825,12,GTCAGGATCTGA,run3,2.178703
ham_tonly_n1_L4_nogeom_s3731635825,ham,tonly,1,4,0,3731635825,12,GTCAGGATCTGA,run4,1.914641
ham_tonly_n1_L4_nogeom_s3731635825,ham,tonly,1,4,0,3731635825,16,GGATAGGCTTAGAATT,run1,1.114818
ham_tonly_n1_L4_nogeom_s3731635825,ham,tonly,1,4,0,3731635825,16,GGATAGGCTTAGAATT,run2,0.888053
ham_tonly_n1_L4_nogeom_s3731635825,ham,tonly,1,4,0,3731635825,16,GGATAGGCTTAGAATT,run3,1.082930
ham_tonly_n1_L4_nogeom_s3731635825,ham,tonly,1,4,0,3731635825,16,GGATAGGCTTAGAATT,run4,0.957967
ham_tonly_n1_L4_nogeom_s3731635825,ham,tonly,1,4,0,3731635825,16,GGGGGGGGGGGGGGGG,run1,6.647661
ham_tonly_n1_L4_nogeom_s3731635825,ham,tonly,1,4,0,3731635825,16,GGGGGGGGGGGGGGGG,run2,6.163777
ham_tonly_n1_L4_nogeom_s3731635825,ham,tonly,1,4,0,3731635825,16,GGGGGGGGGGGGGGGG,run3,6.443369
ham_tonly_n1_L4_nogeom_s3731635825,ham,tonly,1,4,0,3731635825,16,GGGGGGGGGGGGGGGG,run4,6.352623
ham_tonly_n1_L4_nogeom_s3731635825,ham,tonly,1,4,0,3731635825,16,GTCAGGATCTGACAGT,run1,2.288738
ham_tonly_n1_L4_nogeom_s3731635825,ham,tonly,1,4,0,3731635825,16,GTCAGGATCTGACAGT,run2,2.165290
ham_tonly_n1_L4_nogeom_s3731635825,ham,tonly,1,4,0,3731635825,16,GTCAGGATCTGACAGT,run3,2.443991
ham_tonly_n1_L4_nogeom_s3731635825,ham,tonly,1,4,0,3731635825,16,GTCAGGATCTGACAGT,run4,2.142071
ham_tonly_n1_L4_nogeom_s3731635825,ham,tonly,1,4,0,3731635825,16,TCAGTGCTAAGTCATG,run1,1.049084
ham_tonly_n1_L4_nogeom_s3731635825,ham,tonly,1,4,0,3731635825,16,TCAGTGCTAAGTCATG,run2,0.906733
ham_tonly_n1_L4_nogeom_s3731635825,ham,tonly,1,4,0,3731635825,16,TCAGTGCTAAGTCATG,run3,1.144790
ham_tonly_n1_L4_nogeom_s3731635825,ham,tonly,1,4,0,3731635825,16,TCAGTGCTAAGTCATG,run4,0.993644
ham_tonly_n2_L2_geom_s1179027592,ham,tonly,2,2,1,1179027592,12,ACTTGACAGTCA,run1,1.121306
ham_tonly_n2_L2_geom_s1179027592,ham,tonly,2,2,1,1179027592,12,ACTTGACAGTCA,run2,1.052328
ham_tonly_n2_L2_geom_s1179027592,ham,tonly,2,2,1,1179027592,12,ACTTGACAGTCA,run3,1.136046
ham_tonly_n2_L2_geom_s1179027592,ham,tonly,2,2,1,1179027592,12,ACTTGACAGTCA,run4,1.082054
ham_tonly_n2_L2_geom_s1179027592,ham,tonly,2,2,1,1179027592,12,ATATATATATAT,run1,5.628162
ham_tonly_n2_L2_geom_s1179027592,ham,tonly,2,2,1,1179027592,12,ATATATATATAT,run2,4.940714
ham_tonly_n2_L2_geom_s1179027592,ham,tonly,2,2,1,1179027592,12,ATATATATATAT,run3,5.342646
ham_tonly_n2_L2_geom_s1179027592,ham,tonly,2,2,1,1179027592,12,ATATATATATAT,run4,4.760080
ham_tonly_n2_L2_geom_s1179027592,ham,tonly,2,2,1,1179027592,12,GGGGGGGGGGGG,run1,3.992784
ham_tonly_n2_L2_geom_s1179027592,ham,tonly,2,2,1,1179027592,12,GGGGGGGGGGGG,run2,3.588723
ham_tonly_n2_L2_geom_s1179027592,ham,tonly,2,2,1,1179027592,12,GGGGGGGGGGGG,run3,4.024628
ham_tonly_n2_L2_geom_s1179027592,ham,tonly,2,2,1,1179027592,12,GGGGGGGGGGGG,run4,3.590359
ham_tonly_n2_L2_geom_s1179027592,ham,tonly,2,2,1,1179027592,12,GTCAGGATCTGA,run1,1.602832
ham_tonly_n2_L2_geom_s1179027592,ham,tonly,2,2,1,1179027592,12,GTCAGGATCTGA,run2,1.643503
ham_tonly_n2_L2_geom_s1179027592,ham,tonly,2,2,1,1179027592,12,GTCAGGATCTGA,run3,1.592026
ham_tonly_n2_L2_geom_s1179027592,ham,tonly,2,2,1,1179027592,12,GTCAGGATCTGA,run4,1.738635
ham_tonly_n2_L2_geom_s1179027592,ham,tonly,2,2,1,1179027592,16,GGATAGGCTTAGAATT,run1,1.046386
ham_tonly_n2_L2_geom_s1179027592,ham,tonly,2,2,1,1179027592,16,GGATAGGCTTAGAATT,run2,1.088855
ham_tonly_n2_L2_geom_s1179027592,ham,tonly,2,2,1,1179027592,16,GGATAGGCTTAGAATT,run3,1.187474
ham_tonly_n2_L2_geom_s1179027592,ham,tonly,2,2,1,1179027592,16,GGATAGGCTTAGAATT,run4,1.173467
ham_tonly_n2_L2_geom_s1179027592,ham,tonly,2,2,1,1179027592,16,GGGGGGGGGGGGGGGG,run1,5.179362
ham_tonly_n2_L2_geom_s1179027592,ham,tonly,2,2,1,1179027592,16,GGGGGGGGGGGGGGGG,run2,4.841730
ham_tonly_n2_L2_geom_s1179027592,ham,tonly,2,2,1,1179027592,16,GGGGGGGGGGGGGGGG,run3,5.059312
ham_tonly_n2_L2_geom_s1179027592,ham,tonly,2,2,1,1179027592,16,GGGGGGGGGGGGGGGG,run4,4.930020
ham_tonly_n2_L2_geom_s1179027592,ham,tonly,2,2,1,1179027592,16,GTCAGGATCTGACAGT,run1,1.578608
ham_tonly_n2_L2_geom_s1179027592,ham,tonly,2,2,1,1179027592,16,GTCAGGATCTGACAGT,run2,1.445804
ham_tonly_n2_L2_geom_s1179027592,ham,tonly,2,2,1,1179027592,16,GTCAGGATCTGACAGT,run3,1.772325
ham_tonly_n2_L2_geom_s1179027592,ham,tonly,2,2,1,1179027592,16,GTCAGGATCTGACAGT,run4,1.572941
ham_tonly_n2_L2_geom_s1179027592,ham,tonly,2,2,1,1179027592,16,TCAGTGCTAAGTCATG,run1,1.214882
ham_tonly_n2_L2_geom_s1179027592,ham,tonly,2,2,1,1179027592,16,TCAGTGCTAAGTCATG,run2,1.193421
ham_tonly_n2_L2_geom_s1179027592,ham,tonly,2,2,1,1179027592,16,TCAGTGCTAAGTCATG,run3,1.298597
ham_tonly_n2_L2_geom_s1179027592,ham,tonly,2,2,1,1179027592,16,TCAGTGCTAAGTCATG,run4,1.233848
ham_tonly_n2_L2_geom_s2129768291,ham,tonly,2,2,1,2129768291,12,ACTTGACAGTCA,run1,0.957788
ham_tonly_n2_L2_geom_s2129768291,ham,tonly,2,2,1,2129768291,12,ACTTGACAGTCA,run2,0.902435
ham_tonly_n2_L2_geom_s2129768291,ham,tonly,2,2,1,2129768291,12,ACTTGACAGTCA,run3,0.899002
ham_tonly_n2_L2_geom_s2129768291,ham,tonly,2,2,1,2129768291,12,ACTTGACAGTCA,run4,0.880088
ham_tonly_n2_L2_geom_s2129768291,ham,tonly,2,2,1,2129768291,12,ATATATATATAT,run1,5.328869
ham_tonly_n2_L2_geom_s2129768291,ham,tonly,2,2,1,2129768291,12,ATATATATATAT,run2,4.855651
ham_tonly_n2_L2_geom_s2129768291,ham,tonly,2,2,1,2129768291,12,ATATATATATAT,run3,5.470585
ham_tonly_n2_L2_geom_s2129768291,ham,tonly,2,2,1,2129768291,12,ATATATATATAT,run4,4.799013
ham_tonly_n2_L2_geom_s2129768291,ham,tonly,2,2,1,2129768291,12,GGGGGGGGGGGG,run1,4.351476
ham_tonly_n2_L2_geom_s2129768291,ham,tonly,2,2,1,2129768291,12,GGGGGGGGGGGG,run2,3.815180
ham_tonly_n2_L2_geom_s2129768291,ham,tonly,2,2,1,2129768291,12,GGGGGGGGGGGG,run3,4.274895
ham_tonly_n2_L2_geom_s2129768291,ham,tonly,2,2,1,2129768291,12,GGGGGGGGGGGG,run4,3.831365
ham_tonly_n2_L2_geom_s2129768291,ham,tonly,2,2,1,2129768291,12,GTCAGGATCTGA,run1,1.580610
ham_tonly_n2_L2_geom_s2129768291,ham,tonly,2,2,1,2129768291,12,GTCAGGATCTGA,run2,1.479694
ham_tonly_n2_L2_geom_s2129768291,ham,tonly,2,2,1,2129768291,12,GTCAGGATCTGA,run3,1.555273
ham_tonly_n2_L2_geom_s2129768291,ham,tonly,2,2,1,2129768291,12,GTCAGGATCTGA,run4,1.521656
ham_tonly_n2_L2_geom_s2129768291,ham,tonly,2,2,1,2129768291,16,GGATAGGCTTAGAATT,run1,1.074694
ham_tonly_n2_L2_geom_s2129768291,ham,tonly,2,2,1,2129768291,16,GGATAGGCTTAGAATT,run2,1.148226
ham_tonly_n2_L2_geom_s2129768291,ham,tonly,2,2,1,2129768291,16,GGATAGGCTTAGAATT,run3,1.166358
ham_tonly_n2_L2_geom_s2129768291,ham,tonly,2,2,1,2129768291,16,GGATAGGCTTAGAATT,run4,1.278473
ham_tonly_n2_L2_geom_s2129768291,ham,tonly,2,2,1,2129768291,16,GGGGGGGGGGGGGGGG,run1,5.534865
ham_tonly_n2_L2_geom_s2129768291,ham,tonly,2,2,1,2129768291,16,GGGGGGGGGGGGGGGG,run2,5.175103
ham_tonly_n2_L2_geom_s2129768291,ham,tonly,2,2,1,2129768291,16,GGGGGGGGGGGGGGGG,run3,5.427291
ham_tonly_n2_L2_geom_s2129768291,ham,tonly,2,2,1,2129768291,16,GGGGGGGGGGGGGGGG,run4,5.335634
ham_tonly_n2_L2_geom_s2129768291,ham,tonly,2,2,1,2129768291,16,GTCAGGATCTGACAGT,run1,1.575860
ham_tonly_n2_L2_geom_s2129768291,ham,tonly,2,2,1,2129768291,16,GTCAGGATCTGACAGT,run2,1.495025
ham_tonly_n2_L2_geom_s2129768291,ham,tonly,2,2,1,2129768291,16,GTCAGGATCTGACAGT,run3,1.758056
ham_tonly_n2_L2_geom_s2129768291,ham,tonly,2,2,1,2129768291,16,GTCAGGATCTGACAGT,run4,1.618451
ham_tonly_n2_L2_geom_s2129768291,ham,tonly,2,2,1,2129768291,16,TCAGTGCTAAGTCATG,run1,1.306689
ham_tonly_n2_L2_geom_s2129768291,ham,tonly,2,2,1,2129768291,16,TCAGTGCTAAGTCATG,run2,1.219064
ham_tonly_n2_L2_geom_s2129768291,ham,tonly,2,2,1,2129768291,16,TCAGTGCTAAGTCATG,run3,1.406442
ham_tonly_n2_L2_geom_s2129768291,ham,tonly,2,2,1,2129768291,16,TCAGTGCTAAGTCATG,run4,1.233261
ham_tonly_n2_L2_geom_s3731635825,ham,tonly,2,2,1,3731635825,12,ACTTGACAGTCA,run1,1.237916
ham_tonly_n2_L2_geom_s3731635825,ham,tonly,2,2,1,3731635825,12,ACTTGACAGTCA,run2,1.198991
ham_tonly_n2_L2_geom_s3731635825,ham,tonly,2,2,1,3731635825,12,ACTTGACAGTCA,run3,1.248322
ham_tonly_n2_L2_geom_s3731635825,ham,tonly,2,2,1,3731635825,12,ACTTGACAGTCA,run4,1.346433
ham_tonly_n2_L2_geom_s3731635825,ham,tonly,2,2,1,3731635825,12,ATATATATATAT,run1,2.223332
ham_tonly_n2_L2_geom_s3731635825,ham,tonly,2,2,1,3731635825,12,ATATATATATAT,run2,1.885124
ham_tonly_n2_L2_geom_s3731635825,ham,tonly,2,2,1,3731635825,12,ATATATATATAT,run3,1.880943
ham_tonly_n2_L2_geom_s3731635825,ham,tonly,2,2,1,3731635825,12,ATATATATATAT,run4,1.593480
ham_tonly_n2_L2_geom_s3731635825,ham,tonly,2,2,1,3731635825,12,GGGGGGGGGGGG,run1,4.935374
ham_tonly_n2_L2_geom_s3731635825,ham,tonly,2,2,1,3731635825,12,GGGGGGGGGGGG,run2,4.614064
ham_tonly_n2_L2_geom_s3731635825,ham,tonly,2,2,1,3731635825,12,GGGGGGGGGGGG,run3,4.640898
ham_tonly_n2_L2_geom_s3731635825,ham,tonly,2,2,1,3731635825,12,GGGGGGGGGGGG,run4,4.514229
ham_tonly_n2_L2_geom_s3731635825,ham,tonly,2,2,1,3731635825,12,GTCAGGATCTGA,run1,1.871518
ham_tonly_n2_L2_geom_s3731635825,ham,tonly,2,2,1,3731635825,12,GTCAGGATCTGA,run2,1.627025
ham_tonly_n2_L2_geom_s3731635825,ham,tonly,2,2,1,3731635825,12,GTCAGGATCTGA,run3,1.861151
ham_tonly_n2_L2_geom_s3731635825,ham,tonly,2,2,1,3731635825,12,GTCAGGATCTGA,run4,1.694910
ham_tonly_n2_L2_geom_s3731635825,ham,tonly,2,2,1,3731635825,16,GGATAGGCTTAGAATT,run1,1.113849
ham_tonly_n2_L2_geom_s3731635825,ham,tonly,2,2,1,3731635825,16,GGATAGGCTTAGAATT,run2,1.171251
ham_tonly_n2_L2_geom_s3731635825,ham,tonly,2,2,1,3731635825,16,GGATAGGCTTAGAATT,run3,1.170236
ham_tonly_n2_L2_geom_s3731635825,ham,tonly,2,2,1,3731635825,16,GGATAGGCTTAGAATT,run4,1.296433
ham_tonly_n2_L2_geom_s3731635825,ham,tonly,2,2,1,3731635825,16,GGGGGGGGGGGGGGGG,run1,5.948301
ham_tonly_n2_L2_geom_s3731635825,ham,tonly,2,2,1,3731635825,16,GGGGGGGGGGGGGGGG,run2,5.595737
ham_tonly_n2_L2_geom_s3731635825,ham,tonly,2,2,1,3731635825,16,GGGGGGGGGGGGGGGG,run3,5.727446
ham_tonly_n2_L2_geom_s3731635825,ham,tonly,2,2,1,3731635825,16,GGGGGGGGGGGGGGGG,run4,5.667181
ham_tonly_n2_L2_geom_s3731635825,ham,tonly,2,2,1,3731635825,16,GTCAGGATCTGACAGT,run1,1.668353
ham_tonly_n2_L2_geom_s3731635825,ham,tonly,2,2,1,3731635825,16,GTCAGGATCTGACAGT,run2,1.550883
ham_tonly_n2_L2_geom_s3731635825,ham,tonly,2,2,1,3731635825,16,GTCAGGATCTGACAGT,run3,1.932120
ham_tonly_n2_L2_geom_s3731635825,ham,tonly,2,2,1,3731635825,16,GTCAGGATCTGACAGT,run4,1.754906
ham_tonly_n2_L2_geom_s3731635825,ham,tonly,2,2,1,3731635825,16,TCAGTGCTAAGTCATG,run1,1.101895
ham_tonly_n2_L2_geom_s3731635825,ham,tonly,2,2,1,3731635825,16,TCAGTGCTAAGTCATG,run2,0.993928
ham_tonly_n2_L2_geom_s3731635825,ham,tonly,2,2,1,3731635825,16,TCAGTGCTAAGTCATG,run3,1.240937
ham_tonly_n2_L2_geom_s3731635825,ham,tonly,2,2,1,3731635825,16,TCAGTGCTAAGTCATG,run4,1.116754
ham_tonly_n2_L2_nogeom_s1179027592,ham,tonly,2,2,0,1179027592,12,ACTTGACAGTCA,run1,1.135299
ham_tonly_n2_L2_nogeom_s1179027592,ham,tonly,2,2,0,1179027592,12,ACTTGACAGTCA,run2,1.157452
ham_tonly_n2_L2_nogeom_s1179027592,ham,tonly,2,2,0,1179027592,12,ACTTGACAGTCA,run3,1.128294
ham_tonly_n2_L2_nogeom_s1179027592,ham,tonly,2,2,0,1179027592,12,ACTTGACAGTCA,run4,1.274302
ham_tonly_n2_L2_nogeom_s1179027592,ham,tonly,2,2,0,1179027592,12,ATATATATATAT,run1,5.937729
ham_tonly_n2_L2_nogeom_s1179027592,ham,tonly,2,2,0,1179027592,12,ATATATATATAT,run2,5.014239
ham_tonly_n2_L2_nogeom_s1179027592,ham,tonly,2,2,0,1179027592,12,ATATATATATAT,run3,5.466698
ham_tonly_n2_L2_nogeom_s1179027592,ham,tonly,2,2,0,1179027592,12,ATATATATATAT,run4,4.784450
ham_tonly_n2_L2_nogeom_s1179027592,ham,tonly,2,2,0,1179027592,12,GGGGGGGGGGGG,run1,4.331668
ham_tonly_n2_L2_nogeom_s1179027592,ham,tonly,2,2,0,1179027592,12,GGGGGGGGGGGG,run2,4.104046
ham_tonly_n2_L2_nogeom_s1179027592,ham,tonly,2,2,0,1179027592,12,GGGGGGGGGGGG,run3,4.122950
ham_tonly_n2_L2_nogeom_s1179027592,ham,tonly,2,2,0,1179027592,12,GGGGGGGGGGGG,run4,4.101923
ham_tonly_n2_L2_nogeom_s1179027592,ham,tonly,2,2,0,1179027592,12,GTCAGGATCTGA,run1,1.753185
ham_tonly_n2_L2_nogeom_s1179027592,ham,tonly,2,2,0,1179027592,12,GTCAGGATCTGA,run2,1.309932
ham_tonly_n2_L2_nogeom_s1179027592,ham,tonly,2,2,0,1179027592,12,GTCAGGATCTGA,run3,1.852477
ham_tonly_n2_L2_nogeom_s1179027592,ham,tonly,2,2,0,1179027592,12,GTCAGGATCTGA,run4,1.485385
ham_tonly_n2_L2_nogeom_s1179027592,ham,tonly,2,2,0,1179027592,16,GGATAGGCTTAGAATT,run1,0.686820
ham_tonly_n2_L2_nogeom_s1179027592,ham,tonly,2,2,0,1179027592,16,GGATAGGCTTAGAATT,run2,0.535844
ham_tonly_n2_L2_nogeom_s1179027592,ham,tonly,2,2,0,1179027592,16,GGATAGGCTTAGAATT,run3,0.602234
ham_tonly_n2_L2_nogeom_s1179027592,ham,tonly,2,2,0,1179027592,16,GGATAGGCTTAGAATT,run4,0.646654
ham_tonly_n2_L2_nogeom_s1179027592,ham,tonly,2,2,0,1179027592,16,GGGGGGGGGGGGGGGG,run1,5.673401
ham_tonly_n2_L2_nogeom_s1179027592,ham,tonly,2,2,0,1179027592,16,GGGGGGGGGGGGGGGG,run2,5.178411
ham_tonly_n2_L2_nogeom_s1179027592,ham,tonly,2,2,0,1179027592,16,GGGGGGGGGGGGGGGG,run3,5.515115
ham_tonly_n2_L2_nogeom_s1179027592,ham,tonly,2,2,0,1179027592,16,GGGGGGGGGGGGGGGG,run4,5.268820
ham_tonly_n2_L2_nogeom_s1179027592,ham,tonly,2,2,0,1179027592,16,GTCAGGATCTGACAGT,run1,1.887391
ham_tonly_n2_L2_nogeom_s1179027592,ham,tonly,2,2,0,1179027592,16,GTCAGGATCTGACAGT,run2,1.501707
ham_tonly_n2_L2_nogeom_s1179027592,ham,tonly,2,2,0,1179027592,16,GTCAGGATCTGACAGT,run3,2.301778
ham_tonly_n2_L2_nogeom_s1179027592,ham,tonly,2,2,0,1179027592,16,GTCAGGATCTGACAGT,run4,1.670568
ham_tonly_n2_L2_nogeom_s1179027592,ham,tonly,2,2,0,1179027592,16,TCAGTGCTAAGTCATG,run1,1.089211
ham_tonly_n2_L2_nogeom_s1179027592,ham,tonly,2,2,0,1179027592,16,TCAGTGCTAAGTCATG,run2,0.994502
ham_tonly_n2_L2_nogeom_s1179027592,ham,tonly,2,2,0,1179027592,16,TCAGTGCTAAGTCATG,run3,1.177086
ham_tonly_n2_L2_nogeom_s1179027592,ham,tonly,2,2,0,1179027592,16,TCAGTGCTAAGTCATG,run4,1.219669
ham_tonly_n2_L2_nogeom_s2129768291,ham,tonly,2,2,0,2129768291,12,ACTTGACAGTCA,run1,1.115391
ham_tonly_n2_L2_nogeom_s2129768291,ham,tonly,2,2,0,2129768291,12,ACTTGACAGTCA,run2,1.149585
ham_tonly_n2_L2_nogeom_s2129768291,ham,tonly,2,2,0,2129768291,12,ACTTGACAGTCA,run3,1.080529
ham_tonly_n2_L2_nogeom_s2129768291,ham,tonly,2,2,0,2129768291,12,ACTTGACAGTCA,run4,1.187329
ham_tonly_n2_L2_nogeom_s2129768291,ham,tonly,2,2,0,2129768291,12,ATATATATATAT,run1,3.895351
ham_tonly_n2_L2_nogeom_s2129768291,ham,tonly,2,2,0,2129768291,12,ATATATATATAT,run2,3.915551
ham_tonly_n2_L2_nogeom_s2129768291,ham,tonly,2,2,0,2129768291,12,ATATATATATAT,run3,3.753748
ham_tonly_n2_L2_nogeom_s2129768291,ham,tonly,2,2,0,2129768291,12,ATATATATATAT,run4,3.667057
ham_tonly_n2_L2_nogeom_s2129768291,ham,tonly,2,2,0,2129768291,12,GGGGGGGGGGGG,run1,3.800997
ham_tonly_n2_L2_nogeom_s2129768291,ham,tonly,2,2,0,2129768291,12,GGGGGGGGGGGG,run2,3.580423
ham_tonly_n2_L2_nogeom_s2129768291,ham,tonly,2,2,0,2129768291,12,GGGGGGGGGGGG,run3,3.629283
ham_tonly_n2_L2_nogeom_s2129768291,ham,tonly,2,2,0,2129768291,12,GGGGGGGGGGGG,run4,3.533261
ham_tonly_n2_L2_nogeom_s2129768291,ham,tonly,2,2,0,2129768291,12,GTCAGGATCTGA,run1,1.446545
ham_tonly_n2_L2_nogeom_s2129768291,ham,tonly,2,2,0,2129768291,12,GTCAGGATCTGA,run2,1.425351
ham_tonly_n2_L2_nogeom_s2129768291,ham,tonly,2,2,0,2129768291,12,GTCAGGATCTGA,run3,1.430699
ham_tonly_n2_L2_nogeom_s2129768291,ham,tonly,2,2,0,2129768291,12,GTCAGGATCTGA,run4,1.482108
ham_tonly_n2_L2_nogeom_s2129768291,ham,tonly,2,2,0,2129768291,16,GGATAGGCTTAGAATT,run1,0.982751
ham_tonly_n2_L2_nogeom_s2129768291,ham,tonly,2,2,0,2129768291,16,GGATAGGCTTAGAATT,run2,0.928171
ham_tonly_n2_L2_nogeom_s2129768291,ham,tonly,2,2,0,2129768291,16,GGATAGGCTTAGAATT,run3,1.050306
ham_tonly_n2_L2_nogeom_s2129768291,ham,tonly,2,2,0,2129768291,16,GGATAGGCTTAGAATT,run4,1.013487
ham_tonly_n2_L2_nogeom_s2129768291,ham,tonly,2,2,0,2129768291,16,GGGGGGGGGGGGGGGG,run1,5.047054
ham_tonly_n2_L2_nogeom_s2129768291,ham,tonly,2,2,0,2129768291,16,GGGGGGGGGGGGGGGG,run2,4.713775
ham_tonly_n2_L2_nogeom_s2129768291,ham,tonly,2,2,0,2129768291,16,GGGGGGGGGGGGGGGG,run3,4.944135
ham_tonly_n2_L2_nogeom_s2129768291,ham,tonly,2,2,0,2129768291,16,GGGGGGGGGGGGGGGG,run4,4.802990
ham_tonly_n2_L2_nogeom_s2129768291,ham,tonly,2,2,0,2129768291,16,GTCAGGATCTGACAGT,run1,1.567860
ham_tonly_n2_L2_nogeom_s2129768291,ham,tonly,2,2,0,2129768291,16,GTCAGGATCTGACAGT,run2,1.439933
ham_tonly_n2_L2_nogeom_s2129768291,ham,tonly,2,2,0,2129768291,16,GTCAGGATCTGACAGT,run3,1.763907
ham_tonly_n2_L2_nogeom_s2129768291,ham,tonly,2,2,0,2129768291,16,GTCAGGATCTGACAGT,run4,1.579030
ham_tonly_n2_L2_nogeom_s2129768291,ham,tonly,2,2,0,2129768291,16,TCAGTGCTAAGTCATG,run1,1.268022
ham_tonly_n2_L2_nogeom_s2129768291,ham,tonly,2,2,0,2129768291,16,TCAGTGCTAAGTCATG,run2,1.229645
ham_tonly_n2_L2_nogeom_s2129768291,ham,tonly,2,2,0,2129768291,16,TCAGTGCTAAGTCATG,run3,1.317747
ham_tonly_n2_L2_nogeom_s2129768291,ham,tonly,2,2,0,2129768291,16,TCAGTGCTAAGTCATG,run4,1.225634
ham_tonly_n2_L2_nogeom_s3731635825,ham,tonly,2,2,0,3731635825,12,ACTTGACAGTCA,run1,1.276844
ham_tonly_n2_L2_nogeom_s3731635825,ham,tonly,2,2,0,3731635825,12,ACTTGACAGTCA,run2,1.304923
ham_tonly_n2_L2_nogeom_s3731635825,ham,tonly,2,2,0,3731635825,12,ACTTGACAGTCA,run3,1.313708
ham_tonly_n2_L2_nogeom_s3731635825,ham,tonly,2,2,0,3731635825,12,ACTTGACAGTCA,run4,1.554011
ham_tonly_n2_L2_nogeom_s3731635825,ham,tonly,2,2,0,3731635825,12,ATATATATATAT,run1,3.944171
ham_tonly_n2_L2_nogeom_s3731635825,ham,tonly,2,2,0,3731635825,12,ATATATATATAT,run2,4.117158
ham_tonly_n2_L2_nogeom_s3731635825,ham,tonly,2,2,0,3731635825,12,ATATATATATAT,run3,3.892163
ham_tonly_n2_L2_nogeom_s3731635825,ham,tonly,2,2,0,3731635825,12,ATATATATATAT,run4,3.925826
ham_tonly_n2_L2_nogeom_s3731635825,ham,tonly,2,2,0,3731635825,12,GGGGGGGGGGGG,run1,4.332128
ham_tonly_n2_L2_nogeom_s3731635825,ham,tonly,2,2,0,3731635825,12,GGGGGGGGGGGG,run2,4.017087
ham_tonly_n2_L2_nogeom_s3731635825,ham,tonly,2,2,0,3731635825,12,GGGGGGGGGGGG,run3,4.437167
ham_tonly_n2_L2_nogeom_s3731635825,ham,tonly,2,2,0,3731635825,12,GGGGGGGGGGGG,run4,4.119397
ham_tonly_n2_L2_nogeom_s3731635825,ham,tonly,2,2,0,3731635825,12,GTCAGGATCTGA,run1,1.921897
ham_tonly_n2_L2_nogeom_s3731635825,ham,tonly,2,2,0,3731635825,12,GTCAGGATCTGA,run2,1.613197
ham_tonly_n2_L2_nogeom_s3731635825,ham,tonly,2,2,0,3731635825,12,GTCAGGATCTGA,run3,1.872653
ham_tonly_n2_L2_nogeom_s3731635825,ham,tonly,2,2,0,3731635825,12,GTCAGGATCTGA,run4,1.704521
ham_tonly_n2_L2_nogeom_s3731635825,ham,tonly,2,2,0,3731635825,16,GGATAGGCTTAGAATT,run1,0.966323
ham_tonly_n2_L2_nogeom_s3731635825,ham,tonly,2,2,0,3731635825,16,GGATAGGCTTAGAATT,run2,0.804495
ham_tonly_n2_L2_nogeom_s3731635825,ham,tonly,2,2,0,3731635825,16,GGATAGGCTTAGAATT,run3,1.054929
ham_tonly_n2_L2_nogeom_s3731635825,ham,tonly,2,2,0,3731635825,16,GGATAGGCTTAGAATT,run4,0.872893
ham_tonly_n2_L2_nogeom_s3731635825,ham,tonly,2,2,0,3731635825,16,GGGGGGGGGGGGGGGG,run1,5.079595
ham_tonly_n2_L2_nogeom_s3731635825,ham,tonly,2,2,0,3731635825,16,GGGGGGGGGGGGGGGG,run2,4.404334
ham_tonly_n2_L2_nogeom_s3731635825,ham,tonly,2,2,0,3731635825,16,GGGGGGGGGGGGGGGG,run3,5.521144
ham_tonly_n2_L2_nogeom_s3731635825,ham,tonly,2,2,0,3731635825,16,GGGGGGGGGGGGGGGG,run4,4.504096
ham_tonly_n2_L2_nogeom_s3731635825,ham,tonly,2,2,0,3731635825,16,GTCAGGATCTGACAGT,run1,1.504427
ham_tonly_n2_L2_nogeom_s3731635825,ham,tonly,2,2,0,3731635825,16,GTCAGGATCTGACAGT,run2,1.373609
ham_tonly_n2_L2_nogeom_s3731635825,ham,tonly,2,2,0,3731635825,16,GTCAGGATCTGACAGT,run3,1.677635
ham_tonly_n2_L2_nogeom_s3731635825,ham,tonly,2,2,0,3731635825,16,GTCAGGATCTGACAGT,run4,1.494539
ham_tonly_n2_L2_nogeom_s3731635825,ham,tonly,2,2,0,3731635825,16,TCAGTGCTAAGTCATG,run1,0.894592
ham_tonly_n2_L2_nogeom_s3731635825,ham,tonly,2,2,0,3731635825,16,TCAGTGCTAAGTCATG,run2,0.744153
ham_tonly_n2_L2_nogeom_s3731635825,ham,tonly,2,2,0,3731635825,16,TCAGTGCTAAGTCATG,run3,1.093822
ham_tonly_n2_L2_nogeom_s3731635825,ham,tonly,2,2,0,3731635825,16,TCAGTGCTAAGTCATG,run4,0.964165
ham_tonly_n2_L4_geom_s1179027592,ham,tonly,2,4,1,1179027592,12,ACTTGACAGTCA,run1,1.133651
ham_tonly_n2_L4_geom_s1179027592,ham,tonly,2,4,1,1179027592,12,ACTTGACAGTCA,run2,1.125336
ham_tonly_n2_L4_geom_s1179027592,ham,tonly,2,4,1,1179027592,12,ACTTGACAGTCA,run3,1.135745
ham_tonly_n2_L4_geom_s1179027592,ham,tonly,2,4,1,1179027592,12,ACTTGACAGTCA,run4,1.149684
ham_tonly_n2_L4_geom_s1179027592,ham,tonly,2,4,1,1179027592,12,ATATATATATAT,run1,2.802086
ham_tonly_n2_L4_geom_s1179027592,ham,tonly,2,4,1,1179027592,12,ATATATATATAT,run2,2.450759
ham_tonly_n2_L4_geom_s1179027592,ham,tonly,2,4,1,1179027592,12,ATATATATATAT,run3,2.688448
ham_tonly_n2_L4_geom_s1179027592,ham,tonly,2,4,1,1179027592,12,ATATATATATAT,run4,2.372656
ham_tonly_n2_L4_geom_s1179027592,ham,tonly,2,4,1,1179027592,12,GGGGGGGGGGGG,run1,3.913506
ham_tonly_n2_L4_geom_s1179027592,ham,tonly,2,4,1,1179027592,12,GGGGGGGGGGGG,run2,3.467823
ham_tonly_n2_L4_geom_s1179027592,ham,tonly,2,4,1,1179027592,12,GGGGGGGGGGGG,run3,3.741176
ham_tonly_n2_L4_geom_s1179027592,ham,tonly,2,4,1,1179027592,12,GGGGGGGGGGGG,run4,3.396509
ham_tonly_n2_L4_geom_s1179027592,ham,tonly,2,4,1,1179027592,12,GTCAGGATCTGA,run1,1.460046
ham_tonly_n2_L4_geom_s1179027592,ham,tonly,2,4,1,1179027592,12,GTCAGGATCTGA,run2,1.451922
ham_tonly_n2_L4_geom_s1179027592,ham,tonly,2,4,1,1179027592,12,GTCAGGATCTGA,run3,1.524023
ham_tonly_n2_L4_geom_s1179027592,ham,tonly,2,4,1,1179027592,12,GTCAGGATCTGA,run4,1.519361
ham_tonly_n2_L4_geom_s1179027592,ham,tonly,2,4,1,1179027592,16,GGATAGGCTTAGAATT,run1,1.592584
ham_tonly_n2_L4_geom_s1179027592,ham,tonly,2,4,1,1179027592,16,GGATAGGCTTAGAATT,run2,1.316774
ham_tonly_n2_L4_geom_s1179027592,ham,tonly,2,4,1,1179027592,16,GGATAGGCTTAGAATT,run3,1.633400
ham_tonly_n2_L4_geom_s1179027592,ham,tonly,2,4,1,1179027592,16,GGATAGGCTTAGAATT,run4,1.349488
ham_tonly_n2_L4_geom_s1179027592,ham,tonly,2,4,1,1179027592,16,GGGGGGGGGGGGGGGG,run1,5.150505
ham_tonly_n2_L4_geom_s1179027592,ham,tonly,2,4,1,1179027592,16,GGGGGGGGGGGGGGGG,run2,4.746411
ham_tonly_n2_L4_geom_s1179027592,ham,tonly,2,4,1,1179027592,16,GGGGGGGGGGGGGGGG,run3,5.036538
ham_tonly_n2_L4_geom_s1179027592,ham,tonly,2,4,1,1179027592,16,GGGGGGGGGGGGGGGG,run4,4.851739
ham_tonly_n2_L4_geom_s1179027592,ham,tonly,2,4,1,1179027592,16,GTCAGGATCTGACAGT,run1,1.587529
ham_tonly_n2_L4_geom_s1179027592,ham,tonly,2,4,1,1179027592,16,GTCAGGATCTGACAGT,run2,1.482743
ham_tonly_n2_L4_geom_s1179027592,ham,tonly,2,4,1,1179027592,16,GTCAGGATCTGACAGT,run3,1.787997
ham_tonly_n2_L4_geom_s1179027592,ham,tonly,2,4,1,1179027592,16,GTCAGGATCTGACAGT,run4,1.632756
ham_tonly_n2_L4_geom_s1179027592,ham,tonly,2,4,1,1179027592,16,TCAGTGCTAAGTCATG,run1,1.187229
ham_tonly_n2_L4_geom_s1179027592,ham,tonly,2,4,1,1179027592,16,TCAGTGCTAAGTCATG,run2,1.035173
ham_tonly_n2_L4_geom_s1179027592,ham,tonly,2,4,1,1179027592,16,TCAGTGCTAAGTCATG,run3,1.357141
ham_tonly_n2_L4_geom_s1179027592,ham,tonly,2,4,1,1179027592,16,TCAGTGCTAAGTCATG,run4,1.082338
ham_tonly_n2_L4_geom_s2129768291,ham,tonly,2,4,1,2129768291,12,ACTTGACAGTCA,run1,0.964108
ham_tonly_n2_L4_geom_s2129768291,ham,tonly,2,4,1,2129768291,12,ACTTGACAGTCA,run2,0.913106
ham_tonly_n2_L4_geom_s2129768291,ham,tonly,2,4,1,2129768291,12,ACTTGACAGTCA,run3,0.965874
ham_tonly_n2_L4_geom_s2129768291,ham,tonly,2,4,1,2129768291,12,ACTTGACAGTCA,run4,0.959951
ham_tonly_n2_L4_geom_s2129768291,ham,tonly,2,4,1,2129768291,12,ATATATATATAT,run1,2.038452
ham_tonly_n2_L4_geom_s2129768291,ham,tonly,2,4,1,2129768291,12,ATATATATATAT,run2,2.098284
ham_tonly_n2_L4_geom_s2129768291,ham,tonly,2,4,1,2129768291,12,ATATATATATAT,run3,1.852332
ham_tonly_n2_L4_geom_s2129768291,ham,tonly,2,4,1,2129768291,12,ATATATATATAT,run4,1.897393
ham_tonly_n2_L4_geom_s2129768291,ham,tonly,2,4,1,2129768291,12,GGGGGGGGGGGG,run1,5.055306
ham_tonly_n2_L4_geom_s2129768291,ham,tonly,2,4,1,2129768291,12,GGGGGGGGGGGG,run2,4.785908
ham_tonly_n2_L4_geom_s2129768291,ham,tonly,2,4,1,2129768291,12,GGGGGGGGGGGG,run3,4.803259
ham_tonly_n2_L4_geom_s2129768291,ham,tonly,2,4,1,2129768291,12,GGGGGGGGGGGG,run4,4.706008
ham_tonly_n2_L4_geom_s2129768291,ham,tonly,2,4,1,2129768291,12,GTCAGGATCTGA,run1,1.791517
ham_tonly_n2_L4_geom_s2129768291,ham,tonly,2,4,1,2129768291,12,GTCAGGATCTGA,run2,1.458627
ham_tonly_n2_L4_geom_s2129768291,ham,tonly,2,4,1,2129768291,12,GTCAGGATCTGA,run3,1.653120
ham_tonly_n2_L4_geom_s2129768291,ham,tonly,2,4,1,2129768291,12,GTCAGGATCTGA,run4,1.473365
ham_tonly_n2_L4_geom_s2129768291,ham,tonly,2,4,1,2129768291,16,GGATAGGCTTAGAATT,run1,1.112249
ham_tonly_n2_L4_geom_s2129768291,ham,tonly,2,4,1,2129768291,16,GGATAGGCTTAGAATT,run2,1.046699
ham_tonly_n2_L4_geom_s2129768291,ham,tonly,2,4,1,2129768291,16,GGATAGGCTTAGAATT,run3,1.199264
ham_tonly_n2_L4_geom_s2129768291,ham,tonly,2,4,1,2129768291,16,GGATAGGCTTAGAATT,run4,1.118934
ham_tonly_n2_L4_geom_s2129768291,ham,tonly,2,4,1,2129768291,16,GGGGGGGGGGGGGGGG,run1,6.677365
ham_tonly_n2_L4_geom_s2129768291,ham,tonly,2,4,1,2129768291,16,GGGGGGGGGGGGGGGG,run2,6.197316
ham_tonly_n2_L4_geom_s2129768291,ham,tonly,2,4,1,2129768291,16,GGGGGGGGGGGGGGGG,run3,6.618438
ham_tonly_n2_L4_geom_s2129768291,ham,tonly,2,4,1,2129768291,16,GGGGGGGGGGGGGGGG,run4,6.502928
ham_tonly_n2_L4_geom_s2129768291,ham,tonly,2,4,1,2129768291,16,GTCAGGATCTGACAGT,run1,1.624195
ham_tonly_n2_L4_geom_s2129768291,ham,tonly,2,4,1,2129768291,16,GTCAGGATCTGACAGT,run2,1.531266
ham_tonly_n2_L4_geom_s2129768291,ham,tonly,2,4,1,2129768291,16,GTCAGGATCTGACAGT,run3,1.814752
ham_tonly_n2_L4_geom_s2129768291,ham,tonly,2,4,1,2129768291,16,GTCAGGATCTGACAGT,run4,1.546056
ham_tonly_n2_L4_geom_s2129768291,ham,tonly,2,4,1,2129768291,16,TCAGTGCTAAGTCATG,run1,1.043602
ham_tonly_n2_L4_geom_s2129768291,ham,tonly,2,4,1,2129768291,16,TCAGTGCTAAGTCATG,run2,0.937832
ham_tonly_n2_L4_geom_s2129768291,ham,tonly,2,4,1,2129768291,16,TCAGTGCTAAGTCATG,run3,1.169858
ham_tonly_n2_L4_geom_s2129768291,ham,tonly,2,4,1,2129768291,16,TCAGTGCTAAGTCATG,run4,1.023535
ham_tonly_n2_L4_geom_s3731635825,ham,tonly,2,4,1,3731635825,12,ACTTGACAGTCA,run1,0.977957
ham_tonly_n2_L4_geom_s3731635825,ham,tonly,2,4,1,3731635825,12,ACTTGACAGTCA,run2,0.904396
ham_tonly_n2_L4_geom_s3731635825,ham,tonly,2,4,1,3731635825,12,ACTTGACAGTCA,run3,1.008854
ham_tonly_n2_L4_geom_s3731635825,ham,tonly,2,4,1,3731635825,12,ACTTGACAGTCA,run4,0.920390
ham_tonly_n2_L4_geom_s3731635825,ham,tonly,2,4,1,3731635825,12,ATATATATATAT,run1,3.738237
ham_tonly_n2_L4_geom_s3731635825,ham,tonly,2,4,1,3731635825,12,ATATATATATAT,run2,4.080003
ham_tonly_n2_L4_geom_s3731635825,ham,tonly,2,4,1,3731635825,12,ATATATATATAT,run3,3.452478
ham_tonly_n2_L4_geom_s3731635825,ham,tonly,2,4,1,3731635825,12,ATATATATATAT,run4,3.770658
ham_tonly_n2_L4_geom_s3731635825,ham,tonly,2,4,1,3731635825,12,GGGGGGGGGGGG,run1,3.632729
ham_tonly_n2_L4_geom_s3731635825,ham,tonly,2,4,1,3731635825,12,GGGGGGGGGGGG,run2,3.758343
ham_tonly_n2_L4_geom_s3731635825,ham,tonly,2,4,1,3731635825,12,GGGGGGGGGGGG,run3,3.503917
ham_tonly_n2_L4_geom_s3731635825,ham,tonly,2,4,1,3731635825,12,GGGGGGGGGGGG,run4,3.686725
ham_tonly_n2_L4_geom_s3731635825,ham,tonly,2,4,1,3731635825,12,GTCAGGATCTGA,run1,1.383448
ham_tonly_n2_L4_geom_s3731635825,ham,tonly,2,4,1,3731635825,12,GTCAGGATCTGA,run2,1.318701
ham_tonly_n2_L4_geom_s3731635825,ham,tonly,2,4,1,3731635825,12,GTCAGGATCTGA,run3,1.403003
ham_tonly_n2_L4_geom_s3731635825,ham,tonly,2,4,1,3731635825,12,GTCAGGATCTGA,run4,1.415084
ham_tonly_n2_L4_geom_s3731635825,ham,tonly,2,4,1,3731635825,16,GGATAGGCTTAGAATT,run1,1.655120
ham_tonly_n2_L4_geom_s3731635825,ham,tonly,2,4,1,3731635825,16,GGATAGGCTTAGAATT,run2,1.367761
ham_tonly_n2_L4_geom_s3731635825,ham,tonly,2,4,1,3731635825,16,GGATAGGCTTAGAATT,run3,1.783752
ham_tonly_n2_L4_geom_s3731635825,ham,tonly,2,4,1,3731635825,16,GGATAGGCTTAGAATT,run4,1.454674
ham_tonly_n2_L4_geom_s3731635825,ham,tonly,2,4,1,3731635825,16,GGGGGGGGGGGGGGGG,run1,4.833803
ham_tonly_n2_L4_geom_s3731635825,ham,tonly,2,4,1,3731635825,16,GGGGGGGGGGGGGGGG,run2,4.931917
ham_tonly_n2_L4_geom_s3731635825,ham,tonly,2,4,1,3731635825,16,GGGGGGGGGGGGGGGG,run3,4.838196
ham_tonly_n2_L4_geom_s3731635825,ham,tonly,2,4,1,3731635825,16,GGGGGGGGGGGGGGGG,run4,5.103421
ham_tonly_n2_L4_geom_s3731635825,ham,tonly,2,4,1,3731635825,16,GTCAGGATCTGACAGT,run1,1.583247
ham_tonly_n2_L4_geom_s3731635825,ham,tonly,2,4,1,3731635825,16,GTCAGGATCTGACAGT,run2,1.521471
ham_tonly_n2_L4_geom_s3731635825,ham,tonly,2,4,1,3731635825,16,GTCAGGATCTGACAGT,run3,1.816544
ham_tonly_n2_L4_geom_s3731635825,ham,tonly,2,4,1,3731635825,16,GTCAGGATCTGACAGT,run4,1.641478
ham_tonly_n2_L4_geom_s3731635825,ham,tonly,2,4,1,3731635825,16,TCAGTGCTAAGTCATG,run1,1.477155
ham_tonly_n2_L4_geom_s3731635825,ham,tonly,2,4,1,3731635825,16,TCAGTGCTAAGTCATG,run2,1.373655
ham_tonly_n2_L4_geom_s3731635825,ham,tonly,2,4,1,3731635825,16,TCAGTGCTAAGTCATG,run3,1.598791
ham_tonly_n2_L4_geom_s3731635825,ham,tonly,2,4,1,3731635825,16,TCAGTGCTAAGTCATG,run4,1.381251
ham_tonly_n2_L4_nogeom_s1179027592,ham,tonly,2,4,0,1179027592,12,ACTTGACAGTCA,run1,0.751452
ham_tonly_n2_L4_nogeom_s1179027592,ham,tonly,2,4,0,1179027592,12,ACTTGACAGTCA,run2,0.800728
ham_tonly_n2_L4_nogeom_s1179027592,ham,tonly,2,4,0,1179027592,12,ACTTGACAGTCA,run3,0.799792
ham_tonly_n2_L4_nogeom_s1179027592,ham,tonly,2,4,0,1179027592,12,ACTTGACAGTCA,run4,0.849810
ham_tonly_n2_L4_nogeom_s1179027592,ham,tonly,2,4,0,1179027592,12,ATATATATATAT,run1,1.721515
ham_tonly_n2_L4_nogeom_s1179027592,ham,tonly,2,4,0,1179027592,12,ATATATATATAT,run2,1.472802
ham_tonly_n2_L4_nogeom_s1179027592,ham,tonly,2,4,0,1179027592,12,ATATATATATAT,run3,1.633215
ham_tonly_n2_L4_nogeom_s1179027592,ham,tonly,2,4,0,1179027592,12,ATATATATATAT,run4,1.444186
ham_tonly_n2_L4_nogeom_s1179027592,ham,tonly,2,4,0,1179027592,12,GGGGGGGGGGGG,run1,4.029804
ham_tonly_n2_L4_nogeom_s1179027592,ham,tonly,2,4,0,1179027592,12,GGGGGGGGGGGG,run2,3.480636
ham_tonly_n2_L4_nogeom_s1179027592,ham,tonly,2,4,0,1179027592,12,GGGGGGGGGGGG,run3,3.778397
ham_tonly_n2_L4_nogeom_s1179027592,ham,tonly,2,4,0,1179027592,12,GGGGGGGGGGGG,run4,3.458968
ham_tonly_n2_L4_nogeom_s1179027592,ham,tonly,2,4,0,1179027592,12,GTCAGGATCTGA,run1,1.732559
ham_tonly_n2_L4_nogeom_s1179027592,ham,tonly,2,4,0,1179027592,12,GTCAGGATCTGA,run2,1.550719
ham_tonly_n2_L4_nogeom_s1179027592,ham,tonly,2,4,0,1179027592,12,GTCAGGATCTGA,run3,1.739286
ham_tonly_n2_L4_nogeom_s1179027592,ham,tonly,2,4,0,1179027592,12,GTCAGGATCTGA,run4,1.537653
ham_tonly_n2_L4_nogeom_s1179027592,ham,tonly,2,4,0,1179027592,16,GGATAGGCTTAGAATT,run1,0.965537
ham_tonly_n2_L4_nogeom_s1179027592,ham,tonly,2,4,0,1179027592,16,GGATAGGCTTAGAATT,run2,1.022359
ham_tonly_n2_L4_nogeom_s1179027592,ham,tonly,2,4,0,1179027592,16,GGATAGGCTTAGAATT,run3,0.975214
ham_tonly_n2_L4_nogeom_s1179027592,ham,tonly,2,4,0,1179027592,16,GGATAGGCTTAGAATT,run4,1.023599
ham_tonly_n2_L4_nogeom_s1179027592,ham,tonly,2,4,0,1179027592,16,GGGGGGGGGGGGGGGG,run1,4.672310
ham_tonly_n2_L4_nogeom_s1179027592,ham,tonly,2,4,0,1179027592,16,GGGGGGGGGGGGGGGG,run2,4.046541
ham_tonly_n2_L4_nogeom_s1179027592,ham,tonly,2,4,0,1179027592,16,GGGGGGGGGGGGGGGG,run3,4.654492
ham_tonly_n2_L4_nogeom_s1179027592,ham,tonly,2,4,0,1179027592,16,GGGGGGGGGGGGGGGG,run4,4.112352
ham_tonly_n2_L4_nogeom_s1179027592,ham,tonly,2,4,0,1179027592,16,GTCAGGATCTGACAGT,run1,1.484306
ham_tonly_n2_L4_nogeom_s1179027592,ham,tonly,2,4,0,1179027592,16,GTCAGGATCTGACAGT,run2,1.386435
ham_tonly_n2_L4_nogeom_s1179027592,ham,tonly,2,4,0,1179027592,16,GTCAGGATCTGACAGT,run3,1.622456
ham_tonly_n2_L4_nogeom_s1179027592,ham,tonly,2,4,0,1179027592,16,GTCAGGATCTGACAGT,run4,1.444815
ham_tonly_n2_L4_nogeom_s1179027592,ham,tonly,2,4,0,1179027592,16,TCAGTGCTAAGTCATG,run1,1.019559
ham_tonly_n2_L4_nogeom_s1179027592,ham,tonly,2,4,0,1179027592,16,TCAGTGCTAAGTCATG,run2,1.057816
ham_tonly_n2_L4_nogeom_s1179027592,ham,tonly,2,4,0,1179027592,16,TCAGTGCTAAGTCATG,run3,1.284295
ham_tonly_n2_L4_nogeom_s1179027592,ham,tonly,2,4,0,1179027592,16,TCAGTGCTAAGTCATG,run4,1.129640
ham_tonly_n2_L4_nogeom_s2129768291,ham,tonly,2,4,0,2129768291,12,ACTTGACAGTCA,run1,0.931871
ham_tonly_n2_L4_nogeom_s2129768291,ham,tonly,2,4,0,2129768291,12,ACTTGACAGTCA,run2,0.896542
ham_tonly_n2_L4_nogeom_s2129768291,ham,tonly,2,4,0,2129768291,12,ACTTGACAGTCA,run3,0.843245
ham_tonly_n2_L4_nogeom_s2129768291,ham,tonly,2,4,0,2129768291,12,ACTTGACAGTCA,run4,0.908524
ham_tonly_n2_L4_nogeom_s2129768291,ham,tonly,2,4,0,2129768291,12,ATATATATATAT,run1,3.822242
ham_tonly_n2_L4_nogeom_s2129768291,ham,tonly,2,4,0,2129768291,12,ATATATATATAT,run2,3.949782
ham_tonly_n2_L4_nogeom_s2129768291,ham,tonly,2,4,0,2129768291,12,ATATATATATAT,run3,3.536424
ham_tonly_n2_L4_nogeom_s2129768291,ham,tonly,2,4,0,2129768291,12,ATATATATATAT,run4,3.653749
ham_tonly_n2_L4_nogeom_s2129768291,ham,tonly,2,4,0,2129768291,12,GGGGGGGGGGGG,run1,3.939777
ham_tonly_n2_L4_nogeom_s2129768291,ham,tonly,2,4,0,2129768291,12,GGGGGGGGGGGG,run2,3.502774
ham_tonly_n2_L4_nogeom_s2129768291,ham,tonly,2,4,0,2129768291,12,GGGGGGGGGGGG,run3,3.776940
ham_tonly_n2_L4_nogeom_s2129768291,ham,tonly,2,4,0,2129768291,12,GGGGGGGGGGGG,run4,3.441820
ham_tonly_n2_L4_nogeom_s2129768291,ham,tonly,2,4,0,2129768291,12,GTCAGGATCTGA,run1,1.457415
ham_tonly_n2_L4_nogeom_s2129768291,ham,tonly,2,4,0,2129768291,12,GTCAGGATCTGA,run2,1.389356
ham_tonly_n2_L4_nogeom_s2129768291,ham,tonly,2,4,0,2129768291,12,GTCAGGATCTGA,run3,1.459777
ham_tonly_n2_L4_nogeom_s2129768291,ham,tonly,2,4,0,2129768291,12,GTCAGGATCTGA,run4,1.479304
ham_tonly_n2_L4_nogeom_s2129768291,ham,tonly,2,4,0,2129768291,16,GGATAGGCTTAGAATT,run1,1.231897
ham_tonly_n2_L4_nogeom_s2129768291,ham,tonly,2,4,0,2129768291,16,GGATAGGCTTAGAATT,run2,1.217826
ham_tonly_n2_L4_nogeom_s2129768291,ham,tonly,2,4,0,2129768291,16,GGATAGGCTTAGAATT,run3,1.319284
ham_tonly_n2_L4_nogeom_s2129768291,ham,tonly,2,4,0,2129768291,16,GGATAGGCTTAGAATT,run4,1.362545
ham_tonly_n2_L4_nogeom_s2129768291,ham,tonly,2,4,0,2129768291,16,GGGGGGGGGGGGGGGG,run1,5.141572
ham_tonly_n2_L4_nogeom_s2129768291,ham,tonly,2,4,0,2129768291,16,GGGGGGGGGGGGGGGG,run2,4.778588
ham_tonly_n2_L4_nogeom_s2129768291,ham,tonly,2,4,0,2129768291,16,GGGGGGGGGGGGGGGG,run3,5.044129
ham_tonly_n2_L4_nogeom_s2129768291,ham,tonly,2,4,0,2129768291,16,GGGGGGGGGGGGGGGG,run4,4.877203
ham_tonly_n2_L4_nogeom_s2129768291,ham,tonly,2,4,0,2129768291,16,GTCAGGATCTGACAGT,run1,1.629036
ham_tonly_n2_L4_nogeom_s2129768291,ham,tonly,2,4,0,2129768291,16,GTCAGGATCTGACAGT,run2,1.480196
ham_tonly_n2_L4_nogeom_s2129768291,ham,tonly,2,4,0,2129768291,16,GTCAGGATCTGACAGT,run3,1.815778
ham_tonly_n2_L4_nogeom_s2129768291,ham,tonly,2,4,0,2129768291,16,GTCAGGATCTGACAGT,run4,1.621781
ham_tonly_n2_L4_nogeom_s2129768291,ham,tonly,2,4,0,2129768291,16,TCAGTGCTAAGTCATG,run1,1.568263
ham_tonly_n2_L4_nogeom_s2129768291,ham,tonly,2,4,0,2129768291,16,TCAGTGCTAAGTCATG,run2,1.167122
ham_tonly_n2_L4_nogeom_s2129768291,ham,tonly,2,4,0,2129768291,16,TCAGTGCTAAGTCATG,run3,1.638539
ham_tonly_n2_L4_nogeom_s2129768291,ham,tonly,2,4,0,2129768291,16,TCAGTGCTAAGTCATG,run4,1.197858
ham_tonly_n2_L4_nogeom_s3731635825,ham,tonly,2,4,0,3731635825,12,ACTTGACAGTCA,run1,1.059516
ham_tonly_n2_L4_nogeom_s3731635825,ham,tonly,2,4,0,3731635825,12,ACTTGACAGTCA,run2,1.188296
ham_tonly_n2_L4_nogeom_s3731635825,ham,tonly,2,4,0,3731635825,12,ACTTGACAGTCA,run3,1.002694
ham_tonly_n2_L4_nogeom_s3731635825,ham,tonly,2,4,0,3731635825,12,ACTTGACAGTCA,run4,1.200866
ham_tonly_n2_L4_nogeom_s3731635825,ham,tonly,2,4,0,3731635825,12,ATATATATATAT,run1,1.238263
ham_tonly_n2_L4_nogeom_s3731635825,ham,tonly,2,4,0,3731635825,12,ATATATATATAT,run2,1.473058
ham_tonly_n2_L4_nogeom_s3731635825,ham,tonly,2,4,0,3731635825,12,ATATATATATAT,run3,1.191543
ham_tonly_n2_L4_nogeom_s3731635825,ham,tonly,2,4,0,3731635825,12,ATATATATATAT,run4,1.464261
ham_tonly_n2_L4_nogeom_s3731635825,ham,tonly,2,4,0,3731635825,12,GGGGGGGGGGGG,run1,4.047550
ham_tonly_n2_L4_nogeom_s3731635825,ham,tonly,2,4,0,3731635825,12,GGGGGGGGGGGG,run2,4.240275
ham_tonly_n2_L4_nogeom_s3731635825,ham,tonly,2,4,0,3731635825,12,GGGGGGGGGGGG,run3,3.836270
ham_tonly_n2_L4_nogeom_s3731635825,ham,tonly,2,4,0,3731635825,12,GGGGGGGGGGGG,run4,4.177441
ham_tonly_n2_L4_nogeom_s3731635825,ham,tonly,2,4,0,3731635825,12,GTCAGGATCTGA,run1,1.895493
ham_tonly_n2_L4_nogeom_s3731635825,ham,tonly,2,4,0,3731635825,12,GTCAGGATCTGA,run2,1.616733
ham_tonly_n2_L4_nogeom_s3731635825,ham,tonly,2,4,0,3731635825,12,GTCAGGATCTGA,run3,1.816581
ham_tonly_n2_L4_nogeom_s3731635825,ham,tonly,2,4,0,3731635825,12,GTCAGGATCTGA,run4,1.630187
ham_tonly_n2_L4_nogeom_s3731635825,ham,tonly,2,4,0,3731635825,16,GGATAGGCTTAGAATT,run1,1.308778
ham_tonly_n2_L4_nogeom_s3731635825,ham,tonly,2,4,0,3731635825,16,GGATAGGCTTAGAATT,run2,1.149232
ham_tonly_n2_L4_nogeom_s3731635825,ham,tonly,2,4,0,3731635825,16,GGATAGGCTTAGAATT,run3,1.309619
ham_tonly_n2_L4_nogeom_s3731635825,ham,tonly,2,4,0,3731635825,16,GGATAGGCTTAGAATT,run4,1.195728
ham_tonly_n2_L4_nogeom_s3731635825,ham,tonly,2,4,0,3731635825,16,GGGGGGGGGGGGGGGG,run1,4.812004
ham_tonly_n2_L4_nogeom_s3731635825,ham,tonly,2,4,0,3731635825,16,GGGGGGGGGGGGGGGG,run2,4.874226
ham_tonly_n2_L4_nogeom_s3731635825,ham,tonly,2,4,0,3731635825,16,GGGGGGGGGGGGGGGG,run3,4.763266
ham_tonly_n2_L4_nogeom_s3731635825,ham,tonly,2,4,0,3731635825,16,GGGGGGGGGGGGGGGG,run4,4.885135
ham_tonly_n2_L4_nogeom_s3731635825,ham,tonly,2,4,0,3731635825,16,GTCAGGATCTGACAGT,run1,1.575070
ham_tonly_n2_L4_nogeom_s3731635825,ham,tonly,2,4,0,3731635825,16,GTCAGGATCTGACAGT,run2,1.404261
ham_tonly_n2_L4_nogeom_s3731635825,ham,tonly,2,4,0,3731635825,16,GTCAGGATCTGACAGT,run3,1.778058
ham_tonly_n2_L4_nogeom_s3731635825,ham,tonly,2,4,0,3731635825,16,GTCAGGATCTGACAGT,run4,1.455115
ham_tonly_n2_L4_nogeom_s3731635825,ham,tonly,2,4,0,3731635825,16,TCAGTGCTAAGTCATG,run1,0.878791
ham_tonly_n2_L4_nogeom_s3731635825,ham,tonly,2,4,0,3731635825,16,TCAGTGCTAAGTCATG,run2,0.830232
ham_tonly_n2_L4_nogeom_s3731635825,ham,tonly,2,4,0,3731635825,16,TCAGTGCTAAGTCATG,run3,1.009509
ham_tonly_n2_L4_nogeom_s3731635825,ham,tonly,2,4,0,3731635825,16,TCAGTGCTAAGTCATG,run4,1.055840
